{"features": "bert-pp-pos", "classifier": "DecisionTreeClassifier", "folds": {"3": {"report": {"False": {"precision": 0.9067288474350433, "recall": 0.9088480801335559, "f1-score": 0.9077872269468067, "support": 2995}, "True": {"precision": 0.7264529058116233, "recall": 0.7213930348258707, "f1-score": 0.7239141288067898, "support": 1005}, "accuracy": 0.86175, "macro avg": {"precision": 0.8165908766233333, "recall": 0.8151205574797133, "f1-score": 0.8158506778767982, "support": 4000}, "weighted avg": {"precision": 0.8614345171021591, "recall": 0.86175, "f1-score": 0.8615891110391275, "support": 4000}}, "confusion-matrix": [[2722, 273], [280, 725]]}, "1": {"report": {"False": {"precision": 0.9100404312668463, "recall": 0.9042517576163375, "f1-score": 0.907136859781696, "support": 2987}, "True": {"precision": 0.7228682170542635, "recall": 0.736426456071076, "f1-score": 0.7295843520782396, "support": 1013}, "accuracy": 0.86175, "macro avg": {"precision": 0.8164543241605549, "recall": 0.8203391068437067, "f1-score": 0.8183606059299677, "support": 4000}, "weighted avg": {"precision": 0.8626390680175098, "recall": 0.86175, "f1-score": 0.8621716872057957, "support": 4000}}, "confusion-matrix": [[2701, 286], [267, 746]]}, "4": {"report": {"False": {"precision": 0.9105664127194435, "recall": 0.9126826029216467, "f1-score": 0.9116232797214392, "support": 3012}, "True": {"precision": 0.7319062181447502, "recall": 0.7267206477732794, "f1-score": 0.7293042153377349, "support": 988}, "accuracy": 0.86675, "macro avg": {"precision": 0.8212363154320969, "recall": 0.819701625347463, "f1-score": 0.8204637475295871, "support": 4000}, "weighted avg": {"precision": 0.8664373446594942, "recall": 0.86675, "f1-score": 0.8665904708186642, "support": 4000}}, "confusion-matrix": [[2749, 263], [270, 718]]}, "6": {"report": {"False": {"precision": 0.9142952795446937, "recall": 0.9058043117744611, "f1-score": 0.9100299900033323, "support": 3015}, "True": {"precision": 0.71964461994077, "recall": 0.7401015228426396, "f1-score": 0.7297297297297298, "support": 985}, "accuracy": 0.865, "macro avg": {"precision": 0.8169699497427318, "recall": 0.8229529173085504, "f1-score": 0.8198798598665311, "support": 4000}, "weighted avg": {"precision": 0.8663625546172274, "recall": 0.865, "f1-score": 0.8656310509109577, "support": 4000}}, "confusion-matrix": [[2731, 284], [256, 729]]}, "7": {"report": {"False": {"precision": 0.909121395036888, "recall": 0.9115669132481506, "f1-score": 0.9103425117528543, "support": 2974}, "True": {"precision": 0.7416502946954814, "recall": 0.7358674463937622, "f1-score": 0.7387475538160471, "support": 1026}, "accuracy": 0.8665, "macro avg": {"precision": 0.8253858448661847, "recall": 0.8237171798209564, "f1-score": 0.8245450327844507, "support": 4000}, "weighted avg": {"precision": 0.8661650577993172, "recall": 0.8665, "f1-score": 0.8663284050420633, "support": 4000}}, "confusion-matrix": [[2711, 263], [271, 755]]}, "2": {"report": {"False": {"precision": 0.9128989361702128, "recall": 0.9125955466932536, "f1-score": 0.9127472162207079, "support": 3009}, "True": {"precision": 0.7348790322580645, "recall": 0.7356205852674067, "f1-score": 0.7352496217851741, "support": 991}, "accuracy": 0.86875, "macro avg": {"precision": 0.8238889842141386, "recall": 0.8241080659803302, "f1-score": 0.823998419002941, "support": 4000}, "weighted avg": {"precision": 0.868794504975978, "recall": 0.86875, "f1-score": 0.8687721871993044, "support": 4000}}, "confusion-matrix": [[2746, 263], [262, 729]]}, "5": {"report": {"False": {"precision": 0.9115422558368957, "recall": 0.9197080291970803, "f1-score": 0.915606936416185, "support": 3014}, "True": {"precision": 0.7476538060479666, "recall": 0.7271805273833671, "f1-score": 0.7372750642673522, "support": 986}, "accuracy": 0.87225, "macro avg": {"precision": 0.8295980309424311, "recall": 0.8234442782902237, "f1-score": 0.8264410003417686, "support": 4000}, "weighted avg": {"precision": 0.8711437529639248, "recall": 0.87225, "f1-score": 0.8716481299314977, "support": 4000}}, "confusion-matrix": [[2772, 242], [269, 717]]}, "10": {"report": {"False": {"precision": 0.9115669132481506, "recall": 0.9021630615640599, "f1-score": 0.9068406087974578, "support": 3005}, "True": {"precision": 0.7134502923976608, "recall": 0.735678391959799, "f1-score": 0.7243938644235527, "support": 995}, "accuracy": 0.86075, "macro avg": {"precision": 0.8125086028229057, "recall": 0.8189207267619294, "f1-score": 0.8156172366105052, "support": 4000}, "weighted avg": {"precision": 0.8622854038115914, "recall": 0.86075, "f1-score": 0.8614569811344488, "support": 4000}}, "confusion-matrix": [[2711, 294], [263, 732]]}, "8": {"report": {"False": {"precision": 0.9039735099337748, "recall": 0.9164149043303121, "f1-score": 0.9101516919486581, "support": 2979}, "True": {"precision": 0.7459183673469387, "recall": 0.7159647404505387, "f1-score": 0.7306346826586706, "support": 1021}, "accuracy": 0.86525, "macro avg": {"precision": 0.8249459386403568, "recall": 0.8161898223904254, "f1-score": 0.8203931873036643, "support": 4000}, "weighted avg": {"precision": 0.8636299347884849, "recall": 0.86525, "f1-score": 0.8643299753273888, "support": 4000}}, "confusion-matrix": [[2730, 249], [290, 731]]}, "9": {"report": {"False": {"precision": 0.9134041141340411, "recall": 0.9146179401993355, "f1-score": 0.9140106241699866, "support": 3010}, "True": {"precision": 0.7393509127789046, "recall": 0.7363636363636363, "f1-score": 0.7378542510121457, "support": 990}, "accuracy": 0.8705, "macro avg": {"precision": 0.8263775134564728, "recall": 0.8254907882814859, "f1-score": 0.8259324375910662, "support": 4000}, "weighted avg": {"precision": 0.8703259467986447, "recall": 0.8705, "f1-score": 0.8704119218134209, "support": 4000}}, "confusion-matrix": [[2753, 257], [261, 729]]}}, "overall": {"report": {"False": {"precision": 0.910413809532599, "recall": 0.9108653147678192, "f1-score": 0.9106276945759122, "support": 30000.0}, "True": {"precision": 0.7323774666476423, "recall": 0.7311316989331377, "f1-score": 0.7316687463915437, "support": 10000.0}, "macro avg": {"precision": 0.8213956380901205, "recall": 0.8209985068504786, "f1-score": 0.8211482204837279, "support": 40000.0}, "weighted avg": {"precision": 0.8659218085534333, "recall": 0.8659250000000001, "f1-score": 0.8658929920422669, "support": 40000.0}, "accuracy": 0.8659250000000001}, "confusion-matrix": [[27326.0, 2674.0], [2689.0, 7311.0]]}}