{"features": "bert-pos-emot", "classifier": "SVC", "folds": {"1": {"report": {"False": {"precision": 0.932269619016607, "recall": 0.958486776029461, "f1-score": 0.9451964344668208, "support": 2987}, "True": {"precision": 0.8665231431646933, "recall": 0.7946692991115498, "f1-score": 0.8290422245108137, "support": 1013}, "accuracy": 0.917, "macro avg": {"precision": 0.8993963810906501, "recall": 0.8765780375705055, "f1-score": 0.8871193294888172, "support": 4000}, "weighted avg": {"precision": 0.9156193240071099, "recall": 0.917, "f1-score": 0.915780380795462, "support": 4000}}, "confusion-matrix": [[2863, 124], [208, 805]]}, "2": {"report": {"False": {"precision": 0.9314009661835749, "recall": 0.9611166500498505, "f1-score": 0.9460255152109912, "support": 3009}, "True": {"precision": 0.8692737430167597, "recall": 0.7850655903128153, "f1-score": 0.8250265111346765, "support": 991}, "accuracy": 0.9175, "macro avg": {"precision": 0.9003373546001674, "recall": 0.873091120181333, "f1-score": 0.8855260131728339, "support": 4000}, "weighted avg": {"precision": 0.9160089466439965, "recall": 0.9175, "f1-score": 0.9160480119510843, "support": 4000}}, "confusion-matrix": [[2892, 117], [213, 778]]}, "3": {"report": {"False": {"precision": 0.9307443365695793, "recall": 0.9602671118530884, "f1-score": 0.9452752670501233, "support": 2995}, "True": {"precision": 0.8692307692307693, "recall": 0.7870646766169154, "f1-score": 0.8261096605744125, "support": 1005}, "accuracy": 0.91675, "macro avg": {"precision": 0.8999875529001743, "recall": 0.873665894235002, "f1-score": 0.8856924638122678, "support": 4000}, "weighted avg": {"precision": 0.9152890527757034, "recall": 0.91675, "f1-score": 0.915334908423101, "support": 4000}}, "confusion-matrix": [[2876, 119], [214, 791]]}, "4": {"report": {"False": {"precision": 0.9329464861379755, "recall": 0.9608233731739708, "f1-score": 0.946679751390252, "support": 3012}, "True": {"precision": 0.8685968819599109, "recall": 0.7894736842105263, "f1-score": 0.8271474019088018, "support": 988}, "accuracy": 0.9185, "macro avg": {"precision": 0.9007716840489433, "recall": 0.8751485286922486, "f1-score": 0.8869135766495269, "support": 4000}, "weighted avg": {"precision": 0.9170521339059935, "recall": 0.9185, "f1-score": 0.9171552610683338, "support": 4000}}, "confusion-matrix": [[2894, 118], [208, 780]]}, "8": {"report": {"False": {"precision": 0.9369250985545335, "recall": 0.9573682443773078, "f1-score": 0.9470363606176324, "support": 2979}, "True": {"precision": 0.8671548117154811, "recall": 0.811949069539667, "f1-score": 0.8386444107233181, "support": 1021}, "accuracy": 0.92025, "macro avg": {"precision": 0.9020399551350073, "recall": 0.8846586569584873, "f1-score": 0.8928403856704752, "support": 4000}, "weighted avg": {"precision": 0.9191162328388653, "recall": 0.92025, "f1-score": 0.9193693154071086, "support": 4000}}, "confusion-matrix": [[2852, 127], [192, 829]]}, "6": {"report": {"False": {"precision": 0.9404296875, "recall": 0.9582089552238806, "f1-score": 0.9492360768851651, "support": 3015}, "True": {"precision": 0.8642241379310345, "recall": 0.8142131979695432, "f1-score": 0.8384736016727653, "support": 985}, "accuracy": 0.92275, "macro avg": {"precision": 0.9023269127155172, "recall": 0.8862110765967119, "f1-score": 0.8938548392789651, "support": 4000}, "weighted avg": {"precision": 0.9216640709186422, "recall": 0.92275, "f1-score": 0.9219608173641116, "support": 4000}}, "confusion-matrix": [[2889, 126], [183, 802]]}, "7": {"report": {"False": {"precision": 0.9362119725220804, "recall": 0.9623402824478816, "f1-score": 0.949096335599403, "support": 2974}, "True": {"precision": 0.8812301166489925, "recall": 0.8099415204678363, "f1-score": 0.8440832910106653, "support": 1026}, "accuracy": 0.92325, "macro avg": {"precision": 0.9087210445855365, "recall": 0.886140901457859, "f1-score": 0.8965898133050341, "support": 4000}, "weighted avg": {"precision": 0.9221091264906334, "recall": 0.92325, "f1-score": 0.9221604896623918, "support": 4000}}, "confusion-matrix": [[2862, 112], [195, 831]]}, "5": {"report": {"False": {"precision": 0.9334191058218076, "recall": 0.9628400796284008, "f1-score": 0.9479013555446677, "support": 3014}, "True": {"precision": 0.8742985409652076, "recall": 0.7900608519269777, "f1-score": 0.8300479488545552, "support": 986}, "accuracy": 0.92025, "macro avg": {"precision": 0.9038588233935076, "recall": 0.8764504657776893, "f1-score": 0.8889746521996115, "support": 4000}, "weighted avg": {"precision": 0.9188458865846558, "recall": 0.92025, "f1-score": 0.918850490795555, "support": 4000}}, "confusion-matrix": [[2902, 112], [207, 779]]}, "9": {"report": {"False": {"precision": 0.9329680953915566, "recall": 0.9617940199335548, "f1-score": 0.9471617863569444, "support": 3010}, "True": {"precision": 0.8717948717948718, "recall": 0.7898989898989899, "f1-score": 0.8288288288288288, "support": 990}, "accuracy": 0.91925, "macro avg": {"precision": 0.9023814835932142, "recall": 0.8758465049162724, "f1-score": 0.8879953075928866, "support": 4000}, "weighted avg": {"precision": 0.917827722551377, "recall": 0.91925, "f1-score": 0.9178743793687357, "support": 4000}}, "confusion-matrix": [[2895, 115], [208, 782]]}, "10": {"report": {"False": {"precision": 0.9372958850424559, "recall": 0.9550748752079867, "f1-score": 0.9461018625350255, "support": 3005}, "True": {"precision": 0.8560767590618337, "recall": 0.807035175879397, "f1-score": 0.8308329022245216, "support": 995}, "accuracy": 0.91825, "macro avg": {"precision": 0.8966863220521448, "recall": 0.8810550255436919, "f1-score": 0.8884673823797735, "support": 4000}, "weighted avg": {"precision": 0.9170926274547762, "recall": 0.91825, "f1-score": 0.9174287086577876, "support": 4000}}, "confusion-matrix": [[2870, 135], [192, 803]]}}, "overall": {"report": {"False": {"precision": 0.934461125274017, "recall": 0.9598320367925381, "f1-score": 0.9469710745657025, "support": 30000.0}, "True": {"precision": 0.8688403775489555, "recall": 0.7979372055934218, "f1-score": 0.8318236781443359, "support": 10000.0}, "macro avg": {"precision": 0.9016507514114863, "recall": 0.8788846211929802, "f1-score": 0.8893973763550193, "support": 40000.0}, "weighted avg": {"precision": 0.9180625124171755, "recall": 0.9193749999999999, "f1-score": 0.9181962763493671, "support": 40000.0}, "accuracy": 0.9193749999999999}, "confusion-matrix": [[28795.0, 1205.0], [2020.0, 7980.0]]}}