{"features": "bert-pos-emot", "classifier": "SVC", "folds": {"4": {"report": {"False": {"precision": 0.9190071848465056, "recall": 0.9342629482071713, "f1-score": 0.9265722752716496, "support": 3012}, "True": {"precision": 0.7889125799573561, "recall": 0.7489878542510121, "f1-score": 0.7684319833852544, "support": 988}, "accuracy": 0.8885, "macro avg": {"precision": 0.8539598824019308, "recall": 0.8416254012290917, "f1-score": 0.847502129328452, "support": 4000}, "weighted avg": {"precision": 0.8868738174388857, "recall": 0.8885, "f1-score": 0.8875116231757101, "support": 4000}}, "confusion-matrix": [[2814, 198], [248, 740]]}, "3": {"report": {"False": {"precision": 0.9156939040207522, "recall": 0.9429048414023372, "f1-score": 0.9291001809508143, "support": 2995}, "True": {"precision": 0.8133187772925764, "recall": 0.7412935323383084, "f1-score": 0.7756376887038001, "support": 1005}, "accuracy": 0.89225, "macro avg": {"precision": 0.8645063406566643, "recall": 0.8420991868703228, "f1-score": 0.8523689348273071, "support": 4000}, "weighted avg": {"precision": 0.889972153430298, "recall": 0.89225, "f1-score": 0.8905427297737519, "support": 4000}}, "confusion-matrix": [[2824, 171], [260, 745]]}, "2": {"report": {"False": {"precision": 0.9105534105534105, "recall": 0.9405117979395148, "f1-score": 0.9252901749223476, "support": 3009}, "True": {"precision": 0.7993273542600897, "recall": 0.7194752774974773, "f1-score": 0.7573021773765268, "support": 991}, "accuracy": 0.88575, "macro avg": {"precision": 0.8549403824067501, "recall": 0.829993537718496, "f1-score": 0.8412961761494372, "support": 4000}, "weighted avg": {"precision": 0.8829971551067403, "recall": 0.88575, "f1-score": 0.8836711485303705, "support": 4000}}, "confusion-matrix": [[2830, 179], [278, 713]]}, "1": {"report": {"False": {"precision": 0.9142021449463763, "recall": 0.941747572815534, "f1-score": 0.9277704485488127, "support": 2987}, "True": {"precision": 0.8114842903575298, "recall": 0.7393879565646594, "f1-score": 0.7737603305785125, "support": 1013}, "accuracy": 0.8905, "macro avg": {"precision": 0.862843217651953, "recall": 0.8405677646900966, "f1-score": 0.8507653895636627, "support": 4000}, "weighted avg": {"precision": 0.888188848271751, "recall": 0.8905, "f1-score": 0.8887673861728342, "support": 4000}}, "confusion-matrix": [[2813, 174], [264, 749]]}, "7": {"report": {"False": {"precision": 0.9167486070140938, "recall": 0.9404841963685272, "f1-score": 0.9284647302904564, "support": 2974}, "True": {"precision": 0.8134878819810326, "recall": 0.7524366471734892, "f1-score": 0.7817721518987341, "support": 1026}, "accuracy": 0.89225, "macro avg": {"precision": 0.8651182444975631, "recall": 0.8464604217710082, "f1-score": 0.8551184410945952, "support": 4000}, "weighted avg": {"precision": 0.8902622310431135, "recall": 0.89225, "f1-score": 0.8908380839329796, "support": 4000}}, "confusion-matrix": [[2797, 177], [254, 772]]}, "6": {"report": {"False": {"precision": 0.9180116204002582, "recall": 0.9432835820895522, "f1-score": 0.9304760346801898, "support": 3015}, "True": {"precision": 0.8104212860310421, "recall": 0.7421319796954314, "f1-score": 0.7747747747747747, "support": 985}, "accuracy": 0.89375, "macro avg": {"precision": 0.8642164532156502, "recall": 0.8427077808924919, "f1-score": 0.8526254047274823, "support": 4000}, "weighted avg": {"precision": 0.8915175005618386, "recall": 0.89375, "f1-score": 0.8921345994284814, "support": 4000}}, "confusion-matrix": [[2844, 171], [254, 731]]}, "8": {"report": {"False": {"precision": 0.914389199868291, "recall": 0.9321920107418596, "f1-score": 0.9232047872340424, "support": 2979}, "True": {"precision": 0.7902388369678089, "recall": 0.7453476983349657, "f1-score": 0.7671370967741936, "support": 1021}, "accuracy": 0.8845, "macro avg": {"precision": 0.85231401841805, "recall": 0.8387698545384127, "f1-score": 0.845170942004118, "support": 4000}, "weighted avg": {"precision": 0.882699819737943, "recall": 0.8845, "f1-score": 0.883368509244166, "support": 4000}}, "confusion-matrix": [[2777, 202], [260, 761]]}, "10": {"report": {"False": {"precision": 0.9185136897001304, "recall": 0.9377703826955075, "f1-score": 0.9280421537954882, "support": 3005}, "True": {"precision": 0.7993562231759657, "recall": 0.7487437185929648, "f1-score": 0.7732226258432796, "support": 995}, "accuracy": 0.89075, "macro avg": {"precision": 0.858934956438048, "recall": 0.8432570506442362, "f1-score": 0.8506323898193839, "support": 4000}, "weighted avg": {"precision": 0.8888732699022444, "recall": 0.89075, "f1-score": 0.8895307962173763, "support": 4000}}, "confusion-matrix": [[2818, 187], [250, 745]]}, "5": {"report": {"False": {"precision": 0.9210611452604335, "recall": 0.944591904445919, "f1-score": 0.9326781326781327, "support": 3014}, "True": {"precision": 0.8162816281628162, "recall": 0.7525354969574036, "f1-score": 0.7831134564643799, "support": 986}, "accuracy": 0.89725, "macro avg": {"precision": 0.8686713867116249, "recall": 0.8485637007016613, "f1-score": 0.8578957945712563, "support": 4000}, "weighted avg": {"precision": 0.8952329942958709, "recall": 0.89725, "f1-score": 0.8958104399914426, "support": 4000}}, "confusion-matrix": [[2847, 167], [244, 742]]}, "9": {"report": {"False": {"precision": 0.9217081850533808, "recall": 0.9465116279069767, "f1-score": 0.9339452548762498, "support": 3010}, "True": {"precision": 0.8228822882288229, "recall": 0.7555555555555555, "f1-score": 0.7877830437072144, "support": 990}, "accuracy": 0.89925, "macro avg": {"precision": 0.8722952366411019, "recall": 0.8510335917312661, "f1-score": 0.8608641492917322, "support": 4000}, "weighted avg": {"precision": 0.8972487755893027, "recall": 0.89925, "f1-score": 0.8977701076119136, "support": 4000}}, "confusion-matrix": [[2849, 161], [242, 748]]}}, "overall": {"report": {"False": {"precision": 0.9169889091663632, "recall": 0.9404260864612899, "f1-score": 0.9285544173248184, "support": 30000.0}, "True": {"precision": 0.806571114641504, "recall": 0.7445895716961266, "f1-score": 0.774293532950667, "support": 10000.0}, "macro avg": {"precision": 0.8617800119039337, "recall": 0.8425078290787085, "f1-score": 0.8514239751377428, "support": 40000.0}, "weighted avg": {"precision": 0.8893866565377989, "recall": 0.891475, "f1-score": 0.8899945424079027, "support": 40000.0}, "accuracy": 0.891475}, "confusion-matrix": [[28213.0, 1787.0], [2554.0, 7446.0]]}}