{"features": "bert-pp-emot", "classifier": "DecisionTreeClassifier", "folds": {"1": {"report": {"False": {"precision": 0.9062082777036048, "recall": 0.9089387345162371, "f1-score": 0.9075714524486044, "support": 2987}, "True": {"precision": 0.7290836653386454, "recall": 0.7226061204343535, "f1-score": 0.7258304412493803, "support": 1013}, "accuracy": 0.86175, "macro avg": {"precision": 0.8176459715211251, "recall": 0.8157724274752953, "f1-score": 0.8167009468489923, "support": 4000}, "weighted avg": {"precision": 0.8613514696221788, "recall": 0.86175, "f1-score": 0.8615455413624008, "support": 4000}}, "confusion-matrix": [[2715, 272], [281, 732]]}, "4": {"report": {"False": {"precision": 0.915710068875041, "recall": 0.9269588313413014, "f1-score": 0.9213001154924929, "support": 3012}, "True": {"precision": 0.768664563617245, "recall": 0.7398785425101214, "f1-score": 0.7539969056214543, "support": 988}, "accuracy": 0.88075, "macro avg": {"precision": 0.8421873162461431, "recall": 0.8334186869257114, "f1-score": 0.8376485105569735, "support": 4000}, "weighted avg": {"precision": 0.8793898290763654, "recall": 0.88075, "f1-score": 0.8799762226543464, "support": 4000}}, "confusion-matrix": [[2792, 220], [257, 731]]}, "3": {"report": {"False": {"precision": 0.9193929173693086, "recall": 0.9101836393989984, "f1-score": 0.914765100671141, "support": 2995}, "True": {"precision": 0.740096618357488, "recall": 0.7621890547263681, "f1-score": 0.7509803921568627, "support": 1005}, "accuracy": 0.873, "macro avg": {"precision": 0.8297447678633982, "recall": 0.8361863470626832, "f1-score": 0.8328727464140019, "support": 4000}, "weighted avg": {"precision": 0.8743447222425886, "recall": 0.873, "f1-score": 0.8736141926569287, "support": 4000}}, "confusion-matrix": [[2726, 269], [239, 766]]}, "2": {"report": {"False": {"precision": 0.918407960199005, "recall": 0.9202392821535393, "f1-score": 0.9193227091633467, "support": 3009}, "True": {"precision": 0.7563451776649747, "recall": 0.751765893037336, "f1-score": 0.7540485829959515, "support": 991}, "accuracy": 0.8785, "macro avg": {"precision": 0.8373765689319899, "recall": 0.8360025875954377, "f1-score": 0.836685646079649, "support": 4000}, "weighted avg": {"precision": 0.8782569058261991, "recall": 0.8785, "f1-score": 0.8783760444053746, "support": 4000}}, "confusion-matrix": [[2769, 240], [246, 745]]}, "5": {"report": {"False": {"precision": 0.9191952506596306, "recall": 0.9246848042468481, "f1-score": 0.9219318557724115, "support": 3014}, "True": {"precision": 0.765495867768595, "recall": 0.7515212981744422, "f1-score": 0.7584442169907881, "support": 986}, "accuracy": 0.882, "macro avg": {"precision": 0.8423455592141128, "recall": 0.8381030512106451, "f1-score": 0.8401880363815999, "support": 4000}, "weighted avg": {"precision": 0.8813083527769903, "recall": 0.882, "f1-score": 0.8816321528127414, "support": 4000}}, "confusion-matrix": [[2787, 227], [245, 741]]}, "10": {"report": {"False": {"precision": 0.9209209209209209, "recall": 0.9184692179700499, "f1-score": 0.9196934355214927, "support": 3005}, "True": {"precision": 0.7557328015952144, "recall": 0.7618090452261307, "f1-score": 0.7587587587587588, "support": 995}, "accuracy": 0.8795, "macro avg": {"precision": 0.8383268612580677, "recall": 0.8401391315980903, "f1-score": 0.8392260971401257, "support": 4000}, "weighted avg": {"precision": 0.8798303762386515, "recall": 0.8795, "f1-score": 0.8796609346767627, "support": 4000}}, "confusion-matrix": [[2760, 245], [237, 758]]}, "8": {"report": {"False": {"precision": 0.9151576123407109, "recall": 0.9160792212151728, "f1-score": 0.9156181848683107, "support": 2979}, "True": {"precision": 0.7544204322200393, "recall": 0.752203721841332, "f1-score": 0.7533104462972047, "support": 1021}, "accuracy": 0.87425, "macro avg": {"precision": 0.8347890222803751, "recall": 0.8341414715282525, "f1-score": 0.8344643155827577, "support": 4000}, "weighted avg": {"precision": 0.8741294471149095, "recall": 0.87425, "f1-score": 0.8741891345980359, "support": 4000}}, "confusion-matrix": [[2729, 250], [253, 768]]}, "6": {"report": {"False": {"precision": 0.9211938296445339, "recall": 0.9111111111111111, "f1-score": 0.9161247290311821, "support": 3015}, "True": {"precision": 0.7367387033398821, "recall": 0.7614213197969543, "f1-score": 0.7488766849725411, "support": 985}, "accuracy": 0.87425, "macro avg": {"precision": 0.828966266492208, "recall": 0.8362662154540327, "f1-score": 0.8325007070018616, "support": 4000}, "weighted avg": {"precision": 0.8757717547920133, "recall": 0.87425, "f1-score": 0.8749398981817418, "support": 4000}}, "confusion-matrix": [[2747, 268], [235, 750]]}, "7": {"report": {"False": {"precision": 0.9118243243243244, "recall": 0.9075319435104237, "f1-score": 0.9096730704415233, "support": 2974}, "True": {"precision": 0.7355769230769231, "recall": 0.7456140350877193, "f1-score": 0.7405614714424008, "support": 1026}, "accuracy": 0.866, "macro avg": {"precision": 0.8237006237006237, "recall": 0.8265729892990714, "f1-score": 0.8251172709419621, "support": 4000}, "weighted avg": {"precision": 0.866616865904366, "recall": 0.866, "f1-score": 0.8662959452982484, "support": 4000}}, "confusion-matrix": [[2699, 275], [261, 765]]}, "9": {"report": {"False": {"precision": 0.9175257731958762, "recall": 0.9166112956810631, "f1-score": 0.9170683064650158, "support": 3010}, "True": {"precision": 0.7472306143001007, "recall": 0.7494949494949495, "f1-score": 0.7483610690872416, "support": 990}, "accuracy": 0.87525, "macro avg": {"precision": 0.8323781937479885, "recall": 0.8330531225880063, "f1-score": 0.8327146877761287, "support": 4000}, "weighted avg": {"precision": 0.8753777213691718, "recall": 0.87525, "f1-score": 0.8753132652140166, "support": 4000}}, "confusion-matrix": [[2759, 251], [248, 742]]}}, "overall": {"report": {"False": {"precision": 0.9165536935232957, "recall": 0.9160808081144746, "f1-score": 0.916306895987552, "support": 30000.0}, "True": {"precision": 0.7489385367279107, "recall": 0.7498503980329707, "f1-score": 0.7493168969572584, "support": 10000.0}, "macro avg": {"precision": 0.8327461151256033, "recall": 0.8329656030737226, "f1-score": 0.8328118964724052, "support": 40000.0}, "weighted avg": {"precision": 0.8746377444963432, "recall": 0.8745249999999999, "f1-score": 0.8745543331860597, "support": 40000.0}, "accuracy": 0.8745249999999999}, "confusion-matrix": [[27483.0, 2517.0], [2502.0, 7498.0]]}}