{"features": "bert-pp", "classifier": "SVC", "folds": {"1": {"report": {"False": {"precision": 0.9421296296296297, "recall": 0.9537997991295615, "f1-score": 0.947928797205124, "support": 2987}, "True": {"precision": 0.8586065573770492, "recall": 0.8272458045409674, "f1-score": 0.8426344896933132, "support": 1013}, "accuracy": 0.92175, "macro avg": {"precision": 0.9003680935033394, "recall": 0.8905228018352644, "f1-score": 0.8952816434492186, "support": 4000}, "weighted avg": {"precision": 0.9209774115816637, "recall": 0.92175, "f1-score": 0.921263013827758, "support": 4000}}, "confusion-matrix": [[2849, 138], [175, 838]]}, "3": {"report": {"False": {"precision": 0.936260162601626, "recall": 0.9612687813021703, "f1-score": 0.9485996705107084, "support": 2995}, "True": {"precision": 0.8745945945945945, "recall": 0.8049751243781095, "f1-score": 0.838341968911917, "support": 1005}, "accuracy": 0.922, "macro avg": {"precision": 0.9054273785981103, "recall": 0.88312195284014, "f1-score": 0.8934708197113127, "support": 4000}, "weighted avg": {"precision": 0.9207666886398593, "recall": 0.922, "f1-score": 0.920897422984012, "support": 4000}}, "confusion-matrix": [[2879, 116], [196, 809]]}, "2": {"report": {"False": {"precision": 0.935546875, "recall": 0.9551345962113659, "f1-score": 0.9452392698569314, "support": 3009}, "True": {"precision": 0.8545258620689655, "recall": 0.8002018163471241, "f1-score": 0.8264721208963001, "support": 991}, "accuracy": 0.91675, "macro avg": {"precision": 0.8950363685344828, "recall": 0.8776682062792449, "f1-score": 0.8858556953766157, "support": 4000}, "weighted avg": {"precision": 0.9154739190463362, "recall": 0.91675, "f1-score": 0.915814708701935, "support": 4000}}, "confusion-matrix": [[2874, 135], [198, 793]]}, "10": {"report": {"False": {"precision": 0.9471598414795245, "recall": 0.9544093178036606, "f1-score": 0.9507707608155147, "support": 3005}, "True": {"precision": 0.8590534979423868, "recall": 0.8391959798994975, "f1-score": 0.8490086426029486, "support": 995}, "accuracy": 0.92575, "macro avg": {"precision": 0.9031066697109557, "recall": 0.896802648851579, "f1-score": 0.8998897017092317, "support": 4000}, "weighted avg": {"precision": 0.9252433885246616, "recall": 0.92575, "f1-score": 0.9254574339101389, "support": 4000}}, "confusion-matrix": [[2868, 137], [160, 835]]}, "4": {"report": {"False": {"precision": 0.9441340782122905, "recall": 0.953851261620186, "f1-score": 0.9489677952105697, "support": 3012}, "True": {"precision": 0.8547544409613375, "recall": 0.8279352226720648, "f1-score": 0.8411311053984575, "support": 988}, "accuracy": 0.92275, "macro avg": {"precision": 0.899444259586814, "recall": 0.8908932421461253, "f1-score": 0.8950494503045137, "support": 4000}, "weighted avg": {"precision": 0.922057307811305, "recall": 0.92275, "f1-score": 0.9223321328269779, "support": 4000}}, "confusion-matrix": [[2873, 139], [170, 818]]}, "5": {"report": {"False": {"precision": 0.9431668856767411, "recall": 0.9525547445255474, "f1-score": 0.9478375701551668, "support": 3014}, "True": {"precision": 0.850418410041841, "recall": 0.8245436105476673, "f1-score": 0.8372811534500515, "support": 986}, "accuracy": 0.921, "macro avg": {"precision": 0.8967926478592911, "recall": 0.8885491775366074, "f1-score": 0.8925593618026091, "support": 4000}, "weighted avg": {"precision": 0.9203043864327383, "recall": 0.921, "f1-score": 0.9205854134373559, "support": 4000}}, "confusion-matrix": [[2871, 143], [173, 813]]}, "8": {"report": {"False": {"precision": 0.941952506596306, "recall": 0.9587109768378651, "f1-score": 0.9502578605889203, "support": 2979}, "True": {"precision": 0.8729338842975206, "recall": 0.8276199804113614, "f1-score": 0.8496732026143791, "support": 1021}, "accuracy": 0.92525, "macro avg": {"precision": 0.9074431954469133, "recall": 0.8931654786246133, "f1-score": 0.8999655316016497, "support": 4000}, "weighted avg": {"precision": 0.9243355032545411, "recall": 0.92525, "f1-score": 0.9245836266409186, "support": 4000}}, "confusion-matrix": [[2856, 123], [176, 845]]}, "9": {"report": {"False": {"precision": 0.9433224755700326, "recall": 0.9621262458471761, "f1-score": 0.9526315789473684, "support": 3010}, "True": {"precision": 0.8774193548387097, "recall": 0.8242424242424242, "f1-score": 0.85, "support": 990}, "accuracy": 0.928, "macro avg": {"precision": 0.9103709152043711, "recall": 0.8931843350448001, "f1-score": 0.9013157894736842, "support": 4000}, "weighted avg": {"precision": 0.9270114531890301, "recall": 0.928, "f1-score": 0.9272302631578947, "support": 4000}}, "confusion-matrix": [[2896, 114], [174, 816]]}, "6": {"report": {"False": {"precision": 0.9422323759791122, "recall": 0.9575456053067993, "f1-score": 0.949827274222734, "support": 3015}, "True": {"precision": 0.8632478632478633, "recall": 0.8203045685279188, "f1-score": 0.8412285268089538, "support": 985}, "accuracy": 0.92375, "macro avg": {"precision": 0.9027401196134878, "recall": 0.888925086917359, "f1-score": 0.8955279005158439, "support": 4000}, "weighted avg": {"precision": 0.9227824397190423, "recall": 0.92375, "f1-score": 0.9230848326720906, "support": 4000}}, "confusion-matrix": [[2887, 128], [177, 808]]}, "7": {"report": {"False": {"precision": 0.9401652892561984, "recall": 0.9562878278412912, "f1-score": 0.948158026337723, "support": 2974}, "True": {"precision": 0.8666666666666667, "recall": 0.8235867446393762, "f1-score": 0.8445777111444279, "support": 1026}, "accuracy": 0.92225, "macro avg": {"precision": 0.9034159779614326, "recall": 0.8899372862403336, "f1-score": 0.8963678687410754, "support": 4000}, "weighted avg": {"precision": 0.9213128925619836, "recall": 0.92225, "f1-score": 0.9215896754906427, "support": 4000}}, "confusion-matrix": [[2844, 130], [181, 845]]}}, "overall": {"report": {"False": {"precision": 0.9416070120001458, "recall": 0.9565689156425623, "f1-score": 0.949021860385076, "support": 30000.0}, "True": {"precision": 0.8632221132036936, "recall": 0.821985127620651, "f1-score": 0.8420348921520748, "support": 10000.0}, "macro avg": {"precision": 0.9024145626019198, "recall": 0.8892770216316068, "f1-score": 0.8955283762685754, "support": 40000.0}, "weighted avg": {"precision": 0.9220265390761162, "recall": 0.922925, "f1-score": 0.9222838523649723, "support": 40000.0}, "accuracy": 0.922925}, "confusion-matrix": [[28697.0, 1303.0], [1780.0, 8220.0]]}}