{"features": "bert-pp-pos", "classifier": "SVC", "folds": {"2": {"report": {"False": {"precision": 0.938562091503268, "recall": 0.9544699235626454, "f1-score": 0.9464491679024551, "support": 3009}, "True": {"precision": 0.8542553191489362, "recall": 0.8102926337033299, "f1-score": 0.8316934230968409, "support": 991}, "accuracy": 0.91875, "macro avg": {"precision": 0.8964087053261021, "recall": 0.8823812786329877, "f1-score": 0.889071295499648, "support": 4000}, "weighted avg": {"precision": 0.9176750886524823, "recall": 0.91875, "f1-score": 0.9180184321268643, "support": 4000}}, "confusion-matrix": [[2872, 137], [188, 803]]}, "4": {"report": {"False": {"precision": 0.9439683586025049, "recall": 0.950863213811421, "f1-score": 0.9474032418127688, "support": 3012}, "True": {"precision": 0.8467908902691511, "recall": 0.8279352226720648, "f1-score": 0.8372569089048106, "support": 988}, "accuracy": 0.9205, "macro avg": {"precision": 0.8953796244358281, "recall": 0.889399218241743, "f1-score": 0.8923300753587897, "support": 4000}, "weighted avg": {"precision": 0.9199655239241666, "recall": 0.9205, "f1-score": 0.9201970975845031, "support": 4000}}, "confusion-matrix": [[2864, 148], [170, 818]]}, "1": {"report": {"False": {"precision": 0.941699604743083, "recall": 0.9571476397723468, "f1-score": 0.9493607836626267, "support": 2987}, "True": {"precision": 0.8672199170124482, "recall": 0.8252714708785784, "f1-score": 0.8457258472432979, "support": 1013}, "accuracy": 0.92375, "macro avg": {"precision": 0.9044597608777656, "recall": 0.8912095553254626, "f1-score": 0.8975433154529623, "support": 4000}, "weighted avg": {"precision": 0.9228376238252998, "recall": 0.92375, "f1-score": 0.9231152360144316, "support": 4000}}, "confusion-matrix": [[2859, 128], [177, 836]]}, "3": {"report": {"False": {"precision": 0.9358723958333334, "recall": 0.9599332220367279, "f1-score": 0.9477501236195813, "support": 2995}, "True": {"precision": 0.8706896551724138, "recall": 0.8039800995024876, "f1-score": 0.8360062079668908, "support": 1005}, "accuracy": 0.92075, "macro avg": {"precision": 0.9032810255028736, "recall": 0.8819566607696078, "f1-score": 0.8918781657932361, "support": 4000}, "weighted avg": {"precision": 0.9194952322422774, "recall": 0.92075, "f1-score": 0.9196744648118429, "support": 4000}}, "confusion-matrix": [[2875, 120], [197, 808]]}, "6": {"report": {"False": {"precision": 0.9452099737532809, "recall": 0.9555555555555556, "f1-score": 0.9503546099290779, "support": 3015}, "True": {"precision": 0.8592436974789915, "recall": 0.8304568527918782, "f1-score": 0.8446050593701601, "support": 985}, "accuracy": 0.92475, "macro avg": {"precision": 0.9022268356161363, "recall": 0.8930062041737169, "f1-score": 0.897479834649619, "support": 4000}, "weighted avg": {"precision": 0.9240407782207372, "recall": 0.92475, "f1-score": 0.9243137831039445, "support": 4000}}, "confusion-matrix": [[2881, 134], [167, 818]]}, "10": {"report": {"False": {"precision": 0.9456521739130435, "recall": 0.9554076539101497, "f1-score": 0.9505048832974673, "support": 3005}, "True": {"precision": 0.8609958506224067, "recall": 0.8341708542713567, "f1-score": 0.8473711077080144, "support": 995}, "accuracy": 0.92525, "macro avg": {"precision": 0.9033240122677251, "recall": 0.8947892540907532, "f1-score": 0.8989379955027408, "support": 4000}, "weighted avg": {"precision": 0.9245939134944975, "recall": 0.92525, "f1-score": 0.9248503566195908, "support": 4000}}, "confusion-matrix": [[2871, 134], [165, 830]]}, "5": {"report": {"False": {"precision": 0.941157240928408, "recall": 0.9552090245520902, "f1-score": 0.9481310719578462, "support": 3014}, "True": {"precision": 0.8565356004250797, "recall": 0.8174442190669371, "f1-score": 0.8365334717176959, "support": 986}, "accuracy": 0.92125, "macro avg": {"precision": 0.8988464206767439, "recall": 0.8863266218095136, "f1-score": 0.8923322718377711, "support": 4000}, "weighted avg": {"precision": 0.9202980065443376, "recall": 0.92125, "f1-score": 0.9206222634986491, "support": 4000}}, "confusion-matrix": [[2879, 135], [180, 806]]}, "7": {"report": {"False": {"precision": 0.942601194426012, "recall": 0.9552790854068595, "f1-score": 0.9488977955911825, "support": 2974}, "True": {"precision": 0.8651115618661258, "recall": 0.8313840155945419, "f1-score": 0.8479125248508945, "support": 1026}, "accuracy": 0.9235, "macro avg": {"precision": 0.9038563781460689, "recall": 0.8933315505007007, "f1-score": 0.8984051602210386, "support": 4000}, "weighted avg": {"precision": 0.9227251036744012, "recall": 0.9235, "f1-score": 0.9229950736462986, "support": 4000}}, "confusion-matrix": [[2841, 133], [173, 853]]}, "9": {"report": {"False": {"precision": 0.9461663947797716, "recall": 0.9634551495016611, "f1-score": 0.9547325102880658, "support": 3010}, "True": {"precision": 0.8823529411764706, "recall": 0.8333333333333334, "f1-score": 0.8571428571428571, "support": 990}, "accuracy": 0.93125, "macro avg": {"precision": 0.9142596679781211, "recall": 0.8983942414174972, "f1-score": 0.9059376837154615, "support": 4000}, "weighted avg": {"precision": 0.9303725650129546, "recall": 0.93125, "f1-score": 0.9305790711346267, "support": 4000}}, "confusion-matrix": [[2900, 110], [165, 825]]}, "8": {"report": {"False": {"precision": 0.9439498846027036, "recall": 0.9610607586438402, "f1-score": 0.9524284763805722, "support": 2979}, "True": {"precision": 0.8800413650465356, "recall": 0.8334965719882468, "f1-score": 0.8561368209255533, "support": 1021}, "accuracy": 0.9285, "macro avg": {"precision": 0.9119956248246196, "recall": 0.8972786653160435, "f1-score": 0.9042826486530627, "support": 4000}, "weighted avg": {"precision": 0.9276372349859916, "recall": 0.9285, "f1-score": 0.9278500313256787, "support": 4000}}, "confusion-matrix": [[2863, 116], [170, 851]]}}, "overall": {"report": {"False": {"precision": 0.9424839313085409, "recall": 0.9568381226753297, "f1-score": 0.9496012664441643, "support": 30000.0}, "True": {"precision": 0.864323679821856, "recall": 0.8247765273802754, "f1-score": 0.8440384228927016, "support": 10000.0}, "macro avg": {"precision": 0.9034038055651983, "recall": 0.8908073250278026, "f1-score": 0.896819844668433, "support": 40000.0}, "weighted avg": {"precision": 0.9229641070577145, "recall": 0.9238249999999999, "f1-score": 0.9232215809866432, "support": 40000.0}, "accuracy": 0.9238249999999999}, "confusion-matrix": [[28705.0, 1295.0], [1752.0, 8248.0]]}}