{"features": "bert-pp-pos-emot", "classifier": "SVC", "folds": {"1": {"report": {"False": {"precision": 0.9479406919275124, "recall": 0.9631737529293606, "f1-score": 0.9554965127864496, "support": 2987}, "True": {"precision": 0.8860103626943006, "recall": 0.8440276406712734, "f1-score": 0.8645096056622852, "support": 1013}, "accuracy": 0.933, "macro avg": {"precision": 0.9169755273109065, "recall": 0.903600696800317, "f1-score": 0.9100030592243674, "support": 4000}, "weighted avg": {"precision": 0.9322568360492015, "recall": 0.933, "f1-score": 0.932454078557255, "support": 4000}}, "confusion-matrix": [[2877, 110], [158, 855]]}, "4": {"report": {"False": {"precision": 0.9455671447196871, "recall": 0.9631474103585658, "f1-score": 0.9542763157894737, "support": 3012}, "True": {"precision": 0.880901287553648, "recall": 0.8309716599190283, "f1-score": 0.8552083333333333, "support": 988}, "accuracy": 0.9305, "macro avg": {"precision": 0.9132342161366676, "recall": 0.8970595351387971, "f1-score": 0.9047423245614035, "support": 4000}, "weighted avg": {"precision": 0.9295946779996754, "recall": 0.9305, "f1-score": 0.929806524122807, "support": 4000}}, "confusion-matrix": [[2901, 111], [167, 821]]}, "3": {"report": {"False": {"precision": 0.9438092126755963, "recall": 0.9646076794657763, "f1-score": 0.9540951122853368, "support": 2995}, "True": {"precision": 0.8871139510117146, "recall": 0.8288557213930349, "f1-score": 0.8569958847736626, "support": 1005}, "accuracy": 0.9305, "macro avg": {"precision": 0.9154615818436554, "recall": 0.8967317004294055, "f1-score": 0.9055454985294997, "support": 4000}, "weighted avg": {"precision": 0.9295645281825461, "recall": 0.9305, "f1-score": 0.9296989313730287, "support": 4000}}, "confusion-matrix": [[2889, 106], [172, 833]]}, "2": {"report": {"False": {"precision": 0.9476439790575916, "recall": 0.9624459953472915, "f1-score": 0.954987633965375, "support": 3009}, "True": {"precision": 0.8802966101694916, "recall": 0.8385469223007064, "f1-score": 0.8589147286821706, "support": 991}, "accuracy": 0.93175, "macro avg": {"precision": 0.9139702946135415, "recall": 0.900496458823999, "f1-score": 0.9069511813237727, "support": 4000}, "weighted avg": {"precision": 0.9309586684155647, "recall": 0.93175, "f1-score": 0.9311855716814612, "support": 4000}}, "confusion-matrix": [[2896, 113], [160, 831]]}, "8": {"report": {"False": {"precision": 0.9479406919275124, "recall": 0.9657603222557906, "f1-score": 0.9567675424010641, "support": 2979}, "True": {"precision": 0.894300518134715, "recall": 0.8452497551420176, "f1-score": 0.8690835850956696, "support": 1021}, "accuracy": 0.935, "macro avg": {"precision": 0.9211206050311137, "recall": 0.9055050386989041, "f1-score": 0.9129255637483669, "support": 4000}, "weighted avg": {"precision": 0.9342490375669009, "recall": 0.935, "f1-score": 0.9343862122988621, "support": 4000}}, "confusion-matrix": [[2877, 102], [158, 863]]}, "6": {"report": {"False": {"precision": 0.952755905511811, "recall": 0.96318407960199, "f1-score": 0.9579416130628401, "support": 3015}, "True": {"precision": 0.8834033613445378, "recall": 0.8538071065989847, "f1-score": 0.8683531233866805, "support": 985}, "accuracy": 0.93625, "macro avg": {"precision": 0.9180796334281744, "recall": 0.9084955931004874, "f1-score": 0.9131473682247603, "support": 4000}, "weighted avg": {"precision": 0.9356778415106201, "recall": 0.93625, "f1-score": 0.9358804474800858, "support": 4000}}, "confusion-matrix": [[2904, 111], [144, 841]]}, "5": {"report": {"False": {"precision": 0.9465449804432855, "recall": 0.9635036496350365, "f1-score": 0.9549490299243669, "support": 3014}, "True": {"precision": 0.8819742489270386, "recall": 0.8336713995943205, "f1-score": 0.8571428571428571, "support": 986}, "accuracy": 0.9315, "macro avg": {"precision": 0.914259614685162, "recall": 0.8985875246146785, "f1-score": 0.906045943533612, "support": 4000}, "weighted avg": {"precision": 0.9306282951245307, "recall": 0.9315, "f1-score": 0.9308398083337247, "support": 4000}}, "confusion-matrix": [[2904, 110], [164, 822]]}, "7": {"report": {"False": {"precision": 0.9480132450331126, "recall": 0.9626765299260256, "f1-score": 0.9552886219552886, "support": 2974}, "True": {"precision": 0.886734693877551, "recall": 0.8469785575048733, "f1-score": 0.8664007976071785, "support": 1026}, "accuracy": 0.933, "macro avg": {"precision": 0.9173739694553318, "recall": 0.9048275437154494, "f1-score": 0.9108447097812336, "support": 4000}, "weighted avg": {"precision": 0.9322952966617111, "recall": 0.933, "f1-score": 0.9324888950099983, "support": 4000}}, "confusion-matrix": [[2863, 111], [157, 869]]}, "10": {"report": {"False": {"precision": 0.9559894109861019, "recall": 0.9613976705490849, "f1-score": 0.9586859133897461, "support": 3005}, "True": {"precision": 0.8813905930470347, "recall": 0.8663316582914573, "f1-score": 0.8737962493664471, "support": 995}, "accuracy": 0.93775, "macro avg": {"precision": 0.9186900020165683, "recall": 0.913864664420271, "f1-score": 0.9162410813780966, "support": 4000}, "weighted avg": {"precision": 0.9374329550237589, "recall": 0.93775, "f1-score": 0.9375696094639504, "support": 4000}}, "confusion-matrix": [[2889, 116], [133, 862]]}, "9": {"report": {"False": {"precision": 0.9478147423352903, "recall": 0.9654485049833887, "f1-score": 0.9565503620803161, "support": 3010}, "True": {"precision": 0.8886509635974305, "recall": 0.8383838383838383, "f1-score": 0.8627858627858629, "support": 990}, "accuracy": 0.934, "macro avg": {"precision": 0.9182328529663604, "recall": 0.9019161716836135, "f1-score": 0.9096681124330894, "support": 4000}, "weighted avg": {"precision": 0.9331717070976701, "recall": 0.934, "f1-score": 0.9333436485049389, "support": 4000}}, "confusion-matrix": [[2906, 104], [160, 830]]}}, "overall": {"report": {"False": {"precision": 0.9484020004617502, "recall": 0.963534559505231, "f1-score": 0.9559038657640256, "support": 30000.0}, "True": {"precision": 0.8850776590357462, "recall": 0.8426824259799535, "f1-score": 0.8633191027836148, "support": 10000.0}, "macro avg": {"precision": 0.9167398297487482, "recall": 0.9031084927425923, "f1-score": 0.9096114842738203, "support": 40000.0}, "weighted avg": {"precision": 0.932582984363218, "recall": 0.933325, "f1-score": 0.9327653726826114, "support": 40000.0}, "accuracy": 0.933325}, "confusion-matrix": [[28906.0, 1094.0], [1573.0, 8427.0]]}}