{"features": "bert", "classifier": "SVC", "folds": {"1": {"report": {"False": {"precision": 0.940499671268902, "recall": 0.957817207900904, "f1-score": 0.9490794493282468, "support": 2987}, "True": {"precision": 0.8684759916492694, "recall": 0.8213228035538006, "f1-score": 0.8442415017757484, "support": 1013}, "accuracy": 0.92325, "macro avg": {"precision": 0.9044878314590856, "recall": 0.8895700057273523, "f1-score": 0.8966604755519976, "support": 4000}, "weighted avg": {"precision": 0.92225967440523, "recall": 0.92325, "f1-score": 0.9225292391105766, "support": 4000}}, "confusion-matrix": [[2861, 126], [181, 832]]}, "3": {"report": {"False": {"precision": 0.9379668723611562, "recall": 0.9642737896494157, "f1-score": 0.9509384260783668, "support": 2995}, "True": {"precision": 0.8838219326818675, "recall": 0.8099502487562189, "f1-score": 0.8452751817237798, "support": 1005}, "accuracy": 0.9255, "macro avg": {"precision": 0.9108944025215118, "recall": 0.8871120192028172, "f1-score": 0.8981068039010733, "support": 4000}, "weighted avg": {"precision": 0.9243629562667349, "recall": 0.9255, "f1-score": 0.9243905359342768, "support": 4000}}, "confusion-matrix": [[2888, 107], [191, 814]]}, "2": {"report": {"False": {"precision": 0.9379042690815006, "recall": 0.9637753406447325, "f1-score": 0.9506638256023602, "support": 3009}, "True": {"precision": 0.8799559471365639, "recall": 0.8062563067608476, "f1-score": 0.8414955239599791, "support": 991}, "accuracy": 0.92475, "macro avg": {"precision": 0.9089301081090322, "recall": 0.8850158237027901, "f1-score": 0.8960796747811697, "support": 4000}, "weighted avg": {"precision": 0.9235475723196426, "recall": 0.92475, "f1-score": 0.9236173788704602, "support": 4000}}, "confusion-matrix": [[2900, 109], [192, 799]]}, "4": {"report": {"False": {"precision": 0.9375404530744337, "recall": 0.9618193891102258, "f1-score": 0.9495247459849231, "support": 3012}, "True": {"precision": 0.8736263736263736, "recall": 0.8046558704453441, "f1-score": 0.8377239199157007, "support": 988}, "accuracy": 0.923, "macro avg": {"precision": 0.9055834133504037, "recall": 0.883237629777785, "f1-score": 0.893624332950312, "support": 4000}, "weighted avg": {"precision": 0.9217536754507628, "recall": 0.923, "f1-score": 0.9219099419458253, "support": 4000}}, "confusion-matrix": [[2897, 115], [193, 795]]}, "10": {"report": {"False": {"precision": 0.9439895185063871, "recall": 0.9590682196339434, "f1-score": 0.9514691317266424, "support": 3005}, "True": {"precision": 0.870116156282999, "recall": 0.828140703517588, "f1-score": 0.8486096807415036, "support": 995}, "accuracy": 0.9265, "macro avg": {"precision": 0.9070528373946931, "recall": 0.8936044615757657, "f1-score": 0.900039406234073, "support": 4000}, "weighted avg": {"precision": 0.9256135196533194, "recall": 0.9265, "f1-score": 0.9258828432940891, "support": 4000}}, "confusion-matrix": [[2882, 123], [171, 824]]}, "5": {"report": {"False": {"precision": 0.9397082658022691, "recall": 0.9618447246184473, "f1-score": 0.9506476471552714, "support": 3014}, "True": {"precision": 0.8743169398907104, "recall": 0.8113590263691683, "f1-score": 0.8416622830089427, "support": 986}, "accuracy": 0.92475, "macro avg": {"precision": 0.9070126028464898, "recall": 0.8866018754938079, "f1-score": 0.896154965082107, "support": 4000}, "weighted avg": {"precision": 0.9235893039650698, "recall": 0.92475, "f1-score": 0.9237827548932014, "support": 4000}}, "confusion-matrix": [[2899, 115], [186, 800]]}, "8": {"report": {"False": {"precision": 0.9414473684210526, "recall": 0.9607250755287009, "f1-score": 0.9509885363017111, "support": 2979}, "True": {"precision": 0.878125, "recall": 0.8256611165523996, "f1-score": 0.851085310449268, "support": 1021}, "accuracy": 0.92625, "macro avg": {"precision": 0.9097861842105264, "recall": 0.8931930960405503, "f1-score": 0.9010369233754896, "support": 4000}, "weighted avg": {"precision": 0.9252843338815789, "recall": 0.92625, "f1-score": 0.9254882379028749, "support": 4000}}, "confusion-matrix": [[2862, 117], [178, 843]]}, "6": {"report": {"False": {"precision": 0.9443899247628393, "recall": 0.9575456053067993, "f1-score": 0.9509222661396574, "support": 3015}, "True": {"precision": 0.8642629904559915, "recall": 0.8274111675126904, "f1-score": 0.8454356846473029, "support": 985}, "accuracy": 0.9255, "macro avg": {"precision": 0.9043264576094154, "recall": 0.8924783864097449, "f1-score": 0.8981789753934801, "support": 4000}, "weighted avg": {"precision": 0.9246586671897781, "recall": 0.9255, "f1-score": 0.9249461954471652, "support": 4000}}, "confusion-matrix": [[2887, 128], [170, 815]]}, "7": {"report": {"False": {"precision": 0.9365965834428384, "recall": 0.9586415601882986, "f1-score": 0.9474908607510801, "support": 2974}, "True": {"precision": 0.8713389121338913, "recall": 0.8118908382066277, "f1-score": 0.8405650857719476, "support": 1026}, "accuracy": 0.921, "macro avg": {"precision": 0.9039677477883648, "recall": 0.8852661991974631, "f1-score": 0.8940279732615138, "support": 4000}, "weighted avg": {"precision": 0.9198579907520934, "recall": 0.921, "f1-score": 0.9200643994689326, "support": 4000}}, "confusion-matrix": [[2851, 123], [193, 833]]}, "9": {"report": {"False": {"precision": 0.9393352694417554, "recall": 0.967109634551495, "f1-score": 0.9530201342281878, "support": 3010}, "True": {"precision": 0.8901220865704772, "recall": 0.8101010101010101, "f1-score": 0.8482284505552617, "support": 990}, "accuracy": 0.92825, "macro avg": {"precision": 0.9147286780061163, "recall": 0.8886053223262526, "f1-score": 0.9006242923917247, "support": 4000}, "weighted avg": {"precision": 0.927155006681114, "recall": 0.92825, "f1-score": 0.9270841925191385, "support": 4000}}, "confusion-matrix": [[2911, 99], [188, 802]]}}, "overall": {"report": {"False": {"precision": 0.9399378196163134, "recall": 0.9612620547132963, "f1-score": 0.9504745023296447, "support": 30000.0}, "True": {"precision": 0.8754162330428142, "recall": 0.8156749091775695, "f1-score": 0.8444322622549434, "support": 10000.0}, "macro avg": {"precision": 0.9076770263295639, "recall": 0.8884684819454328, "f1-score": 0.897453382292294, "support": 40000.0}, "weighted avg": {"precision": 0.9238082700565323, "recall": 0.9248749999999999, "f1-score": 0.9239695719386543, "support": 40000.0}, "accuracy": 0.9248749999999999}, "confusion-matrix": [[28838.0, 1162.0], [1843.0, 8157.0]]}}