{"features": "bert-emot", "classifier": "SVC", "folds": {"1": {"report": {"False": {"precision": 0.9389763779527559, "recall": 0.9581519919651824, "f1-score": 0.948467274233637, "support": 2987}, "True": {"precision": 0.8686974789915967, "recall": 0.8163869693978283, "f1-score": 0.8417302798982189, "support": 1013}, "accuracy": 0.92225, "macro avg": {"precision": 0.9038369284721763, "recall": 0.8872694806815054, "f1-score": 0.895098777065928, "support": 4000}, "weighted avg": {"precision": 0.9211782467908423, "recall": 0.92225, "f1-score": 0.9214361304181924, "support": 4000}}, "confusion-matrix": [[2862, 125], [186, 827]]}, "2": {"report": {"False": {"precision": 0.9354005167958657, "recall": 0.9624459953472915, "f1-score": 0.9487305487305487, "support": 3009}, "True": {"precision": 0.875, "recall": 0.798183652875883, "f1-score": 0.8348284960422164, "support": 991}, "accuracy": 0.92175, "macro avg": {"precision": 0.9052002583979328, "recall": 0.8803148241115872, "f1-score": 0.8917795223863826, "support": 4000}, "weighted avg": {"precision": 0.92043628875969, "recall": 0.92175, "f1-score": 0.9205113151770145, "support": 4000}}, "confusion-matrix": [[2896, 113], [200, 791]]}, "3": {"report": {"False": {"precision": 0.9323624595469255, "recall": 0.9619365609348914, "f1-score": 0.9469186524239934, "support": 2995}, "True": {"precision": 0.8747252747252747, "recall": 0.7920398009950249, "f1-score": 0.831331592689295, "support": 1005}, "accuracy": 0.91925, "macro avg": {"precision": 0.9035438671361001, "recall": 0.8769881809649582, "f1-score": 0.8891251225566442, "support": 4000}, "weighted avg": {"precision": 0.9178811168604858, "recall": 0.91925, "f1-score": 0.9178774036656505, "support": 4000}}, "confusion-matrix": [[2881, 114], [209, 796]]}, "4": {"report": {"False": {"precision": 0.9345161290322581, "recall": 0.9618193891102258, "f1-score": 0.9479712041884817, "support": 3012}, "True": {"precision": 0.8722222222222222, "recall": 0.7945344129554656, "f1-score": 0.8315677966101696, "support": 988}, "accuracy": 0.9205, "macro avg": {"precision": 0.9033691756272402, "recall": 0.8781769010328457, "f1-score": 0.8897695003993256, "support": 4000}, "weighted avg": {"precision": 0.9191295340501793, "recall": 0.9205, "f1-score": 0.9192195625166386, "support": 4000}}, "confusion-matrix": [[2897, 115], [203, 785]]}, "7": {"report": {"False": {"precision": 0.93461915658712, "recall": 0.9613315400134499, "f1-score": 0.9477871705619095, "support": 2974}, "True": {"precision": 0.8777895855472901, "recall": 0.8050682261208577, "f1-score": 0.8398576512455516, "support": 1026}, "accuracy": 0.92125, "macro avg": {"precision": 0.9062043710672051, "recall": 0.8831998830671538, "f1-score": 0.8938224109037305, "support": 4000}, "weighted avg": {"precision": 0.9200423716154037, "recall": 0.92125, "f1-score": 0.9201032488572637, "support": 4000}}, "confusion-matrix": [[2859, 115], [200, 826]]}, "5": {"report": {"False": {"precision": 0.9378640776699029, "recall": 0.9615129396151294, "f1-score": 0.9495412844036696, "support": 3014}, "True": {"precision": 0.8725274725274725, "recall": 0.8052738336713996, "f1-score": 0.8375527426160337, "support": 986}, "accuracy": 0.923, "macro avg": {"precision": 0.9051957750986876, "recall": 0.8833933866432645, "f1-score": 0.8935470135098517, "support": 4000}, "weighted avg": {"precision": 0.9217586045022937, "recall": 0.923, "f1-score": 0.9219361088530172, "support": 4000}}, "confusion-matrix": [[2898, 116], [192, 794]]}, "9": {"report": {"False": {"precision": 0.9340199549404571, "recall": 0.9641196013289036, "f1-score": 0.9488311263691351, "support": 3010}, "True": {"precision": 0.8790593505039194, "recall": 0.7929292929292929, "f1-score": 0.8337758895379712, "support": 990}, "accuracy": 0.92175, "macro avg": {"precision": 0.9065396527221883, "recall": 0.8785244471290983, "f1-score": 0.8913035079535532, "support": 4000}, "weighted avg": {"precision": 0.920417205342414, "recall": 0.92175, "f1-score": 0.920354955253422, "support": 4000}}, "confusion-matrix": [[2902, 108], [205, 785]]}, "10": {"report": {"False": {"precision": 0.9386422976501305, "recall": 0.957071547420965, "f1-score": 0.94776734223101, "support": 3005}, "True": {"precision": 0.8621794871794872, "recall": 0.8110552763819096, "f1-score": 0.8358363542206111, "support": 995}, "accuracy": 0.92075, "macro avg": {"precision": 0.9004108924148089, "recall": 0.8840634119014372, "f1-score": 0.8918018482258105, "support": 4000}, "weighted avg": {"precision": 0.919622173545558, "recall": 0.92075, "f1-score": 0.9199245089634233, "support": 4000}}, "confusion-matrix": [[2876, 129], [188, 807]]}, "6": {"report": {"False": {"precision": 0.941617742987606, "recall": 0.9575456053067993, "f1-score": 0.9495148824206544, "support": 3015}, "True": {"precision": 0.8629550321199143, "recall": 0.8182741116751269, "f1-score": 0.840020844189682, "support": 985}, "accuracy": 0.92325, "macro avg": {"precision": 0.9022863875537601, "recall": 0.887909858490963, "f1-score": 0.8947678633051682, "support": 4000}, "weighted avg": {"precision": 0.9222470504364368, "recall": 0.92325, "f1-score": 0.9225519755062774, "support": 4000}}, "confusion-matrix": [[2887, 128], [179, 806]]}, "8": {"report": {"False": {"precision": 0.9410214168039539, "recall": 0.9587109768378651, "f1-score": 0.9497838377120054, "support": 2979}, "True": {"precision": 0.8725388601036269, "recall": 0.8246816846229187, "f1-score": 0.8479355488418933, "support": 1021}, "accuracy": 0.9245, "macro avg": {"precision": 0.9067801384537904, "recall": 0.8916963307303919, "f1-score": 0.8988596932769493, "support": 4000}, "weighted avg": {"precision": 0.9235412442061954, "recall": 0.9245, "f1-score": 0.9237870619779093, "support": 4000}}, "confusion-matrix": [[2856, 123], [179, 842]]}}, "overall": {"report": {"False": {"precision": 0.9369040129966976, "recall": 0.9604646147880704, "f1-score": 0.9485313323275044, "support": 30000.0}, "True": {"precision": 0.8717694763920804, "recall": 0.8058427261625706, "f1-score": 0.8374437195891643, "support": 10000.0}, "macro avg": {"precision": 0.904336744694389, "recall": 0.8831536704753205, "f1-score": 0.8929875259583342, "support": 40000.0}, "weighted avg": {"precision": 0.92062538361095, "recall": 0.9218249999999999, "f1-score": 0.9207702271188809, "support": 40000.0}, "accuracy": 0.9218249999999999}, "confusion-matrix": [[28814.0, 1186.0], [1941.0, 8059.0]]}}