{"features": "bert-pp-pos-emot", "classifier": "DecisionTreeClassifier", "folds": {"5": {"report": {"False": {"precision": 0.9137590520079, "recall": 0.9210351692103517, "f1-score": 0.9173826834104428, "support": 3014}, "True": {"precision": 0.7525987525987526, "recall": 0.7342799188640974, "f1-score": 0.7433264887063655, "support": 986}, "accuracy": 0.875, "macro avg": {"precision": 0.8331789023033263, "recall": 0.8276575440372245, "f1-score": 0.8303545860584042, "support": 4000}, "weighted avg": {"precision": 0.8740330382035452, "recall": 0.875, "f1-score": 0.8744778314158878, "support": 4000}}, "confusion-matrix": [[2776, 238], [262, 724]]}, "1": {"report": {"False": {"precision": 0.9167785234899329, "recall": 0.9146300636089723, "f1-score": 0.9157030333500923, "support": 2987}, "True": {"precision": 0.75, "recall": 0.7551826258637709, "f1-score": 0.7525823905558288, "support": 1013}, "accuracy": 0.87425, "macro avg": {"precision": 0.8333892617449665, "recall": 0.8349063447363716, "f1-score": 0.8341427119529605, "support": 4000}, "weighted avg": {"precision": 0.8745418624161074, "recall": 0.87425, "f1-score": 0.874392730562445, "support": 4000}}, "confusion-matrix": [[2732, 255], [248, 765]]}, "3": {"report": {"False": {"precision": 0.9197031039136302, "recall": 0.9101836393989984, "f1-score": 0.9149186105051185, "support": 2995}, "True": {"precision": 0.7403474903474904, "recall": 0.7631840796019901, "f1-score": 0.751592356687898, "support": 1005}, "accuracy": 0.87325, "macro avg": {"precision": 0.8300252971305603, "recall": 0.8366838595004942, "f1-score": 0.8332554835965083, "support": 4000}, "weighted avg": {"precision": 0.8746400060051376, "recall": 0.87325, "f1-score": 0.8738828892335418, "support": 4000}}, "confusion-matrix": [[2726, 269], [238, 767]]}, "2": {"report": {"False": {"precision": 0.9200266577807398, "recall": 0.9175805915586573, "f1-score": 0.918801996672213, "support": 3009}, "True": {"precision": 0.7517517517517518, "recall": 0.7578203834510595, "f1-score": 0.7547738693467337, "support": 991}, "accuracy": 0.878, "macro avg": {"precision": 0.8358892047662458, "recall": 0.8377004875048584, "f1-score": 0.8367879330094734, "support": 4000}, "weighted avg": {"precision": 0.878336549812058, "recall": 0.878, "f1-score": 0.8781640281273255, "support": 4000}}, "confusion-matrix": [[2761, 248], [240, 751]]}, "4": {"report": {"False": {"precision": 0.9141729694179547, "recall": 0.9229747675962815, "f1-score": 0.9185527837435983, "support": 3012}, "True": {"precision": 0.7580813347236705, "recall": 0.7358299595141701, "f1-score": 0.7467899332306113, "support": 988}, "accuracy": 0.87675, "macro avg": {"precision": 0.8361271520708126, "recall": 0.8294023635552258, "f1-score": 0.8326713584871048, "support": 4000}, "weighted avg": {"precision": 0.8756183356484665, "recall": 0.87675, "f1-score": 0.8761273596668906, "support": 4000}}, "confusion-matrix": [[2780, 232], [261, 727]]}, "10": {"report": {"False": {"precision": 0.918918918918919, "recall": 0.9164725457570716, "f1-score": 0.9176941019660113, "support": 3005}, "True": {"precision": 0.7497507477567298, "recall": 0.7557788944723618, "f1-score": 0.7527527527527528, "support": 995}, "accuracy": 0.8765, "macro avg": {"precision": 0.8343348333378244, "recall": 0.8361257201147168, "f1-score": 0.835223427359382, "support": 4000}, "weighted avg": {"precision": 0.8768383363423246, "recall": 0.8765, "f1-score": 0.8766649413492134, "support": 4000}}, "confusion-matrix": [[2754, 251], [243, 752]]}, "8": {"report": {"False": {"precision": 0.9179229480737019, "recall": 0.9197717354817053, "f1-score": 0.9188464118041583, "support": 2979}, "True": {"precision": 0.7645320197044335, "recall": 0.7600391772771793, "f1-score": 0.762278978388998, "support": 1021}, "accuracy": 0.879, "macro avg": {"precision": 0.8412274838890677, "recall": 0.8399054563794424, "f1-score": 0.8405626950965781, "support": 4000}, "weighted avg": {"precision": 0.8787699136074462, "recall": 0.879, "f1-score": 0.8788825744249387, "support": 4000}}, "confusion-matrix": [[2740, 239], [245, 776]]}, "7": {"report": {"False": {"precision": 0.9112525117213663, "recall": 0.9149293880295898, "f1-score": 0.9130872483221476, "support": 2974}, "True": {"precision": 0.7504930966469427, "recall": 0.7417153996101364, "f1-score": 0.7460784313725489, "support": 1026}, "accuracy": 0.8705, "macro avg": {"precision": 0.8308728041841545, "recall": 0.8283223938198632, "f1-score": 0.8295828398473483, "support": 4000}, "weighted avg": {"precision": 0.8700177217547767, "recall": 0.8705, "f1-score": 0.8702494867745755, "support": 4000}}, "confusion-matrix": [[2721, 253], [265, 761]]}, "6": {"report": {"False": {"precision": 0.9211314475873544, "recall": 0.9180762852404644, "f1-score": 0.9196013289036544, "support": 3015}, "True": {"precision": 0.7517587939698492, "recall": 0.7593908629441625, "f1-score": 0.7555555555555555, "support": 985}, "accuracy": 0.879, "macro avg": {"precision": 0.8364451207786019, "recall": 0.8387335740923134, "f1-score": 0.837578442229605, "support": 4000}, "weighted avg": {"precision": 0.8794234316340438, "recall": 0.879, "f1-score": 0.8792050572166851, "support": 4000}}, "confusion-matrix": [[2768, 247], [237, 748]]}, "9": {"report": {"False": {"precision": 0.9158104076897581, "recall": 0.9179401993355482, "f1-score": 0.9168740666998507, "support": 3010}, "True": {"precision": 0.7487283825025433, "recall": 0.7434343434343434, "f1-score": 0.7460719716168271, "support": 990}, "accuracy": 0.87475, "macro avg": {"precision": 0.8322693950961506, "recall": 0.8306872713849458, "f1-score": 0.8314730191583389, "support": 4000}, "weighted avg": {"precision": 0.8744576064559224, "recall": 0.87475, "f1-score": 0.8746005481668023, "support": 4000}}, "confusion-matrix": [[2763, 247], [254, 736]]}}, "overall": {"report": {"False": {"precision": 0.9169476540601258, "recall": 0.9173594385217643, "f1-score": 0.9171462265377288, "support": 30000.0}, "True": {"precision": 0.7518042370002165, "recall": 0.7506655645033271, "f1-score": 0.751180272821412, "support": 10000.0}, "macro avg": {"precision": 0.8343759455301709, "recall": 0.8340125015125455, "f1-score": 0.8341632496795703, "support": 40000.0}, "weighted avg": {"precision": 0.8756676801879829, "recall": 0.8756999999999999, "f1-score": 0.8756647446938306, "support": 40000.0}, "accuracy": 0.8756999999999999}, "confusion-matrix": [[27521.0, 2479.0], [2493.0, 7507.0]]}}