{"features": "bert-emot", "classifier": "SVC", "folds": {"1": {"report": {"False": {"precision": 0.9143322475570033, "recall": 0.9397388684298628, "f1-score": 0.9268614825821363, "support": 2987}, "True": {"precision": 0.8064516129032258, "recall": 0.7403751233958539, "f1-score": 0.7720020586721563, "support": 1013}, "accuracy": 0.88925, "macro avg": {"precision": 0.8603919302301145, "recall": 0.8400569959128583, "f1-score": 0.8494317706271464, "support": 4000}, "weighted avg": {"precision": 0.8870114768309342, "recall": 0.88925, "f1-score": 0.8876433334769338, "support": 4000}}, "confusion-matrix": [[2807, 180], [263, 750]]}, "4": {"report": {"False": {"precision": 0.9175627240143369, "recall": 0.9349269588313412, "f1-score": 0.9261634599572439, "support": 3012}, "True": {"precision": 0.7894736842105263, "recall": 0.7439271255060729, "f1-score": 0.7660239708181344, "support": 988}, "accuracy": 0.88775, "macro avg": {"precision": 0.8535182041124316, "recall": 0.8394270421687071, "f1-score": 0.8460937153876892, "support": 4000}, "weighted avg": {"precision": 0.8859247311827957, "recall": 0.88775, "f1-score": 0.8866090061398839, "support": 4000}}, "confusion-matrix": [[2816, 196], [253, 735]]}, "8": {"report": {"False": {"precision": 0.9099541584806811, "recall": 0.9328633769721383, "f1-score": 0.9212663683076413, "support": 2979}, "True": {"precision": 0.7885835095137421, "recall": 0.7306562193927522, "f1-score": 0.7585155058464668, "support": 1021}, "accuracy": 0.88125, "macro avg": {"precision": 0.8492688339972116, "recall": 0.8317597981824452, "f1-score": 0.839890937077054, "support": 4000}, "weighted avg": {"precision": 0.87897430033187, "recall": 0.88125, "f1-score": 0.8797242106644265, "support": 4000}}, "confusion-matrix": [[2779, 200], [275, 746]]}, "2": {"report": {"False": {"precision": 0.9125806451612903, "recall": 0.9401794616151545, "f1-score": 0.9261744966442953, "support": 3009}, "True": {"precision": 0.8, "recall": 0.7265388496468214, "f1-score": 0.7615018508725543, "support": 991}, "accuracy": 0.88725, "macro avg": {"precision": 0.8562903225806452, "recall": 0.833359155630988, "f1-score": 0.8438381737584248, "support": 4000}, "weighted avg": {"precision": 0.8846887903225807, "recall": 0.88725, "f1-score": 0.8853768486543464, "support": 4000}}, "confusion-matrix": [[2829, 180], [271, 720]]}, "7": {"report": {"False": {"precision": 0.9154652686762779, "recall": 0.9394754539340955, "f1-score": 0.9273149684699635, "support": 2974}, "True": {"precision": 0.810126582278481, "recall": 0.7485380116959064, "f1-score": 0.778115501519757, "support": 1026}, "accuracy": 0.8905, "macro avg": {"precision": 0.8627959254773794, "recall": 0.8440067328150009, "f1-score": 0.8527152349948602, "support": 4000}, "weighted avg": {"precision": 0.888445895615243, "recall": 0.8905, "f1-score": 0.8890453051972355, "support": 4000}}, "confusion-matrix": [[2794, 180], [258, 768]]}, "3": {"report": {"False": {"precision": 0.9165855241804609, "recall": 0.9429048414023372, "f1-score": 0.9295589203423306, "support": 2995}, "True": {"precision": 0.8139281828073993, "recall": 0.7442786069651741, "f1-score": 0.7775467775467776, "support": 1005}, "accuracy": 0.893, "macro avg": {"precision": 0.8652568534939301, "recall": 0.8435917241837556, "f1-score": 0.8535528489445541, "support": 4000}, "weighted avg": {"precision": 0.8907928671604792, "recall": 0.893, "f1-score": 0.8913658694649479, "support": 4000}}, "confusion-matrix": [[2824, 171], [257, 748]]}, "6": {"report": {"False": {"precision": 0.9153251770766259, "recall": 0.9429519071310116, "f1-score": 0.9289331808528019, "support": 3015}, "True": {"precision": 0.8076062639821029, "recall": 0.732994923857868, "f1-score": 0.7684938797232571, "support": 985}, "accuracy": 0.89125, "macro avg": {"precision": 0.8614657205293643, "recall": 0.8379734154944398, "f1-score": 0.8487135302880295, "support": 4000}, "weighted avg": {"precision": 0.8887993947270996, "recall": 0.89125, "f1-score": 0.8894250029496513, "support": 4000}}, "confusion-matrix": [[2843, 172], [263, 722]]}, "5": {"report": {"False": {"precision": 0.9181229773462783, "recall": 0.9412740544127406, "f1-score": 0.9295543905635649, "support": 3014}, "True": {"precision": 0.8054945054945055, "recall": 0.7434077079107505, "f1-score": 0.7732067510548523, "support": 986}, "accuracy": 0.8925, "macro avg": {"precision": 0.8618087414203919, "recall": 0.8423408811617455, "f1-score": 0.8513805708092086, "support": 4000}, "weighted avg": {"precision": 0.8903600590348163, "recall": 0.8925, "f1-score": 0.8910146974246672, "support": 4000}}, "confusion-matrix": [[2837, 177], [253, 733]]}, "10": {"report": {"False": {"precision": 0.9136760426770126, "recall": 0.9404326123128119, "f1-score": 0.9268612659888487, "support": 3005}, "True": {"precision": 0.802646085997795, "recall": 0.7316582914572864, "f1-score": 0.7655099894847529, "support": 995}, "accuracy": 0.8885, "macro avg": {"precision": 0.8581610643374038, "recall": 0.8360454518850492, "f1-score": 0.8461856277368007, "support": 4000}, "weighted avg": {"precision": 0.8860573409530573, "recall": 0.8885, "f1-score": 0.8867251359584549, "support": 4000}}, "confusion-matrix": [[2826, 179], [267, 728]]}, "9": {"report": {"False": {"precision": 0.9207888781118655, "recall": 0.9461794019933555, "f1-score": 0.9333114861543503, "support": 3010}, "True": {"precision": 0.8213891951488423, "recall": 0.7525252525252525, "f1-score": 0.7854507116499736, "support": 990}, "accuracy": 0.89825, "macro avg": {"precision": 0.8710890366303539, "recall": 0.849352327259304, "f1-score": 0.859381098902162, "support": 4000}, "weighted avg": {"precision": 0.8961874565785173, "recall": 0.89825, "f1-score": 0.8967159444645172, "support": 4000}}, "confusion-matrix": [[2848, 162], [245, 745]]}}, "overall": {"report": {"False": {"precision": 0.9154393643281832, "recall": 0.9400926937034848, "f1-score": 0.9276000019863178, "support": 30000.0}, "True": {"precision": 0.8045699622336621, "recall": 0.7394900112353738, "f1-score": 0.7706366997188682, "support": 10000.0}, "macro avg": {"precision": 0.8600046632809226, "recall": 0.8397913524694294, "f1-score": 0.8491183508525928, "support": 40000.0}, "weighted avg": {"precision": 0.8877242312737392, "recall": 0.88995, "f1-score": 0.8883645354395066, "support": 40000.0}, "accuracy": 0.88995}, "confusion-matrix": [[28203.0, 1797.0], [2605.0, 7395.0]]}}