{"features": "bert-emot", "classifier": "SVC", "folds": {"1": {"report": {"False": {"precision": 0.9427631578947369, "recall": 0.9594911282222967, "f1-score": 0.9510535921685749, "support": 2987}, "True": {"precision": 0.8739583333333333, "recall": 0.8282329713721619, "f1-score": 0.8504815002534212, "support": 1013}, "accuracy": 0.92625, "macro avg": {"precision": 0.908360745614035, "recall": 0.8938620497972293, "f1-score": 0.9007675462109981, "support": 4000}, "weighted avg": {"precision": 0.9253383360745613, "recall": 0.92625, "f1-score": 0.9255837098910622, "support": 4000}}, "confusion-matrix": [[2866, 121], [174, 839]]}, "3": {"report": {"False": {"precision": 0.9427730542838456, "recall": 0.9626043405676127, "f1-score": 0.952585494795969, "support": 2995}, "True": {"precision": 0.881104033970276, "recall": 0.8258706467661692, "f1-score": 0.8525937339496661, "support": 1005}, "accuracy": 0.92825, "macro avg": {"precision": 0.9119385441270609, "recall": 0.8942374936668909, "f1-score": 0.9025896143728176, "support": 4000}, "weighted avg": {"precision": 0.9272787129300613, "recall": 0.92825, "f1-score": 0.9274625648833353, "support": 4000}}, "confusion-matrix": [[2883, 112], [175, 830]]}, "6": {"report": {"False": {"precision": 0.9469026548672567, "recall": 0.9582089552238806, "f1-score": 0.9525222551928783, "support": 3015}, "True": {"precision": 0.8672286617492097, "recall": 0.8355329949238579, "f1-score": 0.8510858324715614, "support": 985}, "accuracy": 0.928, "macro avg": {"precision": 0.9070656583082332, "recall": 0.8968709750738693, "f1-score": 0.9018040438322199, "support": 4000}, "weighted avg": {"precision": 0.9272829340619375, "recall": 0.928, "f1-score": 0.927543536097754, "support": 4000}}, "confusion-matrix": [[2889, 126], [162, 823]]}, "4": {"report": {"False": {"precision": 0.9404145077720207, "recall": 0.9641434262948207, "f1-score": 0.9521311475409836, "support": 3012}, "True": {"precision": 0.881578947368421, "recall": 0.8137651821862348, "f1-score": 0.8463157894736841, "support": 988}, "accuracy": 0.927, "macro avg": {"precision": 0.9109967275702209, "recall": 0.8889543042405278, "f1-score": 0.8992234685073339, "support": 4000}, "weighted avg": {"precision": 0.9258821243523316, "recall": 0.927, "f1-score": 0.9259947540983606, "support": 4000}}, "confusion-matrix": [[2904, 108], [184, 804]]}, "8": {"report": {"False": {"precision": 0.9415435139573071, "recall": 0.9624034911043975, "f1-score": 0.9518592297476761, "support": 2979}, "True": {"precision": 0.8827225130890053, "recall": 0.8256611165523996, "f1-score": 0.8532388663967613, "support": 1021}, "accuracy": 0.9275, "macro avg": {"precision": 0.9121330135231562, "recall": 0.8940323038283986, "f1-score": 0.9025490480722187, "support": 4000}, "weighted avg": {"precision": 0.926529453485673, "recall": 0.9275, "f1-score": 0.9266863820023551, "support": 4000}}, "confusion-matrix": [[2867, 112], [178, 843]]}, "2": {"report": {"False": {"precision": 0.944897293772416, "recall": 0.963110667996012, "f1-score": 0.9539170506912442, "support": 3009}, "True": {"precision": 0.8810289389067524, "recall": 0.829465186680121, "f1-score": 0.8544698544698544, "support": 991}, "accuracy": 0.93, "macro avg": {"precision": 0.9129631163395842, "recall": 0.8962879273380665, "f1-score": 0.9041934525805493, "support": 4000}, "weighted avg": {"precision": 0.9290739088544478, "recall": 0.93, "f1-score": 0.9292790078273949, "support": 4000}}, "confusion-matrix": [[2898, 111], [169, 822]]}, "5": {"report": {"False": {"precision": 0.9432002596559559, "recall": 0.9641672196416722, "f1-score": 0.9535684987694832, "support": 3014}, "True": {"precision": 0.8824809575625681, "recall": 0.8225152129817445, "f1-score": 0.8514435695538058, "support": 986}, "accuracy": 0.92925, "macro avg": {"precision": 0.912840608609262, "recall": 0.8933412163117083, "f1-score": 0.9025060341616445, "support": 4000}, "weighted avg": {"precision": 0.9282329516899358, "recall": 0.92925, "f1-score": 0.9283947037178188, "support": 4000}}, "confusion-matrix": [[2906, 108], [175, 811]]}, "7": {"report": {"False": {"precision": 0.9431968295904888, "recall": 0.9603227975790182, "f1-score": 0.951682772409197, "support": 2974}, "True": {"precision": 0.8786008230452675, "recall": 0.8323586744639376, "f1-score": 0.8548548548548549, "support": 1026}, "accuracy": 0.9275, "macro avg": {"precision": 0.9108988263178781, "recall": 0.8963407360214779, "f1-score": 0.9032688136320259, "support": 4000}, "weighted avg": {"precision": 0.9266279539116394, "recall": 0.9275, "f1-score": 0.9268464115565083, "support": 4000}}, "confusion-matrix": [[2856, 118], [172, 854]]}, "10": {"report": {"False": {"precision": 0.9439895185063871, "recall": 0.9590682196339434, "f1-score": 0.9514691317266424, "support": 3005}, "True": {"precision": 0.870116156282999, "recall": 0.828140703517588, "f1-score": 0.8486096807415036, "support": 995}, "accuracy": 0.9265, "macro avg": {"precision": 0.9070528373946931, "recall": 0.8936044615757657, "f1-score": 0.900039406234073, "support": 4000}, "weighted avg": {"precision": 0.9256135196533194, "recall": 0.9265, "f1-score": 0.9258828432940891, "support": 4000}}, "confusion-matrix": [[2882, 123], [171, 824]]}, "9": {"report": {"False": {"precision": 0.9449869791666666, "recall": 0.9644518272425249, "f1-score": 0.9546201907267345, "support": 3010}, "True": {"precision": 0.884698275862069, "recall": 0.8292929292929293, "f1-score": 0.8561001042752866, "support": 990}, "accuracy": 0.931, "macro avg": {"precision": 0.9148426275143677, "recall": 0.896872378267727, "f1-score": 0.9053601475010106, "support": 4000}, "weighted avg": {"precision": 0.9300655250987787, "recall": 0.931, "f1-score": 0.9302364693300013, "support": 4000}}, "confusion-matrix": [[2903, 107], [169, 821]]}}, "overall": {"report": {"False": {"precision": 0.943466776946708, "recall": 0.9617972073506179, "f1-score": 0.9525409363769383, "support": 30000.0}, "True": {"precision": 0.8783517641169901, "recall": 0.8270835618737143, "f1-score": 0.8519193786440399, "support": 10000.0}, "macro avg": {"precision": 0.910909270531849, "recall": 0.8944403846121661, "f1-score": 0.9022301575104892, "support": 40000.0}, "weighted avg": {"precision": 0.9271925420112688, "recall": 0.928125, "f1-score": 0.9273910382698679, "support": 40000.0}, "accuracy": 0.928125}, "confusion-matrix": [[28854.0, 1146.0], [1729.0, 8271.0]]}}