{"features": "bert-pp-emot", "classifier": "SVC", "folds": {"1": {"report": {"False": {"precision": 0.9475247524752475, "recall": 0.9611650485436893, "f1-score": 0.9542961608775137, "support": 2987}, "True": {"precision": 0.8804123711340206, "recall": 0.843040473840079, "f1-score": 0.8613212304589006, "support": 1013}, "accuracy": 0.93125, "macro avg": {"precision": 0.913968561804634, "recall": 0.9021027611918842, "f1-score": 0.9078086956682072, "support": 4000}, "weighted avg": {"precision": 0.9305285419005818, "recall": 0.93125, "f1-score": 0.9307502597489998, "support": 4000}}, "confusion-matrix": [[2871, 116], [159, 854]]}, "2": {"report": {"False": {"precision": 0.9494418910045962, "recall": 0.9611166500498505, "f1-score": 0.9552436003303056, "support": 3009}, "True": {"precision": 0.8773584905660378, "recall": 0.8446014127144299, "f1-score": 0.8606683804627249, "support": 991}, "accuracy": 0.93225, "macro avg": {"precision": 0.913400190785317, "recall": 0.9028590313821402, "f1-score": 0.9079559903965153, "support": 4000}, "weighted avg": {"precision": 0.9315832285459432, "recall": 0.93225, "f1-score": 0.9318125896081125, "support": 4000}}, "confusion-matrix": [[2892, 117], [154, 837]]}, "3": {"report": {"False": {"precision": 0.9462999345121152, "recall": 0.9649415692821369, "f1-score": 0.9555298396429163, "support": 2995}, "True": {"precision": 0.8890063424947146, "recall": 0.83681592039801, "f1-score": 0.8621219887237315, "support": 1005}, "accuracy": 0.93275, "macro avg": {"precision": 0.9176531385034149, "recall": 0.9008787448400735, "f1-score": 0.9088259141833239, "support": 4000}, "weighted avg": {"precision": 0.9319049195177433, "recall": 0.93275, "f1-score": 0.932061117099471, "support": 4000}}, "confusion-matrix": [[2890, 105], [164, 841]]}, "6": {"report": {"False": {"precision": 0.9533508541392904, "recall": 0.9625207296849088, "f1-score": 0.9579138471694998, "support": 3015}, "True": {"precision": 0.8817991631799164, "recall": 0.8558375634517766, "f1-score": 0.8686244204018547, "support": 985}, "accuracy": 0.93625, "macro avg": {"precision": 0.9175750086596034, "recall": 0.9091791465683428, "f1-score": 0.9132691337856773, "support": 4000}, "weighted avg": {"precision": 0.9357312502405446, "recall": 0.93625, "f1-score": 0.9359263258279672, "support": 4000}}, "confusion-matrix": [[2902, 113], [142, 843]]}, "4": {"report": {"False": {"precision": 0.9462190352020861, "recall": 0.9638114209827358, "f1-score": 0.9549342105263158, "support": 3012}, "True": {"precision": 0.8830472103004292, "recall": 0.832995951417004, "f1-score": 0.8572916666666666, "support": 988}, "accuracy": 0.9315, "macro avg": {"precision": 0.9146331227512576, "recall": 0.8984036861998699, "f1-score": 0.9061129385964912, "support": 4000}, "weighted avg": {"precision": 0.9306155944513769, "recall": 0.9315, "f1-score": 0.9308165021929824, "support": 4000}}, "confusion-matrix": [[2903, 109], [165, 823]]}, "7": {"report": {"False": {"precision": 0.9488542012620392, "recall": 0.960659045057162, "f1-score": 0.9547201336675022, "support": 2974}, "True": {"precision": 0.8816986855409504, "recall": 0.8499025341130604, "f1-score": 0.8655086848635235, "support": 1026}, "accuracy": 0.93225, "macro avg": {"precision": 0.9152764434014948, "recall": 0.9052807895851112, "f1-score": 0.9101144092655129, "support": 4000}, "weighted avg": {"precision": 0.93162881147958, "recall": 0.93225, "f1-score": 0.9318373970492817, "support": 4000}}, "confusion-matrix": [[2857, 117], [154, 872]]}, "8": {"report": {"False": {"precision": 0.949438202247191, "recall": 0.9644175897952333, "f1-score": 0.9568692756036635, "support": 2979}, "True": {"precision": 0.891170431211499, "recall": 0.8501469147894222, "f1-score": 0.8701754385964912, "support": 1021}, "accuracy": 0.93525, "macro avg": {"precision": 0.920304316729345, "recall": 0.9072822522923277, "f1-score": 0.9135223571000773, "support": 4000}, "weighted avg": {"precision": 0.9345653536903306, "recall": 0.93525, "f1-score": 0.9347406737075828, "support": 4000}}, "confusion-matrix": [[2873, 106], [153, 868]]}, "5": {"report": {"False": {"precision": 0.9479371316306483, "recall": 0.9605175846051759, "f1-score": 0.9541858932102834, "support": 3014}, "True": {"precision": 0.8742071881606766, "recall": 0.8387423935091278, "f1-score": 0.8561076604554866, "support": 986}, "accuracy": 0.9305, "macro avg": {"precision": 0.9110721598956624, "recall": 0.8996299890571519, "f1-score": 0.9051467768328849, "support": 4000}, "weighted avg": {"precision": 0.9297627005653003, "recall": 0.9305, "f1-score": 0.930009608836226, "support": 4000}}, "confusion-matrix": [[2895, 119], [159, 827]]}, "9": {"report": {"False": {"precision": 0.9484334203655352, "recall": 0.9654485049833887, "f1-score": 0.9568653276259467, "support": 3010}, "True": {"precision": 0.8888888888888888, "recall": 0.8404040404040404, "f1-score": 0.8639667705088265, "support": 990}, "accuracy": 0.9345, "macro avg": {"precision": 0.9186611546272121, "recall": 0.9029262726937146, "f1-score": 0.9104160490673866, "support": 4000}, "weighted avg": {"precision": 0.9336961488250652, "recall": 0.9345, "f1-score": 0.9338729347394594, "support": 4000}}, "confusion-matrix": [[2906, 104], [158, 832]]}, "10": {"report": {"False": {"precision": 0.9559018567639257, "recall": 0.9594009983361065, "f1-score": 0.9576482311908321, "support": 3005}, "True": {"precision": 0.8760162601626016, "recall": 0.8663316582914573, "f1-score": 0.8711470439615968, "support": 995}, "accuracy": 0.93625, "macro avg": {"precision": 0.9159590584632636, "recall": 0.9128663283137819, "f1-score": 0.9143976375762144, "support": 4000}, "weighted avg": {"precision": 0.9360303146093463, "recall": 0.93625, "f1-score": 0.9361310608675598, "support": 4000}}, "confusion-matrix": [[2883, 122], [133, 862]]}}, "overall": {"report": {"False": {"precision": 0.9493401279602676, "recall": 0.9623999141320387, "f1-score": 0.9558206519844779, "support": 30000.0}, "True": {"precision": 0.8823605031639733, "recall": 0.8458818862928407, "f1-score": 0.8636933285099804, "support": 10000.0}, "macro avg": {"precision": 0.9158503155621205, "recall": 0.9041409002124399, "f1-score": 0.9097569902472292, "support": 40000.0}, "weighted avg": {"precision": 0.9326046863825812, "recall": 0.9332749999999999, "f1-score": 0.9327958469677643, "support": 40000.0}, "accuracy": 0.9332749999999999}, "confusion-matrix": [[28872.0, 1128.0], [1541.0, 8459.0]]}}