{"features": "bert-pos", "classifier": "SVC", "folds": {"1": {"report": {"False": {"precision": 0.9375816993464052, "recall": 0.9604954804151322, "f1-score": 0.9489002811311394, "support": 2987}, "True": {"precision": 0.874468085106383, "recall": 0.8114511352418559, "f1-score": 0.8417818740399385, "support": 1013}, "accuracy": 0.92275, "macro avg": {"precision": 0.906024892226394, "recall": 0.885973307828494, "f1-score": 0.895341077585539, "support": 4000}, "weighted avg": {"precision": 0.9215981765401196, "recall": 0.92275, "f1-score": 0.9217725445352928, "support": 4000}}, "confusion-matrix": [[2869, 118], [191, 822]]}, "3": {"report": {"False": {"precision": 0.9303450499838761, "recall": 0.9632721202003339, "f1-score": 0.946522309711286, "support": 2995}, "True": {"precision": 0.8776418242491657, "recall": 0.7850746268656716, "f1-score": 0.8287815126050421, "support": 1005}, "accuracy": 0.9185, "macro avg": {"precision": 0.9039934371165209, "recall": 0.8741733735330028, "f1-score": 0.887651911158164, "support": 4000}, "weighted avg": {"precision": 0.9171033645180301, "recall": 0.9185, "f1-score": 0.9169399344383422, "support": 4000}}, "confusion-matrix": [[2885, 110], [216, 789]]}, "2": {"report": {"False": {"precision": 0.9326675257731959, "recall": 0.9621136590229312, "f1-score": 0.9471617863569443, "support": 3009}, "True": {"precision": 0.8727678571428571, "recall": 0.7891019172552977, "f1-score": 0.8288288288288287, "support": 991}, "accuracy": 0.91925, "macro avg": {"precision": 0.9027176914580265, "recall": 0.8756077881391144, "f1-score": 0.8879953075928865, "support": 4000}, "weighted avg": {"precision": 0.9178273828700294, "recall": 0.91925, "f1-score": 0.9178447961293537, "support": 4000}}, "confusion-matrix": [[2895, 114], [209, 782]]}, "4": {"report": {"False": {"precision": 0.9347755892799483, "recall": 0.9611553784860558, "f1-score": 0.9477819610410869, "support": 3012}, "True": {"precision": 0.8704318936877077, "recall": 0.7955465587044535, "f1-score": 0.8313061872025385, "support": 988}, "accuracy": 0.92025, "macro avg": {"precision": 0.9026037414838279, "recall": 0.8783509685952546, "f1-score": 0.8895440741218127, "support": 4000}, "weighted avg": {"precision": 0.9188826964686649, "recall": 0.92025, "f1-score": 0.9190124449029655, "support": 4000}}, "confusion-matrix": [[2895, 117], [202, 786]]}, "5": {"report": {"False": {"precision": 0.9361907831131163, "recall": 0.9638354346383543, "f1-score": 0.9498119993460847, "support": 3014}, "True": {"precision": 0.8784838350055741, "recall": 0.7991886409736308, "f1-score": 0.8369622942113648, "support": 986}, "accuracy": 0.92325, "macro avg": {"precision": 0.9073373090593453, "recall": 0.8815120378059926, "f1-score": 0.8933871467787248, "support": 4000}, "weighted avg": {"precision": 0.9219660204046072, "recall": 0.92325, "f1-score": 0.9219945470303762, "support": 4000}}, "confusion-matrix": [[2905, 109], [198, 788]]}, "9": {"report": {"False": {"precision": 0.9355877616747182, "recall": 0.9651162790697675, "f1-score": 0.9501226492232215, "support": 3010}, "True": {"precision": 0.88268156424581, "recall": 0.797979797979798, "f1-score": 0.8381962864721486, "support": 990}, "accuracy": 0.92375, "macro avg": {"precision": 0.9091346629602641, "recall": 0.8815480385247827, "f1-score": 0.8941594678476851, "support": 4000}, "weighted avg": {"precision": 0.9224934778110635, "recall": 0.92375, "f1-score": 0.922420874442331, "support": 4000}}, "confusion-matrix": [[2905, 105], [200, 790]]}, "8": {"report": {"False": {"precision": 0.9381578947368421, "recall": 0.9573682443773078, "f1-score": 0.9476657252035222, "support": 2979}, "True": {"precision": 0.8677083333333333, "recall": 0.8158667972575906, "f1-score": 0.8409893992932862, "support": 1021}, "accuracy": 0.92125, "macro avg": {"precision": 0.9029331140350877, "recall": 0.8866175208174492, "f1-score": 0.8943275622484042, "support": 4000}, "weighted avg": {"precision": 0.9201756441885965, "recall": 0.92125, "f1-score": 0.9204365930149345, "support": 4000}}, "confusion-matrix": [[2852, 127], [188, 833]]}, "6": {"report": {"False": {"precision": 0.9425962165688193, "recall": 0.9585406301824212, "f1-score": 0.9505015622430522, "support": 3015}, "True": {"precision": 0.8661670235546038, "recall": 0.8213197969543147, "f1-score": 0.8431474726420011, "support": 985}, "accuracy": 0.92475, "macro avg": {"precision": 0.9043816200617116, "recall": 0.889930213568368, "f1-score": 0.8968245174425267, "support": 4000}, "weighted avg": {"precision": 0.9237755277890688, "recall": 0.92475, "f1-score": 0.9240656176787932, "support": 4000}}, "confusion-matrix": [[2890, 125], [176, 809]]}, "7": {"report": {"False": {"precision": 0.9363308171972432, "recall": 0.9593140551445865, "f1-score": 0.9476831091180866, "support": 2974}, "True": {"precision": 0.8730325288562435, "recall": 0.8109161793372319, "f1-score": 0.8408287013643255, "support": 1026}, "accuracy": 0.92125, "macro avg": {"precision": 0.9046816730267433, "recall": 0.8851151172409092, "f1-score": 0.894255905241206, "support": 4000}, "weighted avg": {"precision": 0.9200948062377767, "recall": 0.92125, "f1-score": 0.9202749535292469, "support": 4000}}, "confusion-matrix": [[2853, 121], [194, 832]]}, "10": {"report": {"False": {"precision": 0.9398496240601504, "recall": 0.956738768718802, "f1-score": 0.9482189973614775, "support": 3005}, "True": {"precision": 0.8618490967056323, "recall": 0.8150753768844221, "f1-score": 0.8378099173553719, "support": 995}, "accuracy": 0.9215, "macro avg": {"precision": 0.9008493603828913, "recall": 0.8859070728016121, "f1-score": 0.8930144573584247, "support": 4000}, "weighted avg": {"precision": 0.920446992880714, "recall": 0.9215, "f1-score": 0.9207547387099587, "support": 4000}}, "confusion-matrix": [[2875, 130], [184, 811]]}}, "overall": {"report": {"False": {"precision": 0.9364082961734315, "recall": 0.9607950050255691, "f1-score": 0.9484370380735901, "support": 30000.0}, "True": {"precision": 0.872523204188731, "recall": 0.8041520827454267, "f1-score": 0.8368632474014845, "support": 10000.0}, "macro avg": {"precision": 0.9044657501810812, "recall": 0.8824735438854979, "f1-score": 0.8926501427375373, "support": 40000.0}, "weighted avg": {"precision": 0.9204364089708671, "recall": 0.92165, "f1-score": 0.9205517044411596, "support": 40000.0}, "accuracy": 0.92165}, "confusion-matrix": [[28824.0, 1176.0], [1958.0, 8042.0]]}}