{"features": "bert-pp-pos", "classifier": "SVC", "folds": {"3": {"report": {"False": {"precision": 0.9459901800327333, "recall": 0.9649415692821369, "f1-score": 0.9553719008264463, "support": 2995}, "True": {"precision": 0.8888888888888888, "recall": 0.835820895522388, "f1-score": 0.8615384615384615, "support": 1005}, "accuracy": 0.9325, "macro avg": {"precision": 0.9174395344608111, "recall": 0.9003812324022624, "f1-score": 0.9084551811824539, "support": 4000}, "weighted avg": {"precision": 0.9316434806328423, "recall": 0.9325, "f1-score": 0.9317962492053401, "support": 4000}}, "confusion-matrix": [[2890, 105], [165, 840]]}, "1": {"report": {"False": {"precision": 0.9510420112471055, "recall": 0.9625041848008035, "f1-score": 0.956738768718802, "support": 2987}, "True": {"precision": 0.8853633572159673, "recall": 0.8538993089832182, "f1-score": 0.8693467336683418, "support": 1013}, "accuracy": 0.935, "macro avg": {"precision": 0.9182026842315364, "recall": 0.9082017468920108, "f1-score": 0.9130427511935719, "support": 4000}, "weighted avg": {"precision": 0.9344088921137197, "recall": 0.935, "f1-score": 0.9346067358422728, "support": 4000}}, "confusion-matrix": [[2875, 112], [148, 865]]}, "2": {"report": {"False": {"precision": 0.9552778691219993, "recall": 0.9654370222665337, "f1-score": 0.9603305785123967, "support": 3009}, "True": {"precision": 0.8915537017726799, "recall": 0.8627648839556004, "f1-score": 0.876923076923077, "support": 991}, "accuracy": 0.94, "macro avg": {"precision": 0.9234157854473396, "recall": 0.9141009531110671, "f1-score": 0.9186268277177368, "support": 4000}, "weighted avg": {"precision": 0.9394902066612054, "recall": 0.94, "f1-score": 0.9396663699936426, "support": 4000}}, "confusion-matrix": [[2905, 104], [136, 855]]}, "5": {"report": {"False": {"precision": 0.9524901703800787, "recall": 0.96449900464499, "f1-score": 0.9584569732937686, "support": 3014}, "True": {"precision": 0.8871308016877637, "recall": 0.8529411764705882, "f1-score": 0.8697001034126163, "support": 986}, "accuracy": 0.937, "macro avg": {"precision": 0.9198104860339211, "recall": 0.9087200905577891, "f1-score": 0.9140785383531924, "support": 4000}, "weighted avg": {"precision": 0.9363790859974231, "recall": 0.937, "f1-score": 0.9365784048680644, "support": 4000}}, "confusion-matrix": [[2907, 107], [145, 841]]}, "4": {"report": {"False": {"precision": 0.9486011711125569, "recall": 0.9681274900398407, "f1-score": 0.9582648701938875, "support": 3012}, "True": {"precision": 0.896328293736501, "recall": 0.840080971659919, "f1-score": 0.8672936259143155, "support": 988}, "accuracy": 0.9365, "macro avg": {"precision": 0.922464732424529, "recall": 0.9041042308498799, "f1-score": 0.9127792480541015, "support": 4000}, "weighted avg": {"precision": 0.9356897704006711, "recall": 0.9365, "f1-score": 0.9357949728568332, "support": 4000}}, "confusion-matrix": [[2916, 96], [158, 830]]}, "6": {"report": {"False": {"precision": 0.9567371202113606, "recall": 0.9608623548922056, "f1-score": 0.9587953003475094, "support": 3015}, "True": {"precision": 0.8786008230452675, "recall": 0.867005076142132, "f1-score": 0.8727644353602453, "support": 985}, "accuracy": 0.93775, "macro avg": {"precision": 0.9176689716283141, "recall": 0.9139337155171687, "f1-score": 0.9157798678538773, "support": 4000}, "weighted avg": {"precision": 0.9374960570342102, "recall": 0.93775, "f1-score": 0.9376101998443955, "support": 4000}}, "confusion-matrix": [[2897, 118], [131, 854]]}, "7": {"report": {"False": {"precision": 0.950863213811421, "recall": 0.9630127774041695, "f1-score": 0.9568994320080187, "support": 2974}, "True": {"precision": 0.888663967611336, "recall": 0.8557504873294347, "f1-score": 0.871896722939424, "support": 1026}, "accuracy": 0.9355, "macro avg": {"precision": 0.9197635907113786, "recall": 0.909381632366802, "f1-score": 0.9143980774737214, "support": 4000}, "weighted avg": {"precision": 0.9349091071610992, "recall": 0.9355, "f1-score": 0.9350962371319242, "support": 4000}}, "confusion-matrix": [[2864, 110], [148, 878]]}, "10": {"report": {"False": {"precision": 0.9525691699604744, "recall": 0.962396006655574, "f1-score": 0.9574573746068531, "support": 3005}, "True": {"precision": 0.8827800829875518, "recall": 0.8552763819095477, "f1-score": 0.8688106176620725, "support": 995}, "accuracy": 0.93575, "macro avg": {"precision": 0.9176746264740131, "recall": 0.9088361942825609, "f1-score": 0.9131339961344628, "support": 4000}, "weighted avg": {"precision": 0.9352091345759599, "recall": 0.93575, "f1-score": 0.9354064938168389, "support": 4000}}, "confusion-matrix": [[2892, 113], [144, 851]]}, "8": {"report": {"False": {"precision": 0.9501650165016502, "recall": 0.9664316884860692, "f1-score": 0.9582293226826426, "support": 2979}, "True": {"precision": 0.8969072164948454, "recall": 0.8521057786483839, "f1-score": 0.8739326971371171, "support": 1021}, "accuracy": 0.93725, "macro avg": {"precision": 0.9235361164982478, "recall": 0.9092687335672265, "f1-score": 0.9160810099098798, "support": 4000}, "weighted avg": {"precision": 0.9365709630499132, "recall": 0.93725, "f1-score": 0.9367126090121473, "support": 4000}}, "confusion-matrix": [[2879, 100], [151, 870]]}, "9": {"report": {"False": {"precision": 0.9478827361563518, "recall": 0.9667774086378738, "f1-score": 0.9572368421052632, "support": 3010}, "True": {"precision": 0.8924731182795699, "recall": 0.8383838383838383, "f1-score": 0.8645833333333334, "support": 990}, "accuracy": 0.935, "macro avg": {"precision": 0.9201779272179609, "recall": 0.902580623510856, "f1-score": 0.9109100877192983, "support": 4000}, "weighted avg": {"precision": 0.9341688557318483, "recall": 0.935, "f1-score": 0.9343050986842105, "support": 4000}}, "confusion-matrix": [[2910, 100], [160, 830]]}}, "overall": {"report": {"False": {"precision": 0.9511618658535731, "recall": 0.9644989507110198, "f1-score": 0.9577781363295589, "support": 30000.0}, "True": {"precision": 0.8888690251720371, "recall": 0.851402879900505, "f1-score": 0.8696789807889005, "support": 10000.0}, "macro avg": {"precision": 0.920015445512805, "recall": 0.9079509153057623, "f1-score": 0.9137285585592295, "support": 40000.0}, "weighted avg": {"precision": 0.9355965553358893, "recall": 0.9362250000000001, "f1-score": 0.935757337125567, "support": 40000.0}, "accuracy": 0.9362250000000001}, "confusion-matrix": [[28935.0, 1065.0], [1486.0, 8514.0]]}}