{"features": "bert-pp-pos", "classifier": "DecisionTreeClassifier", "folds": {"1": {"report": {"False": {"precision": 0.9133489461358314, "recall": 0.9139604954804151, "f1-score": 0.9136546184738956, "support": 2987}, "True": {"precision": 0.7457962413452027, "recall": 0.7443237907206318, "f1-score": 0.7450592885375493, "support": 1013}, "accuracy": 0.871, "macro avg": {"precision": 0.8295725937405171, "recall": 0.8291421431005235, "f1-score": 0.8293569535057225, "support": 4000}, "weighted avg": {"precision": 0.8709162236476048, "recall": 0.871, "f1-score": 0.870957851167516, "support": 4000}}, "confusion-matrix": [[2730, 257], [259, 754]]}, "5": {"report": {"False": {"precision": 0.9190981432360743, "recall": 0.9197080291970803, "f1-score": 0.9194029850746269, "support": 3014}, "True": {"precision": 0.7540650406504065, "recall": 0.7525354969574036, "f1-score": 0.7532994923857869, "support": 986}, "accuracy": 0.8785, "macro avg": {"precision": 0.8365815919432404, "recall": 0.836121763077242, "f1-score": 0.8363512387302069, "support": 4000}, "weighted avg": {"precision": 0.8784174834487072, "recall": 0.8785, "f1-score": 0.8784584741268278, "support": 4000}}, "confusion-matrix": [[2772, 242], [244, 742]]}, "4": {"report": {"False": {"precision": 0.9185087429891126, "recall": 0.9243027888446215, "f1-score": 0.9213966572894258, "support": 3012}, "True": {"precision": 0.7647058823529411, "recall": 0.75, "f1-score": 0.7572815533980582, "support": 988}, "accuracy": 0.88125, "macro avg": {"precision": 0.8416073126710268, "recall": 0.8371513944223108, "f1-score": 0.839339105343742, "support": 4000}, "weighted avg": {"precision": 0.8805194364119782, "recall": 0.88125, "f1-score": 0.8808602266282579, "support": 4000}}, "confusion-matrix": [[2784, 228], [247, 741]]}, "3": {"report": {"False": {"precision": 0.9198255618919825, "recall": 0.915525876460768, "f1-score": 0.9176706827309238, "support": 2995}, "True": {"precision": 0.7517173699705594, "recall": 0.7621890547263681, "f1-score": 0.7569169960474308, "support": 1005}, "accuracy": 0.877, "macro avg": {"precision": 0.8357714659312709, "recall": 0.8388574655935681, "f1-score": 0.8372938393891773, "support": 4000}, "weighted avg": {"precision": 0.877588378671725, "recall": 0.877, "f1-score": 0.8772813189516963, "support": 4000}}, "confusion-matrix": [[2742, 253], [239, 766]]}, "2": {"report": {"False": {"precision": 0.920973657885962, "recall": 0.9179129278830176, "f1-score": 0.9194407456724367, "support": 3009}, "True": {"precision": 0.7532467532467533, "recall": 0.7608476286579213, "f1-score": 0.7570281124497992, "support": 991}, "accuracy": 0.879, "macro avg": {"precision": 0.8371102055663576, "recall": 0.8393802782704695, "f1-score": 0.8382344290611179, "support": 4000}, "weighted avg": {"precision": 0.879419317261598, "recall": 0.879, "f1-score": 0.8792030157915283, "support": 4000}}, "confusion-matrix": [[2762, 247], [237, 754]]}, "8": {"report": {"False": {"precision": 0.918476445038423, "recall": 0.9227928835179591, "f1-score": 0.920629604822505, "support": 2979}, "True": {"precision": 0.7715988083416088, "recall": 0.7610186092066601, "f1-score": 0.7662721893491123, "support": 1021}, "accuracy": 0.8815, "macro avg": {"precision": 0.8450376266900159, "recall": 0.8419057463623096, "f1-score": 0.8434508970858087, "support": 4000}, "weighted avg": {"precision": 0.8809859282715612, "recall": 0.8815, "f1-score": 0.8812298745229215, "support": 4000}}, "confusion-matrix": [[2749, 230], [244, 777]]}, "10": {"report": {"False": {"precision": 0.9207357859531773, "recall": 0.9161397670549085, "f1-score": 0.9184320266889074, "support": 3005}, "True": {"precision": 0.7504950495049505, "recall": 0.7618090452261307, "f1-score": 0.7561097256857855, "support": 995}, "accuracy": 0.87775, "macro avg": {"precision": 0.8356154177290639, "recall": 0.8389744061405195, "f1-score": 0.8372708761873464, "support": 4000}, "weighted avg": {"precision": 0.878388402761681, "recall": 0.87775, "f1-score": 0.8780543543143808, "support": 4000}}, "confusion-matrix": [[2753, 252], [237, 758]]}, "7": {"report": {"False": {"precision": 0.9119119119119119, "recall": 0.9189643577673168, "f1-score": 0.9154245520013398, "support": 2974}, "True": {"precision": 0.7597208374875374, "recall": 0.7426900584795322, "f1-score": 0.7511089206505668, "support": 1026}, "accuracy": 0.87375, "macro avg": {"precision": 0.8358163746997247, "recall": 0.8308272081234245, "f1-score": 0.8332667363259533, "support": 4000}, "weighted avg": {"precision": 0.8728749013220598, "recall": 0.87375, "f1-score": 0.8732775925598665, "support": 4000}}, "confusion-matrix": [[2733, 241], [264, 762]]}, "9": {"report": {"False": {"precision": 0.9122287968441815, "recall": 0.9219269102990033, "f1-score": 0.9170522141440846, "support": 3010}, "True": {"precision": 0.7546972860125261, "recall": 0.7303030303030303, "f1-score": 0.7422997946611911, "support": 990}, "accuracy": 0.8745, "macro avg": {"precision": 0.8334630414283537, "recall": 0.8261149703010169, "f1-score": 0.8296760044026379, "support": 4000}, "weighted avg": {"precision": 0.8732397479133468, "recall": 0.8745, "f1-score": 0.8738009903220684, "support": 4000}}, "confusion-matrix": [[2775, 235], [267, 723]]}, "6": {"report": {"False": {"precision": 0.9213071023674558, "recall": 0.9164179104477612, "f1-score": 0.9188560026604589, "support": 3015}, "True": {"precision": 0.7482517482517482, "recall": 0.7604060913705584, "f1-score": 0.7542799597180261, "support": 985}, "accuracy": 0.878, "macro avg": {"precision": 0.834779425309602, "recall": 0.8384120009091598, "f1-score": 0.8365679811892425, "support": 4000}, "weighted avg": {"precision": 0.8786922214164629, "recall": 0.878, "f1-score": 0.8783291520858849, "support": 4000}}, "confusion-matrix": [[2763, 252], [236, 749]]}}, "overall": {"report": {"False": {"precision": 0.9176415094254111, "recall": 0.9187651946952851, "f1-score": 0.9181960089558604, "support": 30000.0}, "True": {"precision": 0.7554295017164234, "recall": 0.7526122805648237, "f1-score": 0.7539656032883306, "support": 10000.0}, "macro avg": {"precision": 0.8365355055709174, "recall": 0.8356887376300545, "f1-score": 0.8360808061220956, "support": 40000.0}, "weighted avg": {"precision": 0.8771042041126724, "recall": 0.8772249999999999, "f1-score": 0.8771452850470949, "support": 40000.0}, "accuracy": 0.8772249999999999}, "confusion-matrix": [[27563.0, 2437.0], [2474.0, 7526.0]]}}