{"features": "bert", "classifier": "DecisionTreeClassifier", "folds": {"1": {"report": {"False": {"precision": 0.8599533177725909, "recall": 0.8634081017743556, "f1-score": 0.8616772469094555, "support": 2987}, "True": {"precision": 0.5924075924075924, "recall": 0.5853899308983218, "f1-score": 0.5888778550148959, "support": 1013}, "accuracy": 0.793, "macro avg": {"precision": 0.7261804550900917, "recall": 0.7243990163363387, "f1-score": 0.7252775509621756, "support": 4000}, "weighted avg": {"precision": 0.792197362823905, "recall": 0.793, "f1-score": 0.7925908009121582, "support": 4000}}, "confusion-matrix": [[2579, 408], [420, 593]]}, "2": {"report": {"False": {"precision": 0.8499162479061977, "recall": 0.8431372549019608, "f1-score": 0.8465131798465132, "support": 3009}, "True": {"precision": 0.5349753694581281, "recall": 0.5479313824419778, "f1-score": 0.5413758723828515, "support": 991}, "accuracy": 0.77, "macro avg": {"precision": 0.6924458086821629, "recall": 0.6955343186719694, "f1-score": 0.6939445261146824, "support": 4000}, "weighted avg": {"precision": 0.7718896452706885, "recall": 0.77, "f1-score": 0.770915411922391, "support": 4000}}, "confusion-matrix": [[2537, 472], [448, 543]]}, "3": {"report": {"False": {"precision": 0.8562520511978996, "recall": 0.8711185308848081, "f1-score": 0.8636213174445548, "support": 2995}, "True": {"precision": 0.5949632738719832, "recall": 0.564179104477612, "f1-score": 0.5791624106230848, "support": 1005}, "accuracy": 0.794, "macro avg": {"precision": 0.7256076625349415, "recall": 0.71764881768121, "f1-score": 0.7213918640338198, "support": 4000}, "weighted avg": {"precision": 0.790603245894763, "recall": 0.794, "f1-score": 0.7921510171056606, "support": 4000}}, "confusion-matrix": [[2609, 386], [438, 567]]}, "4": {"report": {"False": {"precision": 0.8618132794068082, "recall": 0.848937583001328, "f1-score": 0.8553269777554775, "support": 3012}, "True": {"precision": 0.5595353339787028, "recall": 0.5850202429149798, "f1-score": 0.5719940623453735, "support": 988}, "accuracy": 0.78375, "macro avg": {"precision": 0.7106743066927554, "recall": 0.7169789129581539, "f1-score": 0.7136605200504256, "support": 4000}, "weighted avg": {"precision": 0.7871506268860661, "recall": 0.78375, "f1-score": 0.7853437476491818, "support": 4000}}, "confusion-matrix": [[2557, 455], [410, 578]]}, "7": {"report": {"False": {"precision": 0.850690933602966, "recall": 0.8486886348352387, "f1-score": 0.8496886046120182, "support": 2974}, "True": {"precision": 0.5643756050338818, "recall": 0.5682261208576999, "f1-score": 0.5662943176299174, "support": 1026}, "accuracy": 0.77675, "macro avg": {"precision": 0.707533269318424, "recall": 0.7084573778464693, "f1-score": 0.7079914611209679, "support": 4000}, "weighted avg": {"precision": 0.7772510518249959, "recall": 0.77675, "f1-score": 0.7769979700011094, "support": 4000}}, "confusion-matrix": [[2524, 450], [443, 583]]}, "9": {"report": {"False": {"precision": 0.8620345744680851, "recall": 0.8614617940199335, "f1-score": 0.8617480890661349, "support": 3010}, "True": {"precision": 0.5796370967741935, "recall": 0.5808080808080808, "f1-score": 0.5802219979818365, "support": 990}, "accuracy": 0.792, "macro avg": {"precision": 0.7208358356211393, "recall": 0.7211349374140071, "f1-score": 0.7209850435239857, "support": 4000}, "weighted avg": {"precision": 0.7921411987388469, "recall": 0.792, "f1-score": 0.7920703815227711, "support": 4000}}, "confusion-matrix": [[2593, 417], [415, 575]]}, "6": {"report": {"False": {"precision": 0.8674941294867494, "recall": 0.8577114427860697, "f1-score": 0.8625750500333556, "support": 3015}, "True": {"precision": 0.5789990186457311, "recall": 0.5989847715736041, "f1-score": 0.5888223552894213, "support": 985}, "accuracy": 0.794, "macro avg": {"precision": 0.7232465740662403, "recall": 0.7283481071798369, "f1-score": 0.7256987026613884, "support": 4000}, "weighted avg": {"precision": 0.7964522084421487, "recall": 0.794, "f1-score": 0.7951634489526619, "support": 4000}}, "confusion-matrix": [[2586, 429], [395, 590]]}, "5": {"report": {"False": {"precision": 0.8594523259650281, "recall": 0.8642999336429993, "f1-score": 0.8618693134822167, "support": 3014}, "True": {"precision": 0.5779153766769866, "recall": 0.5679513184584178, "f1-score": 0.5728900255754475, "support": 986}, "accuracy": 0.79125, "macro avg": {"precision": 0.7186838513210073, "recall": 0.7161256260507085, "f1-score": 0.7173796695288321, "support": 4000}, "weighted avg": {"precision": 0.7900534679655258, "recall": 0.79125, "f1-score": 0.7906359190131982, "support": 4000}}, "confusion-matrix": [[2605, 409], [426, 560]]}, "8": {"report": {"False": {"precision": 0.8556113902847571, "recall": 0.8573346760657939, "f1-score": 0.8564721663313214, "support": 2979}, "True": {"precision": 0.5812807881773399, "recall": 0.5778648383937316, "f1-score": 0.5795677799607072, "support": 1021}, "accuracy": 0.786, "macro avg": {"precision": 0.7184460892310485, "recall": 0.7175997572297628, "f1-score": 0.7180199731460143, "support": 4000}, "weighted avg": {"precision": 0.7855885040968389, "recall": 0.786, "f1-score": 0.7857923217102221, "support": 4000}}, "confusion-matrix": [[2554, 425], [431, 590]]}, "10": {"report": {"False": {"precision": 0.852589641434263, "recall": 0.8545757071547421, "f1-score": 0.8535815190294166, "support": 3005}, "True": {"precision": 0.5576923076923077, "recall": 0.5537688442211055, "f1-score": 0.5557236510337872, "support": 995}, "accuracy": 0.77975, "macro avg": {"precision": 0.7051409745632853, "recall": 0.7041722756879238, "f1-score": 0.7046525850316019, "support": 4000}, "weighted avg": {"precision": 0.7792339296659516, "recall": 0.77975, "f1-score": 0.7794893743655039, "support": 4000}}, "confusion-matrix": [[2568, 437], [444, 551]]}}, "overall": {"report": {"False": {"precision": 0.8575807891525343, "recall": 0.857067365906723, "f1-score": 0.8573073464510464, "support": 30000.0}, "True": {"precision": 0.5721781762716847, "recall": 0.573012463504553, "f1-score": 0.5724930327837323, "support": 10000.0}, "macro avg": {"precision": 0.7148794827121097, "recall": 0.7150399147056381, "f1-score": 0.7149001896173894, "support": 40000.0}, "weighted avg": {"precision": 0.7862561241609731, "recall": 0.78605, "f1-score": 0.7861150393154859, "support": 40000.0}, "accuracy": 0.78605}, "confusion-matrix": [[25712.0, 4288.0], [4270.0, 5730.0]]}}