{"features": "bert-pp-emot", "classifier": "SVC", "folds": {"1": {"report": {"False": {"precision": 0.9520344029110156, "recall": 0.9635085369936391, "f1-score": 0.9577371048252912, "support": 2987}, "True": {"precision": 0.8884339815762539, "recall": 0.8568608094768015, "f1-score": 0.8723618090452261, "support": 1013}, "accuracy": 0.9365, "macro avg": {"precision": 0.9202341922436348, "recall": 0.9101846732352203, "f1-score": 0.9150494569352586, "support": 4000}, "weighted avg": {"precision": 0.9359275962079872, "recall": 0.9365, "f1-score": 0.9361158111689897, "support": 4000}}, "confusion-matrix": [[2878, 109], [145, 868]]}, "4": {"report": {"False": {"precision": 0.9476592977893368, "recall": 0.9677954847277557, "f1-score": 0.9576215505913273, "support": 3012}, "True": {"precision": 0.895021645021645, "recall": 0.8370445344129555, "f1-score": 0.865062761506276, "support": 988}, "accuracy": 0.9355, "macro avg": {"precision": 0.9213404714054909, "recall": 0.9024200095703556, "f1-score": 0.9113421560488016, "support": 4000}, "weighted avg": {"precision": 0.9346577975557169, "recall": 0.9355, "f1-score": 0.9347595296873197, "support": 4000}}, "confusion-matrix": [[2915, 97], [161, 827]]}, "2": {"report": {"False": {"precision": 0.9536489151873767, "recall": 0.9641076769690927, "f1-score": 0.9588497768963807, "support": 3009}, "True": {"precision": 0.8872651356993737, "recall": 0.8577194752774975, "f1-score": 0.8722421754746024, "support": 991}, "accuracy": 0.93775, "macro avg": {"precision": 0.9204570254433753, "recall": 0.9109135761232952, "f1-score": 0.9155459761854916, "support": 4000}, "weighted avg": {"precision": 0.937202333819224, "recall": 0.93775, "f1-score": 0.9373927436441352, "support": 4000}}, "confusion-matrix": [[2901, 108], [141, 850]]}, "3": {"report": {"False": {"precision": 0.9453355155482815, "recall": 0.9642737896494157, "f1-score": 0.9547107438016529, "support": 2995}, "True": {"precision": 0.8867724867724868, "recall": 0.8338308457711443, "f1-score": 0.8594871794871796, "support": 1005}, "accuracy": 0.9315, "macro avg": {"precision": 0.9160540011603842, "recall": 0.89905231771028, "f1-score": 0.9070989616444163, "support": 4000}, "weighted avg": {"precision": 0.930621554568363, "recall": 0.9315, "f1-score": 0.9307858232676414, "support": 4000}}, "confusion-matrix": [[2888, 107], [167, 838]]}, "7": {"report": {"False": {"precision": 0.951575456053068, "recall": 0.964694014794889, "f1-score": 0.9580898313574888, "support": 2974}, "True": {"precision": 0.8934010152284264, "recall": 0.8576998050682261, "f1-score": 0.8751864743908503, "support": 1026}, "accuracy": 0.93725, "macro avg": {"precision": 0.9224882356407472, "recall": 0.9111969099315576, "f1-score": 0.9166381528741696, "support": 4000}, "weighted avg": {"precision": 0.9366537119815475, "recall": 0.93725, "f1-score": 0.9368251202955461, "support": 4000}}, "confusion-matrix": [[2869, 105], [146, 880]]}, "8": {"report": {"False": {"precision": 0.9469871583799803, "recall": 0.9654246391406512, "f1-score": 0.9561170212765958, "support": 2979}, "True": {"precision": 0.893042575285566, "recall": 0.8423114593535749, "f1-score": 0.8669354838709677, "support": 1021}, "accuracy": 0.934, "macro avg": {"precision": 0.9200148668327731, "recall": 0.9038680492471131, "f1-score": 0.9115262525737817, "support": 4000}, "weighted avg": {"precision": 0.9332178035451311, "recall": 0.934, "f1-score": 0.9333534338538093, "support": 4000}}, "confusion-matrix": [[2876, 103], [161, 860]]}, "5": {"report": {"False": {"precision": 0.9490362626592617, "recall": 0.9638354346383543, "f1-score": 0.9563786008230452, "support": 3014}, "True": {"precision": 0.8839190628328009, "recall": 0.8417849898580122, "f1-score": 0.8623376623376624, "support": 986}, "accuracy": 0.93375, "macro avg": {"precision": 0.9164776627460313, "recall": 0.9028102122481833, "f1-score": 0.9093581315803538, "support": 4000}, "weighted avg": {"precision": 0.9329848729020391, "recall": 0.93375, "f1-score": 0.9331975094863983, "support": 4000}}, "confusion-matrix": [[2905, 109], [156, 830]]}, "9": {"report": {"False": {"precision": 0.9493629532832407, "recall": 0.9654485049833887, "f1-score": 0.9573381650469445, "support": 3010}, "True": {"precision": 0.8892438764643238, "recall": 0.8434343434343434, "f1-score": 0.8657335406946605, "support": 990}, "accuracy": 0.93525, "macro avg": {"precision": 0.9193034148737822, "recall": 0.9044414242088661, "f1-score": 0.9115358528708024, "support": 4000}, "weighted avg": {"precision": 0.9344834817705588, "recall": 0.93525, "f1-score": 0.9346660205197541, "support": 4000}}, "confusion-matrix": [[2906, 104], [155, 835]]}, "6": {"report": {"False": {"precision": 0.9554602441438469, "recall": 0.960530679933665, "f1-score": 0.9579887528944757, "support": 3015}, "True": {"precision": 0.8771929824561403, "recall": 0.8629441624365483, "f1-score": 0.8700102354145343, "support": 985}, "accuracy": 0.9365, "macro avg": {"precision": 0.9163266132999937, "recall": 0.9117374211851066, "f1-score": 0.913999494154505, "support": 4000}, "weighted avg": {"precision": 0.9361869309532491, "recall": 0.9365, "f1-score": 0.9363240429650402, "support": 4000}}, "confusion-matrix": [[2896, 119], [135, 850]]}, "10": {"report": {"False": {"precision": 0.9516288252714709, "recall": 0.962396006655574, "f1-score": 0.956982131039047, "support": 3005}, "True": {"precision": 0.882414151925078, "recall": 0.8522613065326633, "f1-score": 0.8670756646216768, "support": 995}, "accuracy": 0.935, "macro avg": {"precision": 0.9170214885982744, "recall": 0.9073286565941187, "f1-score": 0.9120288978303619, "support": 4000}, "weighted avg": {"precision": 0.9344116752765557, "recall": 0.935, "f1-score": 0.9346178975177261, "support": 4000}}, "confusion-matrix": [[2892, 113], [147, 848]]}}, "overall": {"report": {"False": {"precision": 0.950272903122688, "recall": 0.9642014768486427, "f1-score": 0.9571813678552248, "support": 30000.0}, "True": {"precision": 0.8876706913262096, "recall": 0.8485891731621766, "f1-score": 0.8676432986843636, "support": 10000.0}, "macro avg": {"precision": 0.9189717972244488, "recall": 0.9063953250054096, "f1-score": 0.9124123332697943, "support": 40000.0}, "weighted avg": {"precision": 0.9346347758580373, "recall": 0.9353000000000001, "f1-score": 0.934803793240636, "support": 40000.0}, "accuracy": 0.9353000000000001}, "confusion-matrix": [[28926.0, 1074.0], [1514.0, 8486.0]]}}