{"features": "bert", "classifier": "SVC", "folds": {"1": {"report": {"False": {"precision": 0.9433651629897926, "recall": 0.9591563441580181, "f1-score": 0.951195219123506, "support": 2987}, "True": {"precision": 0.8733125649013499, "recall": 0.8302073050345509, "f1-score": 0.8512145748987855, "support": 1013}, "accuracy": 0.9265, "macro avg": {"precision": 0.9083388639455712, "recall": 0.8946818245962844, "f1-score": 0.9012048970111457, "support": 4000}, "weighted avg": {"precision": 0.9256243425238945, "recall": 0.9265, "f1-score": 0.9258751209735956, "support": 4000}}, "confusion-matrix": [[2865, 122], [172, 841]]}, "2": {"report": {"False": {"precision": 0.9441723800195886, "recall": 0.9611166500498505, "f1-score": 0.9525691699604742, "support": 3009}, "True": {"precision": 0.8751334044823906, "recall": 0.82744702320888, "f1-score": 0.8506224066390042, "support": 991}, "accuracy": 0.928, "macro avg": {"precision": 0.9096528922509897, "recall": 0.8942818366293652, "f1-score": 0.9015957882997392, "support": 4000}, "weighted avg": {"precision": 0.9270679738302477, "recall": 0.928, "f1-score": 0.92731185934758, "support": 4000}}, "confusion-matrix": [[2892, 117], [171, 820]]}, "4": {"report": {"False": {"precision": 0.9409090909090909, "recall": 0.9621513944223108, "f1-score": 0.9514116874589625, "support": 3012}, "True": {"precision": 0.8760869565217392, "recall": 0.8157894736842105, "f1-score": 0.8448637316561846, "support": 988}, "accuracy": 0.926, "macro avg": {"precision": 0.908498023715415, "recall": 0.8889704340532607, "f1-score": 0.8981377095575735, "support": 4000}, "weighted avg": {"precision": 0.9248980237154151, "recall": 0.926, "f1-score": 0.9250943423756764, "support": 4000}}, "confusion-matrix": [[2898, 114], [182, 806]]}, "5": {"report": {"False": {"precision": 0.9459283387622149, "recall": 0.9635036496350365, "f1-score": 0.9546351084812623, "support": 3014}, "True": {"precision": 0.8817204301075269, "recall": 0.8316430020283976, "f1-score": 0.8559498956158663, "support": 986}, "accuracy": 0.931, "macro avg": {"precision": 0.9138243844348709, "recall": 0.8975733258317171, "f1-score": 0.9052925020485643, "support": 4000}, "weighted avg": {"precision": 0.9301010892788344, "recall": 0.931, "f1-score": 0.9303092035099421, "support": 4000}}, "confusion-matrix": [[2904, 110], [166, 820]]}, "10": {"report": {"False": {"precision": 0.9423706614276359, "recall": 0.9577371048252912, "f1-score": 0.9499917478131705, "support": 3005}, "True": {"precision": 0.8657505285412262, "recall": 0.8231155778894472, "f1-score": 0.8438948995363215, "support": 995}, "accuracy": 0.92425, "macro avg": {"precision": 0.9040605949844311, "recall": 0.8904263413573692, "f1-score": 0.8969433236747459, "support": 4000}, "weighted avg": {"precision": 0.9233114033721415, "recall": 0.92425, "f1-score": 0.9236001568043043, "support": 4000}}, "confusion-matrix": [[2878, 127], [176, 819]]}, "3": {"report": {"False": {"precision": 0.9433158584534731, "recall": 0.9612687813021703, "f1-score": 0.952207706300645, "support": 2995}, "True": {"precision": 0.8776371308016878, "recall": 0.8278606965174129, "f1-score": 0.8520225294418843, "support": 1005}, "accuracy": 0.92775, "macro avg": {"precision": 0.9104764946275805, "recall": 0.8945647389097916, "f1-score": 0.9021151178712646, "support": 4000}, "weighted avg": {"precision": 0.926814078130962, "recall": 0.92775, "f1-score": 0.9270361806148814, "support": 4000}}, "confusion-matrix": [[2879, 116], [173, 832]]}, "6": {"report": {"False": {"precision": 0.9475409836065574, "recall": 0.9585406301824212, "f1-score": 0.9530090684253915, "support": 3015}, "True": {"precision": 0.868421052631579, "recall": 0.8375634517766497, "f1-score": 0.8527131782945736, "support": 985}, "accuracy": 0.92875, "macro avg": {"precision": 0.9079810181190682, "recall": 0.8980520409795354, "f1-score": 0.9028611233599826, "support": 4000}, "weighted avg": {"precision": 0.928057700603969, "recall": 0.92875, "f1-score": 0.9283112054806776, "support": 4000}}, "confusion-matrix": [[2890, 125], [160, 825]]}, "7": {"report": {"False": {"precision": 0.944756864042342, "recall": 0.9603227975790182, "f1-score": 0.9524762381190596, "support": 2974}, "True": {"precision": 0.8792221084953941, "recall": 0.8372319688109162, "f1-score": 0.8577134298552171, "support": 1026}, "accuracy": 0.92875, "macro avg": {"precision": 0.911989486268868, "recall": 0.8987773831949672, "f1-score": 0.9050948339871383, "support": 4000}, "weighted avg": {"precision": 0.9279471992445499, "recall": 0.92875, "f1-score": 0.928169577799384, "support": 4000}}, "confusion-matrix": [[2856, 118], [167, 859]]}, "8": {"report": {"False": {"precision": 0.9427631578947369, "recall": 0.9620678079892582, "f1-score": 0.9523176607409869, "support": 2979}, "True": {"precision": 0.8822916666666667, "recall": 0.8295788442703232, "f1-score": 0.8551236749116609, "support": 1021}, "accuracy": 0.92825, "macro avg": {"precision": 0.9125274122807018, "recall": 0.8958233261297908, "f1-score": 0.9037206678263239, "support": 4000}, "weighted avg": {"precision": 0.9273278097587719, "recall": 0.92825, "f1-score": 0.9275088958580514, "support": 4000}}, "confusion-matrix": [[2866, 113], [174, 847]]}, "9": {"report": {"False": {"precision": 0.9462014998369742, "recall": 0.9641196013289036, "f1-score": 0.9550765180187593, "support": 3010}, "True": {"precision": 0.8842443729903537, "recall": 0.8333333333333334, "f1-score": 0.8580343213728551, "support": 990}, "accuracy": 0.93175, "macro avg": {"precision": 0.9152229364136639, "recall": 0.8987264673311185, "f1-score": 0.9065554196958072, "support": 4000}, "weighted avg": {"precision": 0.9308671109424357, "recall": 0.93175, "f1-score": 0.9310585743488979, "support": 4000}}, "confusion-matrix": [[2902, 108], [165, 825]]}}, "overall": {"report": {"False": {"precision": 0.9441323997942407, "recall": 0.960998476147228, "f1-score": 0.9524890124442216, "support": 30000.0}, "True": {"precision": 0.8763820216139914, "recall": 0.8293770676554122, "f1-score": 0.8522152642222351, "support": 10000.0}, "macro avg": {"precision": 0.9102572107041158, "recall": 0.8951877719013199, "f1-score": 0.9023521383332286, "support": 40000.0}, "weighted avg": {"precision": 0.9272016731401221, "recall": 0.9280999999999999, "f1-score": 0.9274275117112991, "support": 40000.0}, "accuracy": 0.9280999999999999}, "confusion-matrix": [[28830.0, 1170.0], [1706.0, 8294.0]]}}