{
    "overall": {
        "report": {
            "accuracy": 0.775925,
            "False": {
                "precision": 0.929263787056431,
                "recall": 0.7590333333333331,
                "f1-score": 0.8355397694398434,
                "support": 3000.0
            },
            "True": {
                "precision": 0.5335495623597803,
                "recall": 0.8266000000000002,
                "f1-score": 0.6484553680190258,
                "support": 1000.0
            },
            "weighted avg": {
                "precision": 0.8303352308822683,
                "recall": 0.775925,
                "f1-score": 0.788768669084639,
                "support": 4000.0
            }
        },
        "confusion-matrix": [
            [
                2277.1,
                722.9
            ],
            [
                173.4,
                826.6
            ]
        ]
    },
    "features": "bert-pos",
    "classifier": "BayesianNetworks"
}