{"features": "bert-pp-pos-emot", "classifier": "SVC", "folds": {"1": {"report": {"False": {"precision": 0.9419716452357402, "recall": 0.9564780716437897, "f1-score": 0.9491694352159469, "support": 2987}, "True": {"precision": 0.8655635987590486, "recall": 0.8262586377097729, "f1-score": 0.8454545454545455, "support": 1013}, "accuracy": 0.9235, "macro avg": {"precision": 0.9037676219973945, "recall": 0.8913683546767813, "f1-score": 0.8973119903352462, "support": 4000}, "weighted avg": {"precision": 0.9226213074655181, "recall": 0.9235, "f1-score": 0.922903639383872, "support": 4000}}, "confusion-matrix": [[2857, 130], [176, 837]]}, "3": {"report": {"False": {"precision": 0.9362808842652796, "recall": 0.9616026711185309, "f1-score": 0.9487728545544392, "support": 2995}, "True": {"precision": 0.8755411255411255, "recall": 0.8049751243781095, "f1-score": 0.8387765681700363, "support": 1005}, "accuracy": 0.92225, "macro avg": {"precision": 0.9059110049032025, "recall": 0.8832888977483202, "f1-score": 0.8937747113622377, "support": 4000}, "weighted avg": {"precision": 0.9210200198858358, "recall": 0.92225, "f1-score": 0.9211362876003579, "support": 4000}}, "confusion-matrix": [[2880, 115], [196, 809]]}, "2": {"report": {"False": {"precision": 0.9369487095720352, "recall": 0.9531405782652044, "f1-score": 0.9449752883031302, "support": 3009}, "True": {"precision": 0.8498402555910544, "recall": 0.805247225025227, "f1-score": 0.8269430051813471, "support": 991}, "accuracy": 0.9165, "macro avg": {"precision": 0.8933944825815447, "recall": 0.8791939016452157, "f1-score": 0.8859591467422386, "support": 4000}, "weighted avg": {"precision": 0.9153675900982472, "recall": 0.9165, "f1-score": 0.9157327901597084, "support": 4000}}, "confusion-matrix": [[2868, 141], [193, 798]]}, "4": {"report": {"False": {"precision": 0.9429133858267716, "recall": 0.954183266932271, "f1-score": 0.9485148514851485, "support": 3012}, "True": {"precision": 0.8550420168067226, "recall": 0.8238866396761133, "f1-score": 0.8391752577319587, "support": 988}, "accuracy": 0.922, "macro avg": {"precision": 0.8989777013167471, "recall": 0.8890349533041921, "f1-score": 0.8938450546085536, "support": 4000}, "weighted avg": {"precision": 0.9212091576788195, "recall": 0.922, "f1-score": 0.9215079718281105, "support": 4000}}, "confusion-matrix": [[2874, 138], [174, 814]]}, "10": {"report": {"False": {"precision": 0.9465346534653465, "recall": 0.9544093178036606, "f1-score": 0.9504556752278376, "support": 3005}, "True": {"precision": 0.8587628865979381, "recall": 0.8371859296482412, "f1-score": 0.8478371501272264, "support": 995}, "accuracy": 0.92525, "macro avg": {"precision": 0.9026487700316423, "recall": 0.8957976237259508, "f1-score": 0.8991464126775319, "support": 4000}, "weighted avg": {"precision": 0.9247014264570786, "recall": 0.92525, "f1-score": 0.9249293171090606, "support": 4000}}, "confusion-matrix": [[2868, 137], [162, 833]]}, "5": {"report": {"False": {"precision": 0.9416966917785784, "recall": 0.9538818845388188, "f1-score": 0.9477501236195812, "support": 3014}, "True": {"precision": 0.853220696937698, "recall": 0.8194726166328601, "f1-score": 0.8360062079668908, "support": 986}, "accuracy": 0.92075, "macro avg": {"precision": 0.8974586943581382, "recall": 0.8866772505858395, "f1-score": 0.891878165793236, "support": 4000}, "weighted avg": {"precision": 0.9198873590503014, "recall": 0.92075, "f1-score": 0.920205248411193, "support": 4000}}, "confusion-matrix": [[2875, 139], [178, 808]]}, "6": {"report": {"False": {"precision": 0.9454485704896484, "recall": 0.954228855721393, "f1-score": 0.9498184219214262, "support": 3015}, "True": {"precision": 0.8557993730407524, "recall": 0.8314720812182741, "f1-score": 0.84346035015448, "support": 985}, "accuracy": 0.924, "macro avg": {"precision": 0.9006239717652004, "recall": 0.8928504684698335, "f1-score": 0.8966393860379531, "support": 4000}, "weighted avg": {"precision": 0.9233724556178576, "recall": 0.924, "f1-score": 0.9236277467488156, "support": 4000}}, "confusion-matrix": [[2877, 138], [166, 819]]}, "8": {"report": {"False": {"precision": 0.9433091628213579, "recall": 0.9607250755287009, "f1-score": 0.9519374688175619, "support": 2979}, "True": {"precision": 0.8788819875776398, "recall": 0.8315377081292851, "f1-score": 0.8545546049320585, "support": 1021}, "accuracy": 0.92775, "macro avg": {"precision": 0.9110955751994989, "recall": 0.896131391828993, "f1-score": 0.9032460368748102, "support": 4000}, "weighted avg": {"precision": 0.9268641263403989, "recall": 0.92775, "f1-score": 0.9270804928107872, "support": 4000}}, "confusion-matrix": [[2862, 117], [172, 849]]}, "7": {"report": {"False": {"precision": 0.941702550513415, "recall": 0.9559515803631473, "f1-score": 0.9487735691640247, "support": 2974}, "True": {"precision": 0.8664627930682977, "recall": 0.8284600389863548, "f1-score": 0.8470353761833583, "support": 1026}, "accuracy": 0.92325, "macro avg": {"precision": 0.9040826717908563, "recall": 0.892205809674751, "f1-score": 0.8979044726736916, "support": 4000}, "weighted avg": {"precision": 0.9224035527287424, "recall": 0.92325, "f1-score": 0.9226777226644838, "support": 4000}}, "confusion-matrix": [[2843, 131], [176, 850]]}, "9": {"report": {"False": {"precision": 0.9452233452885556, "recall": 0.9631229235880399, "f1-score": 0.9540891887444461, "support": 3010}, "True": {"precision": 0.8810289389067524, "recall": 0.8303030303030303, "f1-score": 0.8549141965678627, "support": 990}, "accuracy": 0.93025, "macro avg": {"precision": 0.913126142097654, "recall": 0.8967129769455351, "f1-score": 0.9045016926561544, "support": 4000}, "weighted avg": {"precision": 0.9293352297090592, "recall": 0.93025, "f1-score": 0.9295433781807417, "support": 4000}}, "confusion-matrix": [[2899, 111], [168, 822]]}}, "overall": {"report": {"False": {"precision": 0.9422029599256728, "recall": 0.9567724225503558, "f1-score": 0.9494256877053543, "support": 30000.0}, "True": {"precision": 0.864014367282703, "recall": 0.8238799031707268, "f1-score": 0.8434157262469764, "support": 10000.0}, "macro avg": {"precision": 0.9031086636041881, "recall": 0.8903261628605412, "f1-score": 0.8964207069761653, "support": 40000.0}, "weighted avg": {"precision": 0.9226782225031858, "recall": 0.9235499999999999, "f1-score": 0.9229344594897132, "support": 40000.0}, "accuracy": 0.9235499999999999}, "confusion-matrix": [[28703.0, 1297.0], [1761.0, 8239.0]]}}