{"features": "bert-pos", "classifier": "SVC", "folds": {"3": {"report": {"False": {"precision": 0.9410423452768729, "recall": 0.9646076794657763, "f1-score": 0.952679307502061, "support": 2995}, "True": {"precision": 0.886021505376344, "recall": 0.8199004975124378, "f1-score": 0.8516795865633074, "support": 1005}, "accuracy": 0.92825, "macro avg": {"precision": 0.9135319253266085, "recall": 0.892254088489107, "f1-score": 0.9021794470326843, "support": 4000}, "weighted avg": {"precision": 0.9272183592518651, "recall": 0.92825, "f1-score": 0.9273031276161992, "support": 4000}}, "confusion-matrix": [[2889, 106], [181, 824]]}, "4": {"report": {"False": {"precision": 0.9406229720960415, "recall": 0.9624833997343958, "f1-score": 0.951427633738103, "support": 3012}, "True": {"precision": 0.8769063180827886, "recall": 0.8147773279352226, "f1-score": 0.844700944386149, "support": 988}, "accuracy": 0.926, "macro avg": {"precision": 0.9087646450894151, "recall": 0.8886303638348092, "f1-score": 0.898064289062126, "support": 4000}, "weighted avg": {"precision": 0.924884958554768, "recall": 0.926, "f1-score": 0.9250661414681703, "support": 4000}}, "confusion-matrix": [[2899, 113], [183, 805]]}, "7": {"report": {"False": {"precision": 0.9454365079365079, "recall": 0.9613315400134499, "f1-score": 0.9533177725908637, "support": 2974}, "True": {"precision": 0.882172131147541, "recall": 0.8391812865497076, "f1-score": 0.8601398601398602, "support": 1026}, "accuracy": 0.93, "macro avg": {"precision": 0.9138043195420245, "recall": 0.9002564132815787, "f1-score": 0.906728816365362, "support": 4000}, "weighted avg": {"precision": 0.9292091952901378, "recall": 0.93, "f1-score": 0.9294176380471812, "support": 4000}}, "confusion-matrix": [[2859, 115], [165, 861]]}, "1": {"report": {"False": {"precision": 0.9425476034143139, "recall": 0.9611650485436893, "f1-score": 0.9517652909000497, "support": 2987}, "True": {"precision": 0.8784067085953878, "recall": 0.8272458045409674, "f1-score": 0.8520589730554143, "support": 1013}, "accuracy": 0.92725, "macro avg": {"precision": 0.9104771560048508, "recall": 0.8942054265423284, "f1-score": 0.901912131977732, "support": 4000}, "weighted avg": {"precision": 0.9263039218014208, "recall": 0.92725, "f1-score": 0.9265146659058957, "support": 4000}}, "confusion-matrix": [[2871, 116], [175, 838]]}, "2": {"report": {"False": {"precision": 0.9451159751715126, "recall": 0.9614489863742107, "f1-score": 0.9532125205930806, "support": 3009}, "True": {"precision": 0.8764643237486688, "recall": 0.8304742684157417, "f1-score": 0.8528497409326425, "support": 991}, "accuracy": 0.929, "macro avg": {"precision": 0.9107901494600907, "recall": 0.8959616273949762, "f1-score": 0.9030311307628616, "support": 4000}, "weighted avg": {"precision": 0.928107528531503, "recall": 0.929, "f1-score": 0.928347641932207, "support": 4000}}, "confusion-matrix": [[2893, 116], [168, 823]]}, "5": {"report": {"False": {"precision": 0.9437581274382315, "recall": 0.9631718646317187, "f1-score": 0.9533661740558294, "support": 3014}, "True": {"precision": 0.8798701298701299, "recall": 0.8245436105476673, "f1-score": 0.8513089005235601, "support": 986}, "accuracy": 0.929, "macro avg": {"precision": 0.9118141286541808, "recall": 0.893857737589693, "f1-score": 0.9023375372896947, "support": 4000}, "weighted avg": {"precision": 0.9280097360376944, "recall": 0.929, "f1-score": 0.9282090561301249, "support": 4000}}, "confusion-matrix": [[2903, 111], [173, 813]]}, "10": {"report": {"False": {"precision": 0.9429882044560943, "recall": 0.9577371048252912, "f1-score": 0.9503054317318805, "support": 3005}, "True": {"precision": 0.8660337552742616, "recall": 0.8251256281407036, "f1-score": 0.845084920226454, "support": 995}, "accuracy": 0.92475, "macro avg": {"precision": 0.904510979865178, "recall": 0.8914313664829974, "f1-score": 0.8976951759791673, "support": 4000}, "weighted avg": {"precision": 0.9238457852221134, "recall": 0.92475, "f1-score": 0.9241318294949057, "support": 4000}}, "confusion-matrix": [[2878, 127], [174, 821]]}, "6": {"report": {"False": {"precision": 0.9484061781137035, "recall": 0.9572139303482587, "f1-score": 0.9527896995708154, "support": 3015}, "True": {"precision": 0.8652037617554859, "recall": 0.8406091370558376, "f1-score": 0.8527291452111225, "support": 985}, "accuracy": 0.9285, "macro avg": {"precision": 0.9068049699345947, "recall": 0.8989115337020481, "f1-score": 0.902759422390969, "support": 4000}, "weighted avg": {"precision": 0.9279175830854924, "recall": 0.9285, "f1-score": 0.928149788059741, "support": 4000}}, "confusion-matrix": [[2886, 129], [157, 828]]}, "9": {"report": {"False": {"precision": 0.9456557110315652, "recall": 0.9654485049833887, "f1-score": 0.9554496136774618, "support": 3010}, "True": {"precision": 0.8878101402373247, "recall": 0.8313131313131313, "f1-score": 0.8586332811684925, "support": 990}, "accuracy": 0.93225, "macro avg": {"precision": 0.916732925634445, "recall": 0.89838081814826, "f1-score": 0.9070414474229771, "support": 4000}, "weighted avg": {"precision": 0.9313389322599906, "recall": 0.93225, "f1-score": 0.931487571381492, "support": 4000}}, "confusion-matrix": [[2906, 104], [167, 823]]}, "8": {"report": {"False": {"precision": 0.9424152681803225, "recall": 0.9613964417589795, "f1-score": 0.9518112329677634, "support": 2979}, "True": {"precision": 0.8803329864724245, "recall": 0.8285994123408423, "f1-score": 0.8536831483350151, "support": 1021}, "accuracy": 0.9275, "macro avg": {"precision": 0.9113741273263736, "recall": 0.8949979270499109, "f1-score": 0.9027471906513893, "support": 4000}, "weighted avg": {"precision": 0.9265687657743815, "recall": 0.9275, "f1-score": 0.9267640393652543, "support": 4000}}, "confusion-matrix": [[2864, 115], [175, 846]]}}, "overall": {"report": {"False": {"precision": 0.9437988893115167, "recall": 0.9616004500679158, "f1-score": 0.9526124677327908, "support": 30000.0}, "True": {"precision": 0.8779221760560357, "recall": 0.828177010435226, "f1-score": 0.8522868500542018, "support": 10000.0}, "macro avg": {"precision": 0.9108605326837761, "recall": 0.8948887302515708, "f1-score": 0.9024496588934964, "support": 40000.0}, "weighted avg": {"precision": 0.9273404765809368, "recall": 0.92825, "f1-score": 0.9275391499401172, "support": 40000.0}, "accuracy": 0.92825}, "confusion-matrix": [[28848.0, 1152.0], [1718.0, 8282.0]]}}