{"features": "bert-pp-pos-emot", "classifier": "DecisionTreeClassifier", "folds": {"3": {"report": {"False": {"precision": 0.9062811565304087, "recall": 0.9105175292153589, "f1-score": 0.9083944037308461, "support": 2995}, "True": {"precision": 0.7295660948536832, "recall": 0.7194029850746269, "f1-score": 0.7244488977955912, "support": 1005}, "accuracy": 0.8625, "macro avg": {"precision": 0.8179236256920459, "recall": 0.8149602571449929, "f1-score": 0.8164216507632187, "support": 4000}, "weighted avg": {"precision": 0.8618814972841314, "recall": 0.8625, "f1-score": 0.8621780953646133, "support": 4000}}, "confusion-matrix": [[2727, 268], [282, 723]]}, "4": {"report": {"False": {"precision": 0.9080421885299934, "recall": 0.9146746347941567, "f1-score": 0.9113463446907047, "support": 3012}, "True": {"precision": 0.7339544513457557, "recall": 0.7176113360323887, "f1-score": 0.7256908904810645, "support": 988}, "accuracy": 0.866, "macro avg": {"precision": 0.8209983199378745, "recall": 0.8161429854132727, "f1-score": 0.8185186175858846, "support": 4000}, "weighted avg": {"precision": 0.8650425174454868, "recall": 0.866, "f1-score": 0.8654894475009236, "support": 4000}}, "confusion-matrix": [[2755, 257], [279, 709]]}, "1": {"report": {"False": {"precision": 0.9100369251426653, "recall": 0.9075995982591228, "f1-score": 0.9088166275561514, "support": 2987}, "True": {"precision": 0.7296767874632712, "recall": 0.7354392892398816, "f1-score": 0.7325467059980334, "support": 1013}, "accuracy": 0.864, "macro avg": {"precision": 0.8198568563029682, "recall": 0.8215194437495021, "f1-score": 0.8206816667770924, "support": 4000}, "weighted avg": {"precision": 0.8643607202753587, "recall": 0.864, "f1-score": 0.864176269921558, "support": 4000}}, "confusion-matrix": [[2711, 276], [268, 745]]}, "6": {"report": {"False": {"precision": 0.9188552188552188, "recall": 0.9051409618573798, "f1-score": 0.9119465329991646, "support": 3015}, "True": {"precision": 0.7223300970873786, "recall": 0.7553299492385787, "f1-score": 0.7384615384615384, "support": 985}, "accuracy": 0.86825, "macro avg": {"precision": 0.8205926579712988, "recall": 0.8302354555479792, "f1-score": 0.8252040357303515, "support": 4000}, "weighted avg": {"precision": 0.870460907619888, "recall": 0.86825, "f1-score": 0.8692258530942741, "support": 4000}}, "confusion-matrix": [[2729, 286], [241, 744]]}, "7": {"report": {"False": {"precision": 0.9063957361758828, "recall": 0.9149293880295898, "f1-score": 0.9106425702811246, "support": 2974}, "True": {"precision": 0.7464929859719439, "recall": 0.7261208576998051, "f1-score": 0.7361660079051384, "support": 1026}, "accuracy": 0.8665, "macro avg": {"precision": 0.8264443610739134, "recall": 0.8205251228646975, "f1-score": 0.8234042890931315, "support": 4000}, "weighted avg": {"precision": 0.8653806807485724, "recall": 0.8665, "f1-score": 0.8658893320316842, "support": 4000}}, "confusion-matrix": [[2721, 253], [281, 745]]}, "5": {"report": {"False": {"precision": 0.9164179104477612, "recall": 0.9167219641672196, "f1-score": 0.9165699120915574, "support": 3014}, "True": {"precision": 0.7451776649746192, "recall": 0.744421906693712, "f1-score": 0.7447995941146626, "support": 986}, "accuracy": 0.87425, "macro avg": {"precision": 0.8307977877111903, "recall": 0.8305719354304658, "f1-score": 0.83068475310311, "support": 4000}, "weighted avg": {"precision": 0.8742071899386317, "recall": 0.87425, "f1-score": 0.8742285287102528, "support": 4000}}, "confusion-matrix": [[2763, 251], [252, 734]]}, "10": {"report": {"False": {"precision": 0.9129698611581443, "recall": 0.897171381031614, "f1-score": 0.9050016784155758, "support": 3005}, "True": {"precision": 0.7048710601719198, "recall": 0.7417085427135678, "f1-score": 0.722820763956905, "support": 995}, "accuracy": 0.8585, "macro avg": {"precision": 0.808920460665032, "recall": 0.8194399618725909, "f1-score": 0.8139112211862404, "support": 4000}, "weighted avg": {"precision": 0.8612052844128208, "recall": 0.8585, "f1-score": 0.8596841759439815, "support": 4000}}, "confusion-matrix": [[2696, 309], [257, 738]]}, "8": {"report": {"False": {"precision": 0.9082415749082415, "recall": 0.9137294394091977, "f1-score": 0.9109772423025435, "support": 2979}, "True": {"precision": 0.7437686939182453, "recall": 0.7306562193927522, "f1-score": 0.7371541501976284, "support": 1021}, "accuracy": 0.867, "macro avg": {"precision": 0.8260051344132434, "recall": 0.8221928294009749, "f1-score": 0.824065696250086, "support": 4000}, "weighted avg": {"precision": 0.8662598720355451, "recall": 0.867, "f1-score": 0.866608898042764, "support": 4000}}, "confusion-matrix": [[2722, 257], [275, 746]]}, "2": {"report": {"False": {"precision": 0.911404958677686, "recall": 0.9162512462612163, "f1-score": 0.9138216771627444, "support": 3009}, "True": {"precision": 0.7415384615384616, "recall": 0.7295660948536832, "f1-score": 0.7355035605289929, "support": 991}, "accuracy": 0.87, "macro avg": {"precision": 0.8264717101080739, "recall": 0.8229086705574498, "f1-score": 0.8246626188458687, "support": 4000}, "weighted avg": {"precision": 0.8693205340114433, "recall": 0.87, "f1-score": 0.8696433637667326, "support": 4000}}, "confusion-matrix": [[2757, 252], [268, 723]]}, "9": {"report": {"False": {"precision": 0.9100790513833992, "recall": 0.9179401993355482, "f1-score": 0.9139927224611314, "support": 3010}, "True": {"precision": 0.7437759336099585, "recall": 0.7242424242424242, "f1-score": 0.7338792221084954, "support": 990}, "accuracy": 0.87, "macro avg": {"precision": 0.8269274924966789, "recall": 0.8210913117889862, "f1-score": 0.8239359722848134, "support": 4000}, "weighted avg": {"precision": 0.8689190297344725, "recall": 0.87, "f1-score": 0.869414631123854, "support": 4000}}, "confusion-matrix": [[2763, 247], [273, 717]]}}, "overall": {"report": {"False": {"precision": 0.9108724581809401, "recall": 0.9114676342360404, "f1-score": 0.9111509711691544, "support": 30000.0}, "True": {"precision": 0.7341152230935237, "recall": 0.732449960518142, "f1-score": 0.733147133154805, "support": 10000.0}, "macro avg": {"precision": 0.8224938406372319, "recall": 0.8219587973770912, "f1-score": 0.8221490521619798, "support": 40000.0}, "weighted avg": {"precision": 0.866703823350635, "recall": 0.8667, "f1-score": 0.8666538595500638, "support": 40000.0}, "accuracy": 0.8667}, "confusion-matrix": [[27344.0, 2656.0], [2676.0, 7324.0]]}}