{"features": "bert-pos", "classifier": "SVC", "folds": {"2": {"report": {"False": {"precision": 0.91266516274573, "recall": 0.9411764705882353, "f1-score": 0.9267015706806283, "support": 3009}, "True": {"precision": 0.802675585284281, "recall": 0.7265388496468214, "f1-score": 0.7627118644067796, "support": 991}, "accuracy": 0.888, "macro avg": {"precision": 0.8576703740150055, "recall": 0.8338576601175283, "f1-score": 0.844706717543704, "support": 4000}, "weighted avg": {"precision": 0.885415244929656, "recall": 0.888, "f1-score": 0.8860731209512823, "support": 4000}}, "confusion-matrix": [[2832, 177], [271, 720]]}, "7": {"report": {"False": {"precision": 0.9170491803278689, "recall": 0.9404841963685272, "f1-score": 0.9286188579017265, "support": 2974}, "True": {"precision": 0.8136842105263158, "recall": 0.753411306042885, "f1-score": 0.7823886639676112, "support": 1026}, "accuracy": 0.8925, "macro avg": {"precision": 0.8653666954270923, "recall": 0.8469477512057061, "f1-score": 0.8555037609346688, "support": 4000}, "weighted avg": {"precision": 0.8905360655737705, "recall": 0.8925, "f1-score": 0.8911108131576259, "support": 4000}}, "confusion-matrix": [[2797, 177], [253, 773]]}, "4": {"report": {"False": {"precision": 0.9202092871157619, "recall": 0.9342629482071713, "f1-score": 0.9271828665568369, "support": 3012}, "True": {"precision": 0.7898089171974523, "recall": 0.7530364372469636, "f1-score": 0.7709844559585493, "support": 988}, "accuracy": 0.8895, "macro avg": {"precision": 0.8550091021566071, "recall": 0.8436496927270674, "f1-score": 0.8490836612576931, "support": 4000}, "weighted avg": {"precision": 0.8880003957459394, "recall": 0.8895, "f1-score": 0.8886018591390598, "support": 4000}}, "confusion-matrix": [[2814, 198], [244, 744]]}, "3": {"report": {"False": {"precision": 0.9147211413748378, "recall": 0.9419031719532555, "f1-score": 0.9281131765092944, "support": 2995}, "True": {"precision": 0.8100436681222707, "recall": 0.7383084577114428, "f1-score": 0.7725143154606975, "support": 1005}, "accuracy": 0.89075, "macro avg": {"precision": 0.8623824047485542, "recall": 0.8401058148323491, "f1-score": 0.8503137459849959, "support": 4000}, "weighted avg": {"precision": 0.8884209262201304, "recall": 0.89075, "f1-score": 0.8890189626708345, "support": 4000}}, "confusion-matrix": [[2821, 174], [263, 742]]}, "8": {"report": {"False": {"precision": 0.9140882159315339, "recall": 0.9321920107418596, "f1-score": 0.9230513544955958, "support": 2979}, "True": {"precision": 0.7900207900207901, "recall": 0.7443682664054848, "f1-score": 0.7665153807362582, "support": 1021}, "accuracy": 0.88425, "macro avg": {"precision": 0.8520545029761619, "recall": 0.8382801385736722, "f1-score": 0.8447833676159271, "support": 4000}, "weighted avg": {"precision": 0.8824200054678165, "recall": 0.88425, "f1-score": 0.8830955471935249, "support": 4000}}, "confusion-matrix": [[2777, 202], [261, 760]]}, "10": {"report": {"False": {"precision": 0.9173983739837398, "recall": 0.9387687188019966, "f1-score": 0.9279605263157894, "support": 3005}, "True": {"precision": 0.8010810810810811, "recall": 0.7447236180904523, "f1-score": 0.771875, "support": 995}, "accuracy": 0.8905, "macro avg": {"precision": 0.8592397275324104, "recall": 0.8417461684462244, "f1-score": 0.8499177631578947, "support": 4000}, "weighted avg": {"precision": 0.8884644473742035, "recall": 0.8905, "f1-score": 0.8891342516447368, "support": 4000}}, "confusion-matrix": [[2821, 184], [254, 741]]}, "1": {"report": {"False": {"precision": 0.9156901041666666, "recall": 0.941747572815534, "f1-score": 0.928536062056445, "support": 2987}, "True": {"precision": 0.8125, "recall": 0.7443237907206318, "f1-score": 0.7769191138588357, "support": 1013}, "accuracy": 0.89175, "macro avg": {"precision": 0.8640950520833333, "recall": 0.8430356817680829, "f1-score": 0.8527275879576404, "support": 4000}, "weighted avg": {"precision": 0.8895572102864583, "recall": 0.89175, "f1-score": 0.8901390699254005, "support": 4000}}, "confusion-matrix": [[2813, 174], [259, 754]]}, "9": {"report": {"False": {"precision": 0.9234511839117743, "recall": 0.9458471760797342, "f1-score": 0.9345150172328902, "support": 3010}, "True": {"precision": 0.822246455834242, "recall": 0.7616161616161616, "f1-score": 0.7907708442579969, "support": 990}, "accuracy": 0.90025, "macro avg": {"precision": 0.8728488198730082, "recall": 0.8537316688479479, "f1-score": 0.8626429307454435, "support": 4000}, "weighted avg": {"precision": 0.8984030137125851, "recall": 0.90025, "f1-score": 0.8989383344216042, "support": 4000}}, "confusion-matrix": [[2847, 163], [236, 754]]}, "6": {"report": {"False": {"precision": 0.9204141054674863, "recall": 0.9436152570480929, "f1-score": 0.931870291516541, "support": 3015}, "True": {"precision": 0.812981298129813, "recall": 0.750253807106599, "f1-score": 0.7803590285110877, "support": 985}, "accuracy": 0.896, "macro avg": {"precision": 0.8666977017986497, "recall": 0.8469345320773459, "f1-score": 0.8561146600138143, "support": 4000}, "weighted avg": {"precision": 0.8939587766605842, "recall": 0.896, "f1-score": 0.8945606430014482, "support": 4000}}, "confusion-matrix": [[2845, 170], [246, 739]]}, "5": {"report": {"False": {"precision": 0.9222042139384117, "recall": 0.9439283344392834, "f1-score": 0.9329398262010166, "support": 3014}, "True": {"precision": 0.8153005464480875, "recall": 0.7565922920892495, "f1-score": 0.784850078905839, "support": 986}, "accuracy": 0.89775, "macro avg": {"precision": 0.8687523801932495, "recall": 0.8502603132642664, "f1-score": 0.8588949525534277, "support": 4000}, "weighted avg": {"precision": 0.8958524599020468, "recall": 0.89775, "f1-score": 0.8964357034927553, "support": 4000}}, "confusion-matrix": [[2845, 169], [240, 746]]}}, "overall": {"report": {"False": {"precision": 0.9177890968963812, "recall": 0.9403925857043689, "f1-score": 0.9289489549466763, "support": 30000.0}, "True": {"precision": 0.8070342552644334, "recall": 0.7473172986676692, "f1-score": 0.7759888746063655, "support": 10000.0}, "macro avg": {"precision": 0.8624116760804073, "recall": 0.843854942186019, "f1-score": 0.8524689147765209, "support": 40000.0}, "weighted avg": {"precision": 0.8901028545873191, "recall": 0.8921250000000001, "f1-score": 0.8907108305598272, "support": 40000.0}, "accuracy": 0.8921250000000001}, "confusion-matrix": [[28212.0, 1788.0], [2527.0, 7473.0]]}}