{"features": "bert-pp", "classifier": "SVC", "folds": {"2": {"report": {"False": {"precision": 0.9529295589203424, "recall": 0.9621136590229312, "f1-score": 0.9574995865718539, "support": 3009}, "True": {"precision": 0.8814968814968815, "recall": 0.8557013118062563, "f1-score": 0.8684075780849975, "support": 991}, "accuracy": 0.93575, "macro avg": {"precision": 0.917213220208612, "recall": 0.9089074854145938, "f1-score": 0.9129535823284256, "support": 4000}, "weighted avg": {"precision": 0.9352321130886799, "recall": 0.93575, "f1-score": 0.9354270414692352, "support": 4000}}, "confusion-matrix": [[2895, 114], [143, 848]]}, "1": {"report": {"False": {"precision": 0.9491077329808327, "recall": 0.9614998326079679, "f1-score": 0.9552635955429901, "support": 2987}, "True": {"precision": 0.8819301848049281, "recall": 0.8479763079960513, "f1-score": 0.8646200301962758, "support": 1013}, "accuracy": 0.93275, "macro avg": {"precision": 0.9155189588928805, "recall": 0.9047380703020096, "f1-score": 0.9099418128696329, "support": 4000}, "weighted avg": {"precision": 0.9320950189052849, "recall": 0.93275, "f1-score": 0.9323081126189348, "support": 4000}}, "confusion-matrix": [[2872, 115], [154, 859]]}, "4": {"report": {"False": {"precision": 0.9487430623571662, "recall": 0.9648074369189907, "f1-score": 0.9567078189300412, "support": 3012}, "True": {"precision": 0.8868729989327642, "recall": 0.8410931174089069, "f1-score": 0.8633766233766235, "support": 988}, "accuracy": 0.93425, "macro avg": {"precision": 0.9178080306449652, "recall": 0.9029502771639488, "f1-score": 0.9100422211533323, "support": 4000}, "weighted avg": {"precision": 0.9334611566913389, "recall": 0.93425, "f1-score": 0.9336550136283471, "support": 4000}}, "confusion-matrix": [[2906, 106], [157, 831]]}, "3": {"report": {"False": {"precision": 0.9475925319358008, "recall": 0.9659432387312187, "f1-score": 0.9566798941798941, "support": 2995}, "True": {"precision": 0.8922914466737064, "recall": 0.8407960199004975, "f1-score": 0.8657786885245901, "support": 1005}, "accuracy": 0.9345, "macro avg": {"precision": 0.9199419893047536, "recall": 0.9033696293158581, "f1-score": 0.9112292913522421, "support": 4000}, "weighted avg": {"precision": 0.9336981342636996, "recall": 0.9345, "f1-score": 0.933840966258999, "support": 4000}}, "confusion-matrix": [[2893, 102], [160, 845]]}, "8": {"report": {"False": {"precision": 0.949438202247191, "recall": 0.9644175897952333, "f1-score": 0.9568692756036635, "support": 2979}, "True": {"precision": 0.891170431211499, "recall": 0.8501469147894222, "f1-score": 0.8701754385964912, "support": 1021}, "accuracy": 0.93525, "macro avg": {"precision": 0.920304316729345, "recall": 0.9072822522923277, "f1-score": 0.9135223571000773, "support": 4000}, "weighted avg": {"precision": 0.9345653536903306, "recall": 0.93525, "f1-score": 0.9347406737075828, "support": 4000}}, "confusion-matrix": [[2873, 106], [153, 868]]}, "6": {"report": {"False": {"precision": 0.9545604214685545, "recall": 0.9615257048092869, "f1-score": 0.9580304031725049, "support": 3015}, "True": {"precision": 0.8795430944963655, "recall": 0.8598984771573605, "f1-score": 0.8696098562628337, "support": 985}, "accuracy": 0.9365, "macro avg": {"precision": 0.91705175798246, "recall": 0.9107120909833237, "f1-score": 0.9138201297176693, "support": 4000}, "weighted avg": {"precision": 0.936087404701653, "recall": 0.9365, "f1-score": 0.9362568434959982, "support": 4000}}, "confusion-matrix": [[2899, 116], [138, 847]]}, "7": {"report": {"False": {"precision": 0.951195219123506, "recall": 0.9633490248823133, "f1-score": 0.9572335449381891, "support": 2974}, "True": {"precision": 0.8896761133603239, "recall": 0.8567251461988304, "f1-score": 0.8728897715988084, "support": 1026}, "accuracy": 0.936, "macro avg": {"precision": 0.920435666241915, "recall": 0.9100370855405719, "f1-score": 0.9150616582684987, "support": 4000}, "weighted avg": {"precision": 0.9354155684952498, "recall": 0.936, "f1-score": 0.935599367076638, "support": 4000}}, "confusion-matrix": [[2865, 109], [147, 879]]}, "9": {"report": {"False": {"precision": 0.9519293655984303, "recall": 0.967109634551495, "f1-score": 0.9594594594594594, "support": 3010}, "True": {"precision": 0.8949044585987261, "recall": 0.8515151515151516, "f1-score": 0.8726708074534162, "support": 990}, "accuracy": 0.9385, "macro avg": {"precision": 0.9234169120985782, "recall": 0.9093123930333233, "f1-score": 0.9160651334564378, "support": 4000}, "weighted avg": {"precision": 0.9378157011160035, "recall": 0.9385, "f1-score": 0.9379792680879637, "support": 4000}}, "confusion-matrix": [[2911, 99], [147, 843]]}, "5": {"report": {"False": {"precision": 0.9494916366021646, "recall": 0.9605175846051759, "f1-score": 0.954972785749629, "support": 3014}, "True": {"precision": 0.8748685594111462, "recall": 0.8438133874239351, "f1-score": 0.8590604026845639, "support": 986}, "accuracy": 0.93175, "macro avg": {"precision": 0.9121800980066554, "recall": 0.9021654860145555, "f1-score": 0.9070165942170965, "support": 4000}, "weighted avg": {"precision": 0.9310970480745786, "recall": 0.93175, "f1-score": 0.9313303833240905, "support": 4000}}, "confusion-matrix": [[2895, 119], [154, 832]]}, "10": {"report": {"False": {"precision": 0.9574892062437729, "recall": 0.9594009983361065, "f1-score": 0.9584441489361702, "support": 3005}, "True": {"precision": 0.8766430738119313, "recall": 0.871356783919598, "f1-score": 0.873991935483871, "support": 995}, "accuracy": 0.9375, "macro avg": {"precision": 0.9170661400278521, "recall": 0.9153788911278522, "f1-score": 0.9162180422100206, "support": 4000}, "weighted avg": {"precision": 0.9373787308013523, "recall": 0.9375, "f1-score": 0.9374366608399108, "support": 4000}}, "confusion-matrix": [[2883, 122], [128, 867]]}}, "overall": {"report": {"False": {"precision": 0.9512476937477761, "recall": 0.9630684704260718, "f1-score": 0.9571160513084396, "support": 30000.0}, "True": {"precision": 0.8849397242798271, "recall": 0.851902261811601, "f1-score": 0.8680581132262472, "support": 10000.0}, "macro avg": {"precision": 0.9180937090138016, "recall": 0.9074853661188366, "f1-score": 0.9125870822673432, "support": 40000.0}, "weighted avg": {"precision": 0.9346846229828172, "recall": 0.9352749999999999, "f1-score": 0.9348574330507701, "support": 40000.0}, "accuracy": 0.9352749999999999}, "confusion-matrix": [[28892.0, 1108.0], [1481.0, 8519.0]]}}