{"features": "bert-pp-emot", "classifier": "DecisionTreeClassifier", "folds": {"3": {"report": {"False": {"precision": 0.9103214890016921, "recall": 0.8981636060100167, "f1-score": 0.9042016806722689, "support": 2995}, "True": {"precision": 0.7081339712918661, "recall": 0.736318407960199, "f1-score": 0.7219512195121951, "support": 1005}, "accuracy": 0.8575, "macro avg": {"precision": 0.8092277301467791, "recall": 0.8172410069851078, "f1-score": 0.8130764500922321, "support": 4000}, "weighted avg": {"precision": 0.8595218751770983, "recall": 0.8575, "f1-score": 0.8584112523058004, "support": 4000}}, "confusion-matrix": [[2690, 305], [265, 740]]}, "1": {"report": {"False": {"precision": 0.9082969432314411, "recall": 0.905256109809173, "f1-score": 0.9067739771965123, "support": 2987}, "True": {"precision": 0.7233626588465298, "recall": 0.7305034550839091, "f1-score": 0.7269155206286836, "support": 1013}, "accuracy": 0.861, "macro avg": {"precision": 0.8158298010389855, "recall": 0.8178797824465411, "f1-score": 0.816844748912598, "support": 4000}, "weighted avg": {"precision": 0.8614623357109622, "recall": 0.861, "f1-score": 0.8612248230707097, "support": 4000}}, "confusion-matrix": [[2704, 283], [273, 740]]}, "4": {"report": {"False": {"precision": 0.9036065573770492, "recall": 0.9150066401062417, "f1-score": 0.9092708677004289, "support": 3012}, "True": {"precision": 0.7305263157894737, "recall": 0.7024291497975709, "f1-score": 0.7162022703818369, "support": 988}, "accuracy": 0.8625, "macro avg": {"precision": 0.8170664365832614, "recall": 0.8087178949519063, "f1-score": 0.8127365690411329, "support": 4000}, "weighted avg": {"precision": 0.8608557377049181, "recall": 0.8625, "f1-score": 0.8615829241627366, "support": 4000}}, "confusion-matrix": [[2756, 256], [294, 694]]}, "6": {"report": {"False": {"precision": 0.9126957680773076, "recall": 0.9084577114427861, "f1-score": 0.9105718085106382, "support": 3015}, "True": {"precision": 0.7237237237237237, "recall": 0.7340101522842639, "f1-score": 0.7288306451612904, "support": 985}, "accuracy": 0.8655, "macro avg": {"precision": 0.8182097459005157, "recall": 0.821233931863525, "f1-score": 0.8197012268359642, "support": 4000}, "weighted avg": {"precision": 0.8661614021552376, "recall": 0.8655, "f1-score": 0.8658180470358614, "support": 4000}}, "confusion-matrix": [[2739, 276], [262, 723]]}, "7": {"report": {"False": {"precision": 0.9155166610568832, "recall": 0.9145931405514459, "f1-score": 0.9150546677880572, "support": 2974}, "True": {"precision": 0.7531584062196307, "recall": 0.7553606237816765, "f1-score": 0.7542579075425792, "support": 1026}, "accuracy": 0.87375, "macro avg": {"precision": 0.834337533638257, "recall": 0.8349768821665612, "f1-score": 0.8346562876653182, "support": 4000}, "weighted avg": {"precision": 0.8738717686911279, "recall": 0.87375, "f1-score": 0.8738102987850921, "support": 4000}}, "confusion-matrix": [[2720, 254], [251, 775]]}, "10": {"report": {"False": {"precision": 0.9119241192411924, "recall": 0.8958402662229618, "f1-score": 0.9038106429410778, "support": 3005}, "True": {"precision": 0.7013358778625954, "recall": 0.7386934673366834, "f1-score": 0.7195301027900146, "support": 995}, "accuracy": 0.85675, "macro avg": {"precision": 0.8066299985518939, "recall": 0.8172668667798226, "f1-score": 0.8116703728655462, "support": 4000}, "weighted avg": {"precision": 0.8595402941982664, "recall": 0.85675, "f1-score": 0.8579708585785009, "support": 4000}}, "confusion-matrix": [[2692, 313], [260, 735]]}, "9": {"report": {"False": {"precision": 0.9072233267064281, "recall": 0.9096345514950166, "f1-score": 0.9084273390842734, "support": 3010}, "True": {"precision": 0.7230142566191446, "recall": 0.7171717171717171, "f1-score": 0.7200811359026369, "support": 990}, "accuracy": 0.862, "macro avg": {"precision": 0.8151187916627864, "recall": 0.8134031343333669, "f1-score": 0.8142542374934552, "support": 4000}, "weighted avg": {"precision": 0.8616315818598255, "recall": 0.862, "f1-score": 0.8618116537968185, "support": 4000}}, "confusion-matrix": [[2738, 272], [280, 710]]}, "5": {"report": {"False": {"precision": 0.9094501152453078, "recall": 0.9163901791639018, "f1-score": 0.9129069575276814, "support": 3014}, "True": {"precision": 0.7383177570093458, "recall": 0.7210953346855984, "f1-score": 0.7296049256028733, "support": 986}, "accuracy": 0.86825, "macro avg": {"precision": 0.8238839361273268, "recall": 0.8187427569247501, "f1-score": 0.8212559415652774, "support": 4000}, "weighted avg": {"precision": 0.8672659889401432, "recall": 0.86825, "f1-score": 0.8677230066582161, "support": 4000}}, "confusion-matrix": [[2762, 252], [275, 711]]}, "2": {"report": {"False": {"precision": 0.9042904290429042, "recall": 0.9106015287470921, "f1-score": 0.9074350057956614, "support": 3009}, "True": {"precision": 0.722680412371134, "recall": 0.7073662966700303, "f1-score": 0.7149413564507904, "support": 991}, "accuracy": 0.86025, "macro avg": {"precision": 0.8134854207070191, "recall": 0.8089839127085612, "f1-score": 0.8111881811232259, "support": 4000}, "weighted avg": {"precision": 0.8592965474124732, "recall": 0.86025, "f1-score": 0.8597447041704696, "support": 4000}}, "confusion-matrix": [[2740, 269], [290, 701]]}, "8": {"report": {"False": {"precision": 0.9104876419505677, "recall": 0.915072171869755, "f1-score": 0.9127741503432111, "support": 2979}, "True": {"precision": 0.7485089463220675, "recall": 0.7375122428991185, "f1-score": 0.7429699062654169, "support": 1021}, "accuracy": 0.86975, "macro avg": {"precision": 0.8294982941363176, "recall": 0.8262922073844368, "f1-score": 0.827872028304314, "support": 4000}, "weighted avg": {"precision": 0.8691425798913931, "recall": 0.86975, "f1-score": 0.869431617042354, "support": 4000}}, "confusion-matrix": [[2726, 253], [268, 753]]}}, "overall": {"report": {"False": {"precision": 0.9093813050930774, "recall": 0.908901590541839, "f1-score": 0.9091227097559811, "support": 30000.0}, "True": {"precision": 0.7272762326055512, "recall": 0.7280460847670767, "f1-score": 0.7275284990238318, "support": 10000.0}, "macro avg": {"precision": 0.8183287688493144, "recall": 0.818473837654458, "f1-score": 0.8183256043899064, "support": 40000.0}, "weighted avg": {"precision": 0.8638750111741444, "recall": 0.863725, "f1-score": 0.8637529185606561, "support": 40000.0}, "accuracy": 0.863725}, "confusion-matrix": [[27267.0, 2733.0], [2718.0, 7282.0]]}}