{
    "overall": {
        "report": {
            "accuracy": 0.7757999999999999,
            "False": {
                "precision": 0.9289302978879561,
                "recall": 0.7591666666666667,
                "f1-score": 0.8354876252366628,
                "support": 3000.0
            },
            "True": {
                "precision": 0.5334150615130102,
                "recall": 0.8257000000000001,
                "f1-score": 0.6480825746684732,
                "support": 1000.0
            },
            "weighted avg": {
                "precision": 0.8300514887942196,
                "recall": 0.7758,
                "f1-score": 0.7886363625946153,
                "support": 4000.0
            }
        },
        "confusion-matrix": [
            [
                2277.5,
                722.5
            ],
            [
                174.3,
                825.7
            ]
        ]
    },
    "features": "bert-emot",
    "classifier": "BayesianNetworks"
}