{"features": "bert-pp-pos", "classifier": "SVC", "folds": {"1": {"report": {"False": {"precision": 0.9494549058473737, "recall": 0.9621694007365249, "f1-score": 0.9557698703026272, "support": 2987}, "True": {"precision": 0.8838643371017472, "recall": 0.8489634748272458, "f1-score": 0.8660624370594159, "support": 1013}, "accuracy": 0.9335, "macro avg": {"precision": 0.9166596214745604, "recall": 0.9055664377818853, "f1-score": 0.9109161536810215, "support": 4000}, "weighted avg": {"precision": 0.9328440943125438, "recall": 0.9335, "f1-score": 0.9330514628337839, "support": 4000}}, "confusion-matrix": [[2874, 113], [153, 860]]}, "2": {"report": {"False": {"precision": 0.952365308804205, "recall": 0.9634430043203722, "f1-score": 0.9578721295225509, "support": 3009}, "True": {"precision": 0.8849372384937239, "recall": 0.8536831483350151, "f1-score": 0.869029275808937, "support": 991}, "accuracy": 0.93625, "macro avg": {"precision": 0.9186512736489645, "recall": 0.9085630763276937, "f1-score": 0.9134507026657439, "support": 4000}, "weighted avg": {"precision": 0.9356600043847833, "recall": 0.93625, "f1-score": 0.9358613125150029, "support": 4000}}, "confusion-matrix": [[2899, 110], [145, 846]]}, "3": {"report": {"False": {"precision": 0.9444807315480078, "recall": 0.9656093489148581, "f1-score": 0.9549281822684497, "support": 2995}, "True": {"precision": 0.8901918976545842, "recall": 0.8308457711442786, "f1-score": 0.8594956253216675, "support": 1005}, "accuracy": 0.93175, "macro avg": {"precision": 0.917336314601296, "recall": 0.8982275600295684, "f1-score": 0.9072119037950586, "support": 4000}, "weighted avg": {"precision": 0.9308406620322851, "recall": 0.93175, "f1-score": 0.9309507523355707, "support": 4000}}, "confusion-matrix": [[2892, 103], [170, 835]]}, "4": {"report": {"False": {"precision": 0.9483828814113034, "recall": 0.9638114209827358, "f1-score": 0.9560349086118888, "support": 3012}, "True": {"precision": 0.8839190628328009, "recall": 0.840080971659919, "f1-score": 0.8614426569797612, "support": 988}, "accuracy": 0.93325, "macro avg": {"precision": 0.9161509721220522, "recall": 0.9019461963213273, "f1-score": 0.908738782795825, "support": 4000}, "weighted avg": {"precision": 0.9324603182224134, "recall": 0.93325, "f1-score": 0.9326706224587532, "support": 4000}}, "confusion-matrix": [[2903, 109], [158, 830]]}, "7": {"report": {"False": {"precision": 0.9502487562189055, "recall": 0.9633490248823133, "f1-score": 0.9567540490899983, "support": 2974}, "True": {"precision": 0.8893401015228426, "recall": 0.8538011695906432, "f1-score": 0.87120835405271, "support": 1026}, "accuracy": 0.93525, "macro avg": {"precision": 0.919794428870874, "recall": 0.9085750972364783, "f1-score": 0.9139812015713542, "support": 4000}, "weighted avg": {"precision": 0.9346256862893654, "recall": 0.93525, "f1-score": 0.9348115783129338, "support": 4000}}, "confusion-matrix": [[2865, 109], [150, 876]]}, "8": {"report": {"False": {"precision": 0.9485148514851485, "recall": 0.9647532729103726, "f1-score": 0.9565651522715927, "support": 2979}, "True": {"precision": 0.8917525773195877, "recall": 0.8472086190009794, "f1-score": 0.8689100954294324, "support": 1021}, "accuracy": 0.93475, "macro avg": {"precision": 0.920133714402368, "recall": 0.905980945955676, "f1-score": 0.9127376238505125, "support": 4000}, "weighted avg": {"precision": 0.9340262810043891, "recall": 0.93475, "f1-score": 0.9341911990126313, "support": 4000}}, "confusion-matrix": [[2874, 105], [156, 865]]}, "5": {"report": {"False": {"precision": 0.9470934030045721, "recall": 0.962176509621765, "f1-score": 0.954575378538512, "support": 3014}, "True": {"precision": 0.8784648187633263, "recall": 0.8356997971602435, "f1-score": 0.8565488565488566, "support": 986}, "accuracy": 0.931, "macro avg": {"precision": 0.9127791108839491, "recall": 0.8989381533910042, "f1-score": 0.9055621175436843, "support": 4000}, "weighted avg": {"precision": 0.9301764569891051, "recall": 0.931, "f1-score": 0.930411840868062, "support": 4000}}, "confusion-matrix": [[2900, 114], [162, 824]]}, "6": {"report": {"False": {"precision": 0.9553219448094612, "recall": 0.9645107794361526, "f1-score": 0.9598943720085823, "support": 3015}, "True": {"precision": 0.8880753138075314, "recall": 0.8619289340101522, "f1-score": 0.874806800618238, "support": 985}, "accuracy": 0.93925, "macro avg": {"precision": 0.9216986293084963, "recall": 0.9132198567231524, "f1-score": 0.9173505863134102, "support": 4000}, "weighted avg": {"precision": 0.938762461925236, "recall": 0.93925, "f1-score": 0.93894155755371, "support": 4000}}, "confusion-matrix": [[2908, 107], [136, 849]]}, "10": {"report": {"False": {"precision": 0.9553719008264463, "recall": 0.961730449251248, "f1-score": 0.9585406301824212, "support": 3005}, "True": {"precision": 0.882051282051282, "recall": 0.864321608040201, "f1-score": 0.8730964467005076, "support": 995}, "accuracy": 0.9375, "macro avg": {"precision": 0.9187115914388642, "recall": 0.9130260286457245, "f1-score": 0.9158185384414643, "support": 4000}, "weighted avg": {"precision": 0.9371333969061243, "recall": 0.9375, "f1-score": 0.9372863895412952, "support": 4000}}, "confusion-matrix": [[2890, 115], [135, 860]]}, "9": {"report": {"False": {"precision": 0.9487932159165036, "recall": 0.9664451827242525, "f1-score": 0.9575378538512179, "support": 3010}, "True": {"precision": 0.8918629550321199, "recall": 0.8414141414141414, "f1-score": 0.8659043659043658, "support": 990}, "accuracy": 0.9355, "macro avg": {"precision": 0.9203280854743117, "recall": 0.903929662069197, "f1-score": 0.9117211098777919, "support": 4000}, "weighted avg": {"precision": 0.9347029763476187, "recall": 0.9355, "f1-score": 0.9348585655843721, "support": 4000}}, "confusion-matrix": [[2909, 101], [157, 833]]}}, "overall": {"report": {"False": {"precision": 0.9500027899871928, "recall": 0.9637998393780594, "f1-score": 0.956847252664784, "support": 30000.0}, "True": {"precision": 0.8864459584579547, "recall": 0.8477947635182819, "f1-score": 0.8666504914423891, "support": 10000.0}, "macro avg": {"precision": 0.9182243742225736, "recall": 0.9057973014481708, "f1-score": 0.9117488720535867, "support": 40000.0}, "weighted avg": {"precision": 0.9341232338413865, "recall": 0.9347999999999999, "f1-score": 0.9343035281016115, "support": 40000.0}, "accuracy": 0.9347999999999999}, "confusion-matrix": [[28914.0, 1086.0], [1522.0, 8478.0]]}}