{"features": "bow", "classifier": "SVC", "folds": {"2": {"report": {"False": {"precision": 0.8874069478908189, "recall": 0.9508142239946826, "f1-score": 0.9180170062570191, "support": 3009}, "True": {"precision": 0.8092783505154639, "recall": 0.6337033299697276, "f1-score": 0.7108092812676855, "support": 991}, "accuracy": 0.87225, "macro avg": {"precision": 0.8483426492031414, "recall": 0.7922587769822051, "f1-score": 0.8144131437623523, "support": 4000}, "weighted avg": {"precision": 0.8680505878910748, "recall": 0.87225, "f1-score": 0.8666812923909117, "support": 4000}}, "confusion-matrix": [[2861, 148], [363, 628]]}, "1": {"report": {"False": {"precision": 0.8886449184441656, "recall": 0.9484432541011047, "f1-score": 0.9175708502024291, "support": 2987}, "True": {"precision": 0.8103448275862069, "recall": 0.6495557749259625, "f1-score": 0.7210958904109589, "support": 1013}, "accuracy": 0.87275, "macro avg": {"precision": 0.8494948730151862, "recall": 0.7989995145135336, "f1-score": 0.8193333703066941, "support": 4000}, "weighted avg": {"precision": 0.8688154204343875, "recall": 0.87275, "f1-score": 0.8678135666352393, "support": 4000}}, "confusion-matrix": [[2833, 154], [355, 658]]}, "4": {"report": {"False": {"precision": 0.8919003115264797, "recall": 0.950531208499336, "f1-score": 0.9202828672452589, "support": 3012}, "True": {"precision": 0.8113924050632911, "recall": 0.6487854251012146, "f1-score": 0.7210348706411698, "support": 988}, "accuracy": 0.876, "macro avg": {"precision": 0.8516463582948854, "recall": 0.7996583168002753, "f1-score": 0.8206588689432144, "support": 4000}, "weighted avg": {"precision": 0.8720148586300721, "recall": 0.876, "f1-score": 0.8710686120840488, "support": 4000}}, "confusion-matrix": [[2863, 149], [347, 641]]}, "3": {"report": {"False": {"precision": 0.8865914786967418, "recall": 0.9449081803005008, "f1-score": 0.9148213997090675, "support": 2995}, "True": {"precision": 0.7957920792079208, "recall": 0.6398009950248756, "f1-score": 0.7093215664644237, "support": 1005}, "accuracy": 0.86825, "macro avg": {"precision": 0.8411917789523313, "recall": 0.7923545876626883, "f1-score": 0.8120714830867456, "support": 4000}, "weighted avg": {"precision": 0.8637781295751756, "recall": 0.86825, "f1-score": 0.8631895666063508, "support": 4000}}, "confusion-matrix": [[2830, 165], [362, 643]]}, "6": {"report": {"False": {"precision": 0.8899506781750924, "recall": 0.9575456053067993, "f1-score": 0.9225115833200191, "support": 3015}, "True": {"precision": 0.8306878306878307, "recall": 0.6375634517766497, "f1-score": 0.7214244686961516, "support": 985}, "accuracy": 0.87875, "macro avg": {"precision": 0.8603192544314615, "recall": 0.7975545285417245, "f1-score": 0.8219680260080854, "support": 4000}, "weighted avg": {"precision": 0.8753572019813542, "recall": 0.87875, "f1-score": 0.8729938813438918, "support": 4000}}, "confusion-matrix": [[2887, 128], [357, 628]]}, "5": {"report": {"False": {"precision": 0.8890971571383942, "recall": 0.9442601194426012, "f1-score": 0.9158487530168947, "support": 3014}, "True": {"precision": 0.7897371714643304, "recall": 0.6399594320486816, "f1-score": 0.7070028011204483, "support": 986}, "accuracy": 0.86925, "macro avg": {"precision": 0.8394171643013624, "recall": 0.7921097757456415, "f1-score": 0.8114257770686715, "support": 4000}, "weighted avg": {"precision": 0.8646049206697375, "recall": 0.86925, "f1-score": 0.8643682258744207, "support": 4000}}, "confusion-matrix": [[2846, 168], [355, 631]]}, "8": {"report": {"False": {"precision": 0.8888888888888888, "recall": 0.9425981873111783, "f1-score": 0.9149560117302051, "support": 2979}, "True": {"precision": 0.7966706302021404, "recall": 0.6562193927522038, "f1-score": 0.7196562835660579, "support": 1021}, "accuracy": 0.8695, "macro avg": {"precision": 0.8427797595455147, "recall": 0.7994087900316911, "f1-score": 0.8173061476481316, "support": 4000}, "weighted avg": {"precision": 0.8653501783590964, "recall": 0.8695, "f1-score": 0.8651057561163066, "support": 4000}}, "confusion-matrix": [[2808, 171], [351, 670]]}, "7": {"report": {"False": {"precision": 0.8832185347526612, "recall": 0.9485541358439812, "f1-score": 0.914721141374838, "support": 2974}, "True": {"precision": 0.8101736972704715, "recall": 0.6364522417153996, "f1-score": 0.7128820960698691, "support": 1026}, "accuracy": 0.8685, "macro avg": {"precision": 0.8466961160115664, "recall": 0.7925031887796904, "f1-score": 0.8138016187223536, "support": 4000}, "weighted avg": {"precision": 0.8644825339384796, "recall": 0.8685, "f1-score": 0.8629494262541134, "support": 4000}}, "confusion-matrix": [[2821, 153], [373, 653]]}, "10": {"report": {"False": {"precision": 0.8872976338729763, "recall": 0.9484193011647255, "f1-score": 0.9168409200579057, "support": 3005}, "True": {"precision": 0.8032994923857868, "recall": 0.6361809045226131, "f1-score": 0.7100392596747055, "support": 995}, "accuracy": 0.87075, "macro avg": {"precision": 0.8452985631293816, "recall": 0.7923001028436694, "f1-score": 0.8134400898663057, "support": 4000}, "weighted avg": {"precision": 0.8664030961780379, "recall": 0.87075, "f1-score": 0.8653990070375848, "support": 4000}}, "confusion-matrix": [[2850, 155], [362, 633]]}, "9": {"report": {"False": {"precision": 0.8905961893054702, "recall": 0.9627906976744186, "f1-score": 0.9252873563218391, "support": 3010}, "True": {"precision": 0.8498659517426274, "recall": 0.6404040404040404, "f1-score": 0.7304147465437788, "support": 990}, "accuracy": 0.883, "macro avg": {"precision": 0.8702310705240488, "recall": 0.8015973690392295, "f1-score": 0.827851051432809, "support": 4000}, "weighted avg": {"precision": 0.8805154555086667, "recall": 0.883, "f1-score": 0.8770563854017691, "support": 4000}}, "confusion-matrix": [[2898, 112], [356, 634]]}}, "overall": {"report": {"False": {"precision": 0.8883592738691689, "recall": 0.9498864913639327, "f1-score": 0.9180857889235476, "support": 30000.0}, "True": {"precision": 0.810724243612607, "recall": 0.6418624988241368, "f1-score": 0.7163681264455249, "support": 10000.0}, "macro avg": {"precision": 0.849541758740888, "recall": 0.7958744950940349, "f1-score": 0.8172269576845362, "support": 40000.0}, "weighted avg": {"precision": 0.8689372383166083, "recall": 0.8728999999999999, "f1-score": 0.8676625719744637, "support": 40000.0}, "accuracy": 0.8728999999999999}, "confusion-matrix": [[28497.0, 1503.0], [3581.0, 6419.0]]}}