{"features": "bow", "classifier": "MultinomialNB", "folds": {"1": {"report": {"False": {"precision": 0.9252144082332762, "recall": 0.9029126213592233, "f1-score": 0.9139274822094207, "support": 2987}, "True": {"precision": 0.7327188940092166, "recall": 0.7847976307996052, "f1-score": 0.7578646329837941, "support": 1013}, "accuracy": 0.873, "macro avg": {"precision": 0.8289666511212463, "recall": 0.8438551260794143, "f1-score": 0.8358960575966075, "support": 4000}, "weighted avg": {"precision": 0.876464919256033, "recall": 0.873, "f1-score": 0.8744045656430308, "support": 4000}}, "confusion-matrix": [[2697, 290], [218, 795]]}, "2": {"report": {"False": {"precision": 0.9253478113335596, "recall": 0.9062811565304087, "f1-score": 0.9157152451309605, "support": 3009}, "True": {"precision": 0.7321937321937322, "recall": 0.7780020181634713, "f1-score": 0.7544031311154599, "support": 991}, "accuracy": 0.8745, "macro avg": {"precision": 0.8287707717636459, "recall": 0.84214158734694, "f1-score": 0.8350591881232101, "support": 4000}, "weighted avg": {"precision": 0.8774938882266673, "recall": 0.8745, "f1-score": 0.8757501688836203, "support": 4000}}, "confusion-matrix": [[2727, 282], [220, 771]]}, "3": {"report": {"False": {"precision": 0.9183126883160362, "recall": 0.9158597662771285, "f1-score": 0.9170845870946173, "support": 2995}, "True": {"precision": 0.7512339585389931, "recall": 0.7572139303482587, "f1-score": 0.7542120911793856, "support": 1005}, "accuracy": 0.876, "macro avg": {"precision": 0.8347733234275146, "recall": 0.8365368483126936, "f1-score": 0.8356483391370014, "support": 4000}, "weighted avg": {"precision": 0.8763341574595541, "recall": 0.876, "f1-score": 0.8761628724959153, "support": 4000}}, "confusion-matrix": [[2743, 252], [244, 761]]}, "4": {"report": {"False": {"precision": 0.9283333333333333, "recall": 0.9246347941567065, "f1-score": 0.9264803725881571, "support": 3012}, "True": {"precision": 0.773, "recall": 0.7823886639676113, "f1-score": 0.7776659959758552, "support": 988}, "accuracy": 0.8895, "macro avg": {"precision": 0.8506666666666667, "recall": 0.8535117290621589, "f1-score": 0.8520731842820062, "support": 4000}, "weighted avg": {"precision": 0.889966, "recall": 0.8895, "f1-score": 0.8897232215649185, "support": 4000}}, "confusion-matrix": [[2785, 227], [215, 773]]}, "5": {"report": {"False": {"precision": 0.9288873766587274, "recall": 0.9057730590577306, "f1-score": 0.9171846128002689, "support": 3014}, "True": {"precision": 0.7323279924599434, "recall": 0.7880324543610547, "f1-score": 0.7591597459697117, "support": 986}, "accuracy": 0.87675, "macro avg": {"precision": 0.8306076845593354, "recall": 0.8469027567093927, "f1-score": 0.8381721793849903, "support": 4000}, "weighted avg": {"precision": 0.8804354884537272, "recall": 0.87675, "f1-score": 0.8782314831265365, "support": 4000}}, "confusion-matrix": [[2730, 284], [209, 777]]}, "6": {"report": {"False": {"precision": 0.9224109224109224, "recall": 0.9187396351575456, "f1-score": 0.9205716184778996, "support": 3015}, "True": {"precision": 0.7542627883650953, "recall": 0.7634517766497462, "f1-score": 0.7588294651866802, "support": 985}, "accuracy": 0.8805, "macro avg": {"precision": 0.8383368553880088, "recall": 0.8410957059036459, "f1-score": 0.8397005418322898, "support": 4000}, "weighted avg": {"precision": 0.8810044444021374, "recall": 0.8805, "f1-score": 0.8807426132299367, "support": 4000}}, "confusion-matrix": [[2770, 245], [233, 752]]}, "7": {"report": {"False": {"precision": 0.9172017573504563, "recall": 0.9125756556825824, "f1-score": 0.914882858587561, "support": 2974}, "True": {"precision": 0.7502401536983669, "recall": 0.7612085769980507, "f1-score": 0.7556845670053217, "support": 1026}, "accuracy": 0.87375, "macro avg": {"precision": 0.8337209555244116, "recall": 0.8368921163403165, "f1-score": 0.8352837127964414, "support": 4000}, "weighted avg": {"precision": 0.8743761060136954, "recall": 0.87375, "f1-score": 0.8740484967967167, "support": 4000}}, "confusion-matrix": [[2714, 260], [245, 781]]}, "8": {"report": {"False": {"precision": 0.9259131633356306, "recall": 0.9019805303793219, "f1-score": 0.9137901717395, "support": 2979}, "True": {"precision": 0.7340619307832422, "recall": 0.7894221351616063, "f1-score": 0.7607361963190183, "support": 1021}, "accuracy": 0.87325, "macro avg": {"precision": 0.8299875470594364, "recall": 0.8457013327704641, "f1-score": 0.8372631840292591, "support": 4000}, "weighted avg": {"precision": 0.8769431362266334, "recall": 0.87325, "f1-score": 0.874723144513422, "support": 4000}}, "confusion-matrix": [[2687, 292], [215, 806]]}, "9": {"report": {"False": {"precision": 0.9199335548172758, "recall": 0.9199335548172758, "f1-score": 0.9199335548172758, "support": 3010}, "True": {"precision": 0.7565656565656566, "recall": 0.7565656565656566, "f1-score": 0.7565656565656567, "support": 990}, "accuracy": 0.8795, "macro avg": {"precision": 0.8382496056914661, "recall": 0.8382496056914661, "f1-score": 0.8382496056914662, "support": 4000}, "weighted avg": {"precision": 0.8795, "recall": 0.8795, "f1-score": 0.8795, "support": 4000}}, "confusion-matrix": [[2769, 241], [241, 749]]}, "10": {"report": {"False": {"precision": 0.9233108108108108, "recall": 0.9094841930116473, "f1-score": 0.9163453478625314, "support": 3005}, "True": {"precision": 0.7384615384615385, "recall": 0.771859296482412, "f1-score": 0.7547911547911549, "support": 995}, "accuracy": 0.87525, "macro avg": {"precision": 0.8308861746361746, "recall": 0.8406717447470297, "f1-score": 0.8355682513268432, "support": 4000}, "weighted avg": {"precision": 0.8773295543139293, "recall": 0.87525, "f1-score": 0.8761587423360265, "support": 4000}}, "confusion-matrix": [[2733, 272], [227, 768]]}}, "overall": {"report": {"False": {"precision": 0.9234865826600028, "recall": 0.9118174966429569, "f1-score": 0.9175915851308192, "support": 30000.0}, "True": {"precision": 0.7455066645075784, "recall": 0.7732942139497473, "f1-score": 0.7589912637092038, "support": 10000.0}, "macro avg": {"precision": 0.8344966235837907, "recall": 0.8425558552963521, "f1-score": 0.8382914244200116, "support": 40000.0}, "weighted avg": {"precision": 0.8789847694352376, "recall": 0.8772, "f1-score": 0.8779445308590124, "support": 40000.0}, "accuracy": 0.8772}, "confusion-matrix": [[27355.0, 2645.0], [2267.0, 7733.0]]}}