{
  "features": "bow",
  "classifier": "SVC",
  "folds": {
    "2": {
      "report": {
        "False": {
          "precision": 0.9070359758038841,
          "recall": 0.9468261881023596,
          "f1-score": 0.9265040650406504,
          "support": 3009
        },
        "True": {
          "precision": 0.8137369033760187,
          "recall": 0.7053481331987891,
          "f1-score": 0.7556756756756757,
          "support": 991
        },
        "accuracy": 0.887,
        "macro avg": {
          "precision": 0.8603864395899514,
          "recall": 0.8260871606505744,
          "f1-score": 0.8410898703581631,
          "support": 4000
        },
        "weighted avg": {
          "precision": 0.8839211306098804,
          "recall": 0.887,
          "f1-score": 0.884181331575478,
          "support": 4000
        }
      },
      "confusion-matrix": [
        [
          2849,
          160
        ],
        [
          292,
          699
        ]
      ]
    },
    "3": {
      "report": {
        "False": {
          "precision": 0.9008290816326531,
          "recall": 0.9432387312186978,
          "f1-score": 0.9215462404175502,
          "support": 2995
        },
        "True": {
          "precision": 0.8032407407407407,
          "recall": 0.690547263681592,
          "f1-score": 0.7426431246655966,
          "support": 1005
        },
        "accuracy": 0.87975,
        "macro avg": {
          "precision": 0.8520349111866969,
          "recall": 0.8168929974501449,
          "f1-score": 0.8320946825415734,
          "support": 4000
        },
        "weighted avg": {
          "precision": 0.8763100109835601,
          "recall": 0.87975,
          "f1-score": 0.8765968325848718,
          "support": 4000
        }
      },
      "confusion-matrix": [
        [
          2825,
          170
        ],
        [
          311,
          694
        ]
      ]
    },
    "1": {
      "report": {
        "False": {
          "precision": 0.9087979374798582,
          "recall": 0.9440910612654838,
          "f1-score": 0.9261083743842364,
          "support": 2987
        },
        "True": {
          "precision": 0.8138238573021181,
          "recall": 0.7206317867719645,
          "f1-score": 0.7643979057591623,
          "support": 1013
        },
        "accuracy": 0.8875,
        "macro avg": {
          "precision": 0.8613108973909882,
          "recall": 0.8323614240187241,
          "f1-score": 0.8452531400716994,
          "support": 4000
        },
        "weighted avg": {
          "precision": 0.8847457516748455,
          "recall": 0.8875,
          "f1-score": 0.8851551982049364,
          "support": 4000
        }
      },
      "confusion-matrix": [
        [
          2820,
          167
        ],
        [
          283,
          730
        ]
      ]
    },
    "4": {
      "report": {
        "False": {
          "precision": 0.9064179576351565,
          "recall": 0.951859229747676,
          "f1-score": 0.928582995951417,
          "support": 3012
        },
        "True": {
          "precision": 0.8267622461170848,
          "recall": 0.7004048582995951,
          "f1-score": 0.7583561643835616,
          "support": 988
        },
        "accuracy": 0.88975,
        "macro avg": {
          "precision": 0.8665901018761206,
          "recall": 0.8261320440236355,
          "f1-score": 0.8434695801674893,
          "support": 4000
        },
        "weighted avg": {
          "precision": 0.8867429968901928,
          "recall": 0.88975,
          "f1-score": 0.8865369685541568,
          "support": 4000
        }
      },
      "confusion-matrix": [
        [
          2867,
          145
        ],
        [
          296,
          692
        ]
      ]
    },
    "5": {
      "report": {
        "False": {
          "precision": 0.9085987261146496,
          "recall": 0.9465826144658261,
          "f1-score": 0.9272018199545011,
          "support": 3014
        },
        "True": {
          "precision": 0.8127906976744186,
          "recall": 0.7089249492900609,
          "f1-score": 0.7573131094257856,
          "support": 986
        },
        "accuracy": 0.888,
        "macro avg": {
          "precision": 0.8606947118945341,
          "recall": 0.8277537818779435,
          "f1-score": 0.8422574646901433,
          "support": 4000
        },
        "weighted avg": {
          "precision": 0.8849820471041326,
          "recall": 0.888,
          "f1-score": 0.8853242528091727,
          "support": 4000
        }
      },
      "confusion-matrix": [
        [
          2853,
          161
        ],
        [
          287,
          699
        ]
      ]
    },
    "7": {
      "report": {
        "False": {
          "precision": 0.8987220447284345,
          "recall": 0.9458641560188299,
          "f1-score": 0.9216906946264745,
          "support": 2974
        },
        "True": {
          "precision": 0.8149425287356322,
          "recall": 0.6910331384015594,
          "f1-score": 0.7478902953586499,
          "support": 1026
        },
        "accuracy": 0.8805,
        "macro avg": {
          "precision": 0.8568322867320334,
          "recall": 0.8184486472101946,
          "f1-score": 0.8347904949925622,
          "support": 4000
        },
        "weighted avg": {
          "precision": 0.8772325988762807,
          "recall": 0.8805,
          "f1-score": 0.8771108922142775,
          "support": 4000
        }
      },
      "confusion-matrix": [
        [
          2813,
          161
        ],
        [
          317,
          709
        ]
      ]
    },
    "6": {
      "report": {
        "False": {
          "precision": 0.9027996225228059,
          "recall": 0.9519071310116086,
          "f1-score": 0.9267032612205359,
          "support": 3015
        },
        "True": {
          "precision": 0.8233861144945189,
          "recall": 0.6862944162436548,
          "f1-score": 0.7486157253599114,
          "support": 985
        },
        "accuracy": 0.8865,
        "macro avg": {
          "precision": 0.8630928685086624,
          "recall": 0.8191007736276317,
          "f1-score": 0.8376594932902237,
          "support": 4000
        },
        "weighted avg": {
          "precision": 0.8832440461708402,
          "recall": 0.8865,
          "f1-score": 0.8828492055148572,
          "support": 4000
        }
      },
      "confusion-matrix": [
        [
          2870,
          145
        ],
        [
          309,
          676
        ]
      ]
    },
    "8": {
      "report": {
        "False": {
          "precision": 0.9069466882067851,
          "recall": 0.942262504196039,
          "f1-score": 0.9242673691142576,
          "support": 2979
        },
        "True": {
          "precision": 0.8099447513812155,
          "recall": 0.7179236043095005,
          "f1-score": 0.7611630321910696,
          "support": 1021
        },
        "accuracy": 0.885,
        "macro avg": {
          "precision": 0.8584457197940003,
          "recall": 0.8300930542527698,
          "f1-score": 0.8427152006526636,
          "support": 4000
        },
        "weighted avg": {
          "precision": 0.8821869438320585,
          "recall": 0.885,
          "f1-score": 0.8826349871146139,
          "support": 4000
        }
      },
      "confusion-matrix": [
        [
          2807,
          172
        ],
        [
          288,
          733
        ]
      ]
    },
    "9": {
      "report": {
        "False": {
          "precision": 0.9022556390977443,
          "recall": 0.9568106312292359,
          "f1-score": 0.928732666881651,
          "support": 3010
        },
        "True": {
          "precision": 0.8391089108910891,
          "recall": 0.6848484848484848,
          "f1-score": 0.7541713014460513,
          "support": 990
        },
        "accuracy": 0.8895,
        "macro avg": {
          "precision": 0.8706822749944167,