{"features": "bow", "classifier": "DecisionTreeClassifier", "folds": {"2": {"report": {"False": {"precision": 0.8877788877788878, "recall": 0.8860086407444334, "f1-score": 0.8868928809048571, "support": 3009}, "True": {"precision": 0.6559679037111334, "recall": 0.6599394550958627, "f1-score": 0.6579476861167002, "support": 991}, "accuracy": 0.83, "macro avg": {"precision": 0.7718733957450106, "recall": 0.7729740479201481, "f1-score": 0.7724202835107786, "support": 4000}, "weighted avg": {"precision": 0.8303477164761016, "recall": 0.83, "f1-score": 0.8301717088960913, "support": 4000}}, "confusion-matrix": [[2666, 343], [337, 654]]}, "6": {"report": {"False": {"precision": 0.8848047259599606, "recall": 0.894195688225539, "f1-score": 0.8894754206532498, "support": 3015}, "True": {"precision": 0.6652675760755509, "recall": 0.6436548223350254, "f1-score": 0.6542827657378741, "support": 985}, "accuracy": 0.8325, "macro avg": {"precision": 0.7750361510177557, "recall": 0.7689252552802821, "f1-score": 0.7718790931955619, "support": 4000}, "weighted avg": {"precision": 0.8307437028009247, "recall": 0.8325, "f1-score": 0.8315592293803385, "support": 4000}}, "confusion-matrix": [[2696, 319], [351, 634]]}, "3": {"report": {"False": {"precision": 0.88, "recall": 0.8888146911519199, "f1-score": 0.8843853820598007, "support": 2995}, "True": {"precision": 0.6584615384615384, "recall": 0.6388059701492538, "f1-score": 0.6484848484848484, "support": 1005}, "accuracy": 0.826, "macro avg": {"precision": 0.7692307692307692, "recall": 0.7638103306505868, "f1-score": 0.7664351152723246, "support": 4000}, "weighted avg": {"precision": 0.8243384615384615, "recall": 0.826, "f1-score": 0.8251153729990939, "support": 4000}}, "confusion-matrix": [[2662, 333], [363, 642]]}, "1": {"report": {"False": {"precision": 0.8759028233749179, "recall": 0.8932038834951457, "f1-score": 0.8844687551798441, "support": 2987}, "True": {"precision": 0.6656184486373166, "recall": 0.6268509378084897, "f1-score": 0.6456532791052365, "support": 1013}, "accuracy": 0.82575, "macro avg": {"precision": 0.7707606360061172, "recall": 0.7600274106518177, "f1-score": 0.7650610171425403, "support": 4000}, "weighted avg": {"precision": 0.8226483054726204, "recall": 0.82575, "f1-score": 0.8239887358639497, "support": 4000}}, "confusion-matrix": [[2668, 319], [378, 635]]}, "5": {"report": {"False": {"precision": 0.8849232821881254, "recall": 0.8802256138022562, "f1-score": 0.8825681969394544, "support": 3014}, "True": {"precision": 0.6397205588822356, "recall": 0.6501014198782962, "f1-score": 0.6448692152917506, "support": 986}, "accuracy": 0.8235, "macro avg": {"precision": 0.7623219205351806, "recall": 0.7651635168402762, "f1-score": 0.7637187061156026, "support": 4000}, "weighted avg": {"precision": 0.8244808108932237, "recall": 0.8235, "f1-score": 0.8239753979632954, "support": 4000}}, "confusion-matrix": [[2653, 361], [345, 641]]}, "4": {"report": {"False": {"precision": 0.8891846921797005, "recall": 0.8871181938911022, "f1-score": 0.888150240983879, "support": 3012}, "True": {"precision": 0.6582914572864321, "recall": 0.6629554655870445, "f1-score": 0.6606152294503277, "support": 988}, "accuracy": 0.83175, "macro avg": {"precision": 0.7737380747330663, "recall": 0.7750368297390734, "f1-score": 0.7743827352171033, "support": 4000}, "weighted avg": {"precision": 0.8321540631610632, "recall": 0.83175, "f1-score": 0.8319490931350917, "support": 4000}}, "confusion-matrix": [[2672, 340], [333, 655]]}, "7": {"report": {"False": {"precision": 0.8788480635551142, "recall": 0.8927370544720915, "f1-score": 0.8857381150959134, "support": 2974}, "True": {"precision": 0.6741573033707865, "recall": 0.6432748538011696, "f1-score": 0.6583541147132169, "support": 1026}, "accuracy": 0.82875, "macro avg": {"precision": 0.7765026834629504, "recall": 0.7680059541366305, "f1-score": 0.7720461149045652, "support": 4000}, "weighted avg": {"precision": 0.8263448835678341, "recall": 0.82875, "f1-score": 0.8274141189977517, "support": 4000}}, "confusion-matrix": [[2655, 319], [366, 660]]}, "9": {"report": {"False": {"precision": 0.8826597131681877, "recall": 0.8996677740863788, "f1-score": 0.8910825929582099, "support": 3010}, "True": {"precision": 0.6759656652360515, "recall": 0.6363636363636364, "f1-score": 0.6555671175858481, "support": 990}, "accuracy": 0.8345, "macro avg": {"precision": 0.7793126892021196, "recall": 0.7680157052250076, "f1-score": 0.773324855272029, "support": 4000}, "weighted avg": {"precision": 0.8315029363049841, "recall": 0.8345, "f1-score": 0.8327925128035504, "support": 4000}}, "confusion-matrix": [[2708, 302], [360, 630]]}, "8": {"report": {"False": {"precision": 0.8852624495289367, "recall": 0.8831822759315207, "f1-score": 0.8842211393043186, "support": 2979}, "True": {"precision": 0.6614785992217899, "recall": 0.6660137120470128, "f1-score": 0.6637384089799903, "support": 1021}, "accuracy": 0.82775, "macro avg": {"precision": 0.7733705243753632, "recall": 0.7745979939892667, "f1-score": 0.7739797741421544, "support": 4000}, "weighted avg": {"precision": 0.8281416217380374, "recall": 0.82775, "f1-score": 0.8279429223890338, "support": 4000}}, "confusion-matrix": [[2631, 348], [341, 680]]}, "10": {"report": {"False": {"precision": 0.8860465116279069, "recall": 0.8875207986688852, "f1-score": 0.886783042394015, "support": 3005}, "True": {"precision": 0.6585858585858586, "recall": 0.6552763819095477, "f1-score": 0.6569269521410579, "support": 995}, "accuracy": 0.82975, "macro avg": {"precision": 0.7723161851068827, "recall": 0.7713985902892164, "f1-score": 0.7718549972675364, "support": 4000}, "weighted avg": {"precision": 0.8294656741836974, "recall": 0.82975, "f1-score": 0.8296063399435918, "support": 4000}}, "confusion-matrix": [[2667, 338], [343, 652]]}}, "overall": {"report": {"False": {"precision": 0.8835411149361738, "recall": 0.8892674614469274, "f1-score": 0.8863765766473541, "support": 30000.0}, "True": {"precision": 0.6613514909468694, "recall": 0.648323665497534, "f1-score": 0.6546439617606851, "support": 10000.0}, "macro avg": {"precision": 0.7724463029415215, "recall": 0.7687955634722305, "f1-score": 0.7705102692040195, "support": 40000.0}, "weighted avg": {"precision": 0.8280168176136948, "recall": 0.829025, "f1-score": 0.8284515432371788, "support": 40000.0}, "accuracy": 0.829025}, "confusion-matrix": [[26678.0, 3322.0], [3517.0, 6483.0]]}}