{"features": "bow", "classifier": "DecisionTreeClassifier", "folds": {"2": {"report": {"False": {"precision": 0.9057039235080778, "recall": 0.9132313829787234, "f1-score": 0.9094520774706174, "support": 3008}, "True": {"precision": 0.7300930713547052, "recall": 0.7116935483870968, "f1-score": 0.7207759060745279, "support": 992}, "accuracy": 0.86325, "macro avg": {"precision": 0.8178984974313915, "recall": 0.81246246568291, "f1-score": 0.8151139917725727, "support": 4000}, "weighted avg": {"precision": 0.8621524321740415, "recall": 0.86325, "f1-score": 0.8626603869643872, "support": 4000}}, "confusion-matrix": [[2747, 261], [286, 706]]}, "1": {"report": {"False": {"precision": 0.9110816191108162, "recall": 0.9162495829162496, "f1-score": 0.913658293129263, "support": 2997}, "True": {"precision": 0.7454361054766734, "recall": 0.732801595214357, "f1-score": 0.7390648567119155, "support": 1003}, "accuracy": 0.87025, "macro avg": {"precision": 0.8282588622937448, "recall": 0.8245255890653033, "f1-score": 0.8263615749205893, "support": 4000}, "weighted avg": {"precision": 0.8695460065670548, "recall": 0.87025, "f1-score": 0.8698789889476132, "support": 4000}}, "confusion-matrix": [[2746, 251], [268, 735]]}, "10": {"report": {"False": {"precision": 0.9008746355685131, "recall": 0.9214711729622267, "f1-score": 0.911056511056511, "support": 3018}, "True": {"precision": 0.7404162102957283, "recall": 0.6883910386965377, "f1-score": 0.7134564643799473, "support": 982}, "accuracy": 0.86425, "macro avg": {"precision": 0.8206454229321207, "recall": 0.8049311058293822, "f1-score": 0.8122564877182291, "support": 4000}, "weighted avg": {"precision": 0.8614820921640444, "recall": 0.86425, "f1-score": 0.8625456995974146, "support": 4000}}, "confusion-matrix": [[2781, 237], [306, 676]]}, "6": {"report": {"False": {"precision": 0.9085733422638982, "recall": 0.9165540540540541, "f1-score": 0.9125462495795492, "support": 2960}, "True": {"precision": 0.7564102564102564, "recall": 0.7375, "f1-score": 0.7468354430379747, "support": 1040}, "accuracy": 0.87, "macro avg": {"precision": 0.8324917993370773, "recall": 0.827027027027027, "f1-score": 0.829690846308762, "support": 4000}, "weighted avg": {"precision": 0.8690109399419513, "recall": 0.87, "f1-score": 0.8694614398787398, "support": 4000}}, "confusion-matrix": [[2713, 247], [273, 767]]}, "5": {"report": {"False": {"precision": 0.9025692359025692, "recall": 0.8995676754240106, "f1-score": 0.9010659560293137, "support": 3007}, "True": {"precision": 0.6989032901296112, "recall": 0.7059415911379657, "f1-score": 0.7024048096192385, "support": 993}, "accuracy": 0.8515, "macro avg": {"precision": 0.8007362630160901, "recall": 0.8027546332809882, "f1-score": 0.8017353828242761, "support": 4000}, "weighted avg": {"precision": 0.8520091648644323, "recall": 0.8515, "f1-score": 0.8517483264330126, "support": 4000}}, "confusion-matrix": [[2705, 302], [292, 701]]}, "7": {"report": {"False": {"precision": 0.9032688458972649, "recall": 0.9090298757972474, "f1-score": 0.9061402041157771, "support": 2979}, "True": {"precision": 0.7295409181636726, "recall": 0.7159647404505387, "f1-score": 0.7226890756302521, "support": 1021}, "accuracy": 0.85975, "macro avg": {"precision": 0.8164048820304688, "recall": 0.8124973081238931, "f1-score": 0.8144146398730145, "support": 4000}, "weighted avg": {"precision": 0.8589247923432655, "recall": 0.85975, "f1-score": 0.8593143035698468, "support": 4000}}, "confusion-matrix": [[2708, 271], [290, 731]]}, "3": {"report": {"False": {"precision": 0.9049191152195444, "recall": 0.9158035415970598, "f1-score": 0.9103287944204582, "support": 2993}, "True": {"precision": 0.7404737384140062, "recall": 0.7140019860973188, "f1-score": 0.7269969666329625, "support": 1007}, "accuracy": 0.865, "macro avg": {"precision": 0.8226964268167754, "recall": 0.8149027638471893, "f1-score": 0.8186628805267104, "support": 4000}, "weighted avg": {"precision": 0.8635199916087501, "recall": 0.865, "f1-score": 0.8641750067749563, "support": 4000}}, "confusion-matrix": [[2741, 252], [288, 719]]}, "4": {"report": {"False": {"precision": 0.9114549045424621, "recall": 0.9177991382167716, "f1-score": 0.914616019818332, "support": 3017}, "True": {"precision": 0.7422037422037422, "recall": 0.7263479145473042, "f1-score": 0.7341902313624679, "support": 983}, "accuracy": 0.87075, "macro avg": {"precision": 0.8268293233731021, "recall": 0.8220735263820379, "f1-score": 0.8244031255903999, "support": 4000}, "weighted avg": {"precision": 0.8698614313977218, "recall": 0.87075, "f1-score": 0.8702763823053032, "support": 4000}}, "confusion-matrix": [[2769, 248], [269, 714]]}, "8": {"report": {"False": {"precision": 0.9114173228346457, "recall": 0.9210875331564987, "f1-score": 0.91622691292876, "support": 3016}, "True": {"precision": 0.75, "recall": 0.725609756097561, "f1-score": 0.737603305785124, "support": 984}, "accuracy": 0.873, "macro avg": {"precision": 0.8307086614173229, "recall": 0.8233486446270298, "f1-score": 0.826915109356942, "support": 4000}, "weighted avg": {"precision": 0.871708661417323, "recall": 0.873, "f1-score": 0.8722855055714256, "support": 4000}}, "confusion-matrix": [[2778, 238], [270, 714]]}, "9": {"report": {"False": {"precision": 0.8991430454845089, "recall": 0.907820299500832, "f1-score": 0.9034608378870673, "support": 3005}, "True": {"precision": 0.7132505175983437, "recall": 0.6924623115577889, "f1-score": 0.7027027027027027, "support": 995}, "accuracy": 0.85425, "macro avg": {"precision": 0.8061967815414263, "recall": 0.8001413055293105, "f1-score": 0.803081770294885, "support": 4000}, "weighted avg": {"precision": 0.8529022791728252, "recall": 0.85425, "f1-score": 0.8535222517599566, "support": 4000}}, "confusion-matrix": [[2728, 277], [306, 689]]}}, "overall": {"report": {"False": {"precision": 0.9059005990332301, "recall": 0.9138614256603674, "f1-score": 0.9098551856435648, "support": 30000.0}, "True": {"precision": 0.7346727850046738, "recall": 0.7150714482186469, "f1-score": 0.7246719761937113, "support": 10000.0}, "macro avg": {"precision": 0.820286692018952, "recall": 0.8144664369395072, "f1-score": 0.8172635809186382, "support": 40000.0}, "weighted avg": {"precision": 0.8631117791651409, "recall": 0.8642, "f1-score": 0.8635868291802655, "support": 40000.0}, "accuracy": 0.8642}, "confusion-matrix": [[27416.0, 2584.0], [2848.0, 7152.0]]}}