{"features": "bow-pp-emot", "classifier": "DecisionTreeClassifier", "folds": {"7": {"report": {"False": {"precision": 0.9529686457638425, "recall": 0.9629255139871925, "f1-score": 0.957921207041073, "support": 2967}, "True": {"precision": 0.8902195608782435, "recall": 0.8635043562439496, "f1-score": 0.8766584766584766, "support": 1033}, "accuracy": 0.93725, "macro avg": {"precision": 0.9215941033210431, "recall": 0.9132149351155711, "f1-score": 0.9172898418497748, "support": 4000}, "weighted avg": {"precision": 0.9367636945921366, "recall": 0.93725, "f1-score": 0.9369351069197674, "support": 4000}}, "confusion-matrix": [[2857, 110], [141, 892]]}, "10": {"report": {"False": {"precision": 0.9548577036310107, "recall": 0.9633663366336633, "f1-score": 0.9590931493346475, "support": 3030}, "True": {"precision": 0.8822905620360552, "recall": 0.8577319587628865, "f1-score": 0.8698379508625196, "support": 970}, "accuracy": 0.93775, "macro avg": {"precision": 0.918574132833533, "recall": 0.910549147698275, "f1-score": 0.9144655500985835, "support": 4000}, "weighted avg": {"precision": 0.937260171794234, "recall": 0.93775, "f1-score": 0.9374487637051565, "support": 4000}}, "confusion-matrix": [[2919, 111], [138, 832]]}, "8": {"report": {"False": {"precision": 0.9392047321721985, "recall": 0.9635873229939312, "f1-score": 0.9512398069562323, "support": 2966}, "True": {"precision": 0.8871473354231975, "recall": 0.8210831721470019, "f1-score": 0.8528377699648417, "support": 1034}, "accuracy": 0.92675, "macro avg": {"precision": 0.913176033797698, "recall": 0.8923352475704666, "f1-score": 0.902038788460537, "support": 4000}, "weighted avg": {"precision": 0.9257478951125817, "recall": 0.92675, "f1-score": 0.9258028803939579, "support": 4000}}, "confusion-matrix": [[2858, 108], [185, 849]]}, "2": {"report": {"False": {"precision": 0.9472140762463344, "recall": 0.9677097203728362, "f1-score": 0.9573522147208957, "support": 3004}, "True": {"precision": 0.8958109559613319, "recall": 0.8373493975903614, "f1-score": 0.8655941878567721, "support": 996}, "accuracy": 0.93525, "macro avg": {"precision": 0.9215125161038331, "recall": 0.9025295589815988, "f1-score": 0.9114732012888339, "support": 4000}, "weighted avg": {"precision": 0.9344146992953687, "recall": 0.93525, "f1-score": 0.934504466031729, "support": 4000}}, "confusion-matrix": [[2907, 97], [162, 834]]}, "1": {"report": {"False": {"precision": 0.9550858652575958, "recall": 0.9604782464297575, "f1-score": 0.9577744659711872, "support": 3011}, "True": {"precision": 0.8775720164609053, "recall": 0.8624873609706775, "f1-score": 0.869964303926568, "support": 989}, "accuracy": 0.93625, "macro avg": {"precision": 0.9163289408592505, "recall": 0.9114828037002175, "f1-score": 0.9138693849488776, "support": 4000}, "weighted avg": {"precision": 0.935920566142614, "recall": 0.93625, "f1-score": 0.9360634034056551, "support": 4000}}, "confusion-matrix": [[2892, 119], [136, 853]]}, "6": {"report": {"False": {"precision": 0.9563517915309446, "recall": 0.9635707253035772, "f1-score": 0.9599476867745625, "support": 3047}, "True": {"precision": 0.8806451612903226, "recall": 0.8593913955928646, "f1-score": 0.8698884758364313, "support": 953}, "accuracy": 0.93875, "macro avg": {"precision": 0.9184984764106336, "recall": 0.9114810604482209, "f1-score": 0.9149180813054969, "support": 4000}, "weighted avg": {"precision": 0.9383146868761164, "recall": 0.93875, "f1-score": 0.9384910797685527, "support": 4000}}, "confusion-matrix": [[2936, 111], [134, 819]]}, "4": {"report": {"False": {"precision": 0.9520052596975674, "recall": 0.9624459953472915, "f1-score": 0.957197157494629, "support": 3009}, "True": {"precision": 0.8820459290187892, "recall": 0.8526740665993946, "f1-score": 0.8671113391482813, "support": 991}, "accuracy": 0.93525, "macro avg": {"precision": 0.9170255943581783, "recall": 0.907560030973343, "f1-score": 0.9121542483214551, "support": 4000}, "weighted avg": {"precision": 0.9346728355219002, "recall": 0.93525, "f1-score": 0.9348783959993213, "support": 4000}}, "confusion-matrix": [[2896, 113], [146, 845]]}, "3": {"report": {"False": {"precision": 0.9471772862330802, "recall": 0.9637218676519986, "f1-score": 0.9553779553779553, "support": 2977}, "True": {"precision": 0.8887744593202883, "recall": 0.8435972629521017, "f1-score": 0.8655967903711133, "support": 1023}, "accuracy": 0.933, "macro avg": {"precision": 0.9179758727766842, "recall": 0.9036595653020502, "f1-score": 0.9104873728745343, "support": 4000}, "weighted avg": {"precision": 0.9322407632501336, "recall": 0.933, "f1-score": 0.9324164224274555, "support": 4000}}, "confusion-matrix": [[2869, 108], [160, 863]]}, "9": {"report": {"False": {"precision": 0.9455958549222798, "recall": 0.9684908789386402, "f1-score": 0.9569064394560053, "support": 3015}, "True": {"precision": 0.8958333333333334, "recall": 0.8294416243654822, "f1-score": 0.8613600421718502, "support": 985}, "accuracy": 0.93425, "macro avg": {"precision": 0.9207145941278065, "recall": 0.8989662516520611, "f1-score": 0.9091332408139278, "support": 4000}, "weighted avg": {"precision": 0.9333418339810018, "recall": 0.93425, "f1-score": 0.9333781391247822, "support": 4000}}, "confusion-matrix": [[2920, 95], [168, 817]]}, "5": {"report": {"False": {"precision": 0.946847144272037, "recall": 0.9643577673167452, "f1-score": 0.9555222388805596, "support": 2974}, "True": {"precision": 0.8908341915550978, "recall": 0.8430799220272904, "f1-score": 0.8662994491737606, "support": 1026}, "accuracy": 0.93325, "macro avg": {"precision": 0.9188406679135674, "recall": 0.9037188446720178, "f1-score": 0.91091084402716, "support": 4000}, "weighted avg": {"precision": 0.9324798219001421, "recall": 0.93325, "f1-score": 0.9326365933207657, "support": 4000}}, "confusion-matrix": [[2868, 106], [161, 865]]}}, "overall": {"report": {"False": {"precision": 0.949730835972689, "recall": 0.9640654374975632, "f1-score": 0.9568332322007749, "support": 30000.0}, "True": {"precision": 0.8871173505277564, "recall": 0.8470340517252011, "f1-score": 0.8665148785970616, "support": 10000.0}, "macro avg": {"precision": 0.9184240932502228, "recall": 0.9055497446113823, "f1-score": 0.9116740553989182, "support": 40000.0}, "weighted avg": {"precision": 0.9341156968466228, "recall": 0.9347749999999999, "f1-score": 0.9342555251097142, "support": 40000.0}, "accuracy": 0.9347749999999999}, "confusion-matrix": [[28922.0, 1078.0], [1531.0, 8469.0]]}}