{"features": "bow-pp", "classifier": "DecisionTreeClassifier", "folds": {"2": {"report": {"False": {"precision": 0.9068721901091843, "recall": 0.9385177799933533, "f1-score": 0.9224236485382982, "support": 3009}, "True": {"precision": 0.791196388261851, "recall": 0.7073662966700303, "f1-score": 0.7469366009589772, "support": 991}, "accuracy": 0.88125, "macro avg": {"precision": 0.8490342891855176, "recall": 0.8229420383316918, "f1-score": 0.8346801247486377, "support": 4000}, "weighted avg": {"precision": 0.8782135102015075, "recall": 0.88125, "f1-score": 0.8789467325005214, "support": 4000}}, "confusion-matrix": [[2824, 185], [290, 701]]}, "1": {"report": {"False": {"precision": 0.909854604200323, "recall": 0.9427519250083696, "f1-score": 0.9260111805327195, "support": 2987}, "True": {"precision": 0.8110497237569061, "recall": 0.7245804540967423, "f1-score": 0.7653806047966631, "support": 1013}, "accuracy": 0.8875, "macro avg": {"precision": 0.8604521639786146, "recall": 0.8336661895525559, "f1-score": 0.8456958926646914, "support": 4000}, "weighted avg": {"precision": 0.8848322682280277, "recall": 0.8875, "f1-score": 0.8853314872275633, "support": 4000}}, "confusion-matrix": [[2816, 171], [279, 734]]}, "4": {"report": {"False": {"precision": 0.9143857415658816, "recall": 0.953851261620186, "f1-score": 0.9337016574585636, "support": 3012}, "True": {"precision": 0.837995337995338, "recall": 0.7277327935222672, "f1-score": 0.7789815817984831, "support": 988}, "accuracy": 0.898, "macro avg": {"precision": 0.8761905397806098, "recall": 0.8407920275712266, "f1-score": 0.8563416196285234, "support": 4000}, "weighted avg": {"precision": 0.8955173118839573, "recall": 0.898, "f1-score": 0.8954857987705237, "support": 4000}}, "confusion-matrix": [[2873, 139], [269, 719]]}, "3": {"report": {"False": {"precision": 0.9087428206764518, "recall": 0.9509181969949917, "f1-score": 0.9293522597487356, "support": 2995}, "True": {"precision": 0.8302540415704388, "recall": 0.7154228855721393, "f1-score": 0.7685729556386959, "support": 1005}, "accuracy": 0.89175, "macro avg": {"precision": 0.8694984311234453, "recall": 0.8331705412835655, "f1-score": 0.8489626076937158, "support": 4000}, "weighted avg": {"precision": 0.889022514926066, "recall": 0.89175, "f1-score": 0.8889564595910882, "support": 4000}}, "confusion-matrix": [[2848, 147], [286, 719]]}, "5": {"report": {"False": {"precision": 0.915097350781998, "recall": 0.9512276045122761, "f1-score": 0.9328127541890353, "support": 3014}, "True": {"precision": 0.8304498269896193, "recall": 0.7302231237322515, "f1-score": 0.777118186724231, "support": 986}, "accuracy": 0.89675, "macro avg": {"precision": 0.8727735888858087, "recall": 0.8407253641222638, "f1-score": 0.8549654704566332, "support": 4000}, "weighted avg": {"precision": 0.8942317361671767, "recall": 0.89675, "f1-score": 0.8944340433089611, "support": 4000}}, "confusion-matrix": [[2867, 147], [266, 720]]}, "6": {"report": {"False": {"precision": 0.910428662827895, "recall": 0.9439469320066335, "f1-score": 0.9268848721706563, "support": 3015}, "True": {"precision": 0.8066361556064073, "recall": 0.7157360406091371, "f1-score": 0.7584722969338353, "support": 985}, "accuracy": 0.88775, "macro avg": {"precision": 0.8585324092171511, "recall": 0.8298414863078853, "f1-score": 0.8426785845522458, "support": 4000}, "weighted avg": {"precision": 0.8848697579246037, "recall": 0.88775, "f1-score": 0.8854132755185891, "support": 4000}}, "confusion-matrix": [[2846, 169], [280, 705]]}, "7": {"report": {"False": {"precision": 0.9067879181552452, "recall": 0.9388029589778076, "f1-score": 0.9225177597885345, "support": 2974}, "True": {"precision": 0.8023887079261672, "recall": 0.7202729044834308, "f1-score": 0.7591165896250643, "support": 1026}, "accuracy": 0.88275, "macro avg": {"precision": 0.8545883130407061, "recall": 0.8295379317306193, "f1-score": 0.8408171747067994, "support": 4000}, "weighted avg": {"precision": 0.8800095207314866, "recall": 0.88275, "f1-score": 0.8806053596416044, "support": 4000}}, "confusion-matrix": [[2792, 182], [287, 739]]}, "8": {"report": {"False": {"precision": 0.9109102646868947, "recall": 0.9472977509231285, "f1-score": 0.9287477373704129, "support": 2979}, "True": {"precision": 0.8259423503325942, "recall": 0.7296767874632712, "f1-score": 0.7748309932397295, "support": 1021}, "accuracy": 0.89175, "macro avg": {"precision": 0.8684263075097445, "recall": 0.8384872691931999, "f1-score": 0.8517893653050712, "support": 4000}, "weighted avg": {"precision": 0.8892222045479595, "recall": 0.89175, "f1-score": 0.889460488431056, "support": 4000}}, "confusion-matrix": [[2822, 157], [276, 745]]}, "9": {"report": {"False": {"precision": 0.9081893793985925, "recall": 0.9431893687707641, "f1-score": 0.9253585397653193, "support": 3010}, "True": {"precision": 0.8043478260869565, "recall": 0.7101010101010101, "f1-score": 0.7542918454935623, "support": 990}, "accuracy": 0.8855, "macro avg": {"precision": 0.8562686027427745, "recall": 0.826645189435887, "f1-score": 0.8398251926294409, "support": 4000}, "weighted avg": {"precision": 0.8824885949539626, "recall": 0.8855, "f1-score": 0.8830195329330595, "support": 4000}}, "confusion-matrix": [[2839, 171], [287, 703]]}, "10": {"report": {"False": {"precision": 0.9102357119793348, "recall": 0.9381031613976706, "f1-score": 0.9239593575876762, "support": 3005}, "True": {"precision": 0.7940199335548173, "recall": 0.7206030150753768, "f1-score": 0.7555321390937829, "support": 995}, "accuracy": 0.884, "macro avg": {"precision": 0.8521278227670761, "recall": 0.8293530882365237, "f1-score": 0.8397457483407296, "support": 4000}, "weighted avg": {"precision": 0.8813270370962362, "recall": 0.884, "f1-score": 0.8820630869873203, "support": 4000}}, "confusion-matrix": [[2819, 186], [278, 717]]}}, "overall": {"report": {"False": {"precision": 0.9101504644381802, "recall": 0.9448606940205181, "f1-score": 0.9271769767149953, "support": 30000.0}, "True": {"precision": 0.8134280292081097, "recall": 0.7201715311325656, "f1-score": 0.7639233794303026, "support": 10000.0}, "macro avg": {"precision": 0.861789246823145, "recall": 0.8325161125765419, "f1-score": 0.845550178072649, "support": 40000.0}, "weighted avg": {"precision": 0.8859734456660984, "recall": 0.8887, "f1-score": 0.8863716264910287, "support": 40000.0}, "accuracy": 0.8887}, "confusion-matrix": [[28346.0, 1654.0], [2798.0, 7202.0]]}}