{"features": "bow-pp-pos-emot", "classifier": "SVC", "folds": {"3": {"report": {"False": {"precision": 0.953480699439129, "recall": 0.9649415692821369, "f1-score": 0.9591769000995686, "support": 2995}, "True": {"precision": 0.891640866873065, "recall": 0.8597014925373134, "f1-score": 0.8753799392097263, "support": 1005}, "accuracy": 0.9385, "macro avg": {"precision": 0.922560783156097, "recall": 0.9123215309097252, "f1-score": 0.9172784196546475, "support": 4000}, "weighted avg": {"precision": 0.9379434415069056, "recall": 0.9385, "f1-score": 0.9381229136759958, "support": 4000}}, "confusion-matrix": [[2890, 105], [141, 864]]}, "6": {"report": {"False": {"precision": 0.9644281914893617, "recall": 0.9621890547263682, "f1-score": 0.9633073219325917, "support": 3015}, "True": {"precision": 0.8850806451612904, "recall": 0.8913705583756345, "f1-score": 0.8882144663631765, "support": 985}, "accuracy": 0.94475, "macro avg": {"precision": 0.924754418325326, "recall": 0.9267798065510013, "f1-score": 0.9257608941478841, "support": 4000}, "weighted avg": {"precision": 0.944888858206074, "recall": 0.94475, "f1-score": 0.9448157062486232, "support": 4000}}, "confusion-matrix": [[2901, 114], [107, 878]]}, "1": {"report": {"False": {"precision": 0.962876254180602, "recall": 0.9638433210579176, "f1-score": 0.9633595449222018, "support": 2987}, "True": {"precision": 0.8930693069306931, "recall": 0.8904244817374136, "f1-score": 0.8917449332674245, "support": 1013}, "accuracy": 0.94525, "macro avg": {"precision": 0.9279727805556475, "recall": 0.9271339013976656, "f1-score": 0.9275522390948132, "support": 4000}, "weighted avg": {"precision": 0.9451976447895626, "recall": 0.94525, "f1-score": 0.9452231445206294, "support": 4000}}, "confusion-matrix": [[2879, 108], [111, 902]]}, "2": {"report": {"False": {"precision": 0.9600133288903698, "recall": 0.9574609504818876, "f1-score": 0.9587354409317803, "support": 3009}, "True": {"precision": 0.8718718718718719, "recall": 0.8789101917255298, "f1-score": 0.8753768844221106, "support": 991}, "accuracy": 0.938, "macro avg": {"precision": 0.9159426003811209, "recall": 0.9181855711037087, "f1-score": 0.9170561626769455, "support": 4000}, "weighted avg": {"precision": 0.938176282914037, "recall": 0.938, "f1-score": 0.9380833585565097, "support": 4000}}, "confusion-matrix": [[2881, 128], [120, 871]]}, "4": {"report": {"False": {"precision": 0.9549608355091384, "recall": 0.9714475431606906, "f1-score": 0.9631336405529953, "support": 3012}, "True": {"precision": 0.9081196581196581, "recall": 0.8603238866396761, "f1-score": 0.8835758835758836, "support": 988}, "accuracy": 0.944, "macro avg": {"precision": 0.9315402468143983, "recall": 0.9158857149001833, "f1-score": 0.9233547620644394, "support": 4000}, "weighted avg": {"precision": 0.9433910646939367, "recall": 0.944, "f1-score": 0.9434828745796487, "support": 4000}}, "confusion-matrix": [[2926, 86], [138, 850]]}, "7": {"report": {"False": {"precision": 0.9596367305751766, "recall": 0.9593140551445865, "f1-score": 0.9594753657306204, "support": 2974}, "True": {"precision": 0.8821811100292113, "recall": 0.8830409356725146, "f1-score": 0.8826108134437408, "support": 1026}, "accuracy": 0.93975, "macro avg": {"precision": 0.920908920302194, "recall": 0.9211774954085505, "f1-score": 0.9210430895871806, "support": 4000}, "weighted avg": {"precision": 0.9397693639051365, "recall": 0.93975, "f1-score": 0.9397596080690358, "support": 4000}}, "confusion-matrix": [[2853, 121], [120, 906]]}, "5": {"report": {"False": {"precision": 0.9623584277148568, "recall": 0.9585268745852688, "f1-score": 0.960438829787234, "support": 3014}, "True": {"precision": 0.874749498997996, "recall": 0.8853955375253549, "f1-score": 0.8800403225806451, "support": 986}, "accuracy": 0.9405, "macro avg": {"precision": 0.9185539633564264, "recall": 0.9219612060553118, "f1-score": 0.9202395761839396, "support": 4000}, "weighted avg": {"precision": 0.9407628267861505, "recall": 0.9405, "f1-score": 0.9406205977608099, "support": 4000}}, "confusion-matrix": [[2889, 125], [113, 873]]}, "8": {"report": {"False": {"precision": 0.9614223414961423, "recall": 0.9620678079892582, "f1-score": 0.9617449664429532, "support": 2979}, "True": {"precision": 0.8891069676153092, "recall": 0.8873653281096964, "f1-score": 0.8882352941176471, "support": 1021}, "accuracy": 0.943, "macro avg": {"precision": 0.9252646545557257, "recall": 0.9247165680494773, "f1-score": 0.9249901302803001, "support": 4000}, "weighted avg": {"precision": 0.9429638423130596, "recall": 0.943, "f1-score": 0.9429816225819189, "support": 4000}}, "confusion-matrix": [[2866, 113], [115, 906]]}, "10": {"report": {"False": {"precision": 0.9592580324610799, "recall": 0.9637271214642263, "f1-score": 0.9614873837981408, "support": 3005}, "True": {"precision": 0.8888888888888888, "recall": 0.8763819095477386, "f1-score": 0.8825910931174088, "support": 995}, "accuracy": 0.942, "macro avg": {"precision": 0.9240734606749843, "recall": 0.9200545155059825, "f1-score": 0.9220392384577748, "support": 4000}, "weighted avg": {"precision": 0.9417537079974974, "recall": 0.942, "f1-score": 0.9418619314913087, "support": 4000}}, "confusion-matrix": [[2896, 109], [123, 872]]}, "9": {"report": {"False": {"precision": 0.955824607329843, "recall": 0.9704318936877077, "f1-score": 0.9630728651500166, "support": 3010}, "True": {"precision": 0.9057203389830508, "recall": 0.8636363636363636, "f1-score": 0.8841778697001035, "support": 990}, "accuracy": 0.944, "macro avg": {"precision": 0.9307724731564468, "recall": 0.9170341286620356, "f1-score": 0.9236253674250601, "support": 4000}, "weighted avg": {"precision": 0.943423800914012, "recall": 0.944, "f1-score": 0.943546353776163, "support": 4000}}, "confusion-matrix": [[2921, 89], [135, 855]]}}, "overall": {"report": {"False": {"precision": 0.9594259449085699, "recall": 0.9633950191580049, "f1-score": 0.9613932259348102, "support": 30000.0}, "True": {"precision": 0.8890429153471034, "recall": 0.8776550685507235, "f1-score": 0.8831947499797866, "support": 10000.0}, "macro avg": {"precision": 0.9242344301278367, "recall": 0.9205250438543642, "f1-score": 0.9222939879572986, "support": 40000.0}, "weighted avg": {"precision": 0.9418270834026371, "recall": 0.941975, "f1-score": 0.9418498111260643, "support": 40000.0}, "accuracy": 0.941975}, "confusion-matrix": [[28902.0, 1098.0], [1223.0, 8777.0]]}}