{"features": "bow-pp-pos", "classifier": "MultinomialNB", "folds": {"1": {"report": {"False": {"precision": 0.9418644650842793, "recall": 0.9166387679946435, "f1-score": 0.9290804207668817, "support": 2987}, "True": {"precision": 0.7721866422689845, "recall": 0.8331688055281342, "f1-score": 0.8015194681861348, "support": 1013}, "accuracy": 0.8955, "macro avg": {"precision": 0.8570255536766319, "recall": 0.8749037867613889, "f1-score": 0.8652999444765083, "support": 4000}, "weighted avg": {"precision": 0.8988935564563059, "recall": 0.8955, "f1-score": 0.8967756095258076, "support": 4000}}, "confusion-matrix": [[2738, 249], [169, 844]]}, "2": {"report": {"False": {"precision": 0.9415935178933154, "recall": 0.9268860086407444, "f1-score": 0.9341818790822308, "support": 3009}, "True": {"precision": 0.7880539499036608, "recall": 0.8254288597376388, "f1-score": 0.8063085263676688, "support": 991}, "accuracy": 0.90175, "macro avg": {"precision": 0.8648237338984881, "recall": 0.8761574341891916, "f1-score": 0.8702452027249499, "support": 4000}, "weighted avg": {"precision": 0.9035540899238784, "recall": 0.90175, "f1-score": 0.9025012559471982, "support": 4000}}, "confusion-matrix": [[2789, 220], [173, 818]]}, "3": {"report": {"False": {"precision": 0.93929173693086, "recall": 0.9298831385642737, "f1-score": 0.9345637583892616, "support": 2995}, "True": {"precision": 0.7971014492753623, "recall": 0.8208955223880597, "f1-score": 0.8088235294117647, "support": 1005}, "accuracy": 0.9025, "macro avg": {"precision": 0.8681965931031111, "recall": 0.8753893304761667, "f1-score": 0.8716936439005132, "support": 4000}, "weighted avg": {"precision": 0.9035664271574161, "recall": 0.9025, "f1-score": 0.9029715258586655, "support": 4000}}, "confusion-matrix": [[2785, 210], [180, 825]]}, "4": {"report": {"False": {"precision": 0.9425901201602136, "recall": 0.9375830013280213, "f1-score": 0.9400798934753662, "support": 3012}, "True": {"precision": 0.8127490039840638, "recall": 0.8259109311740891, "f1-score": 0.8192771084337351, "support": 988}, "accuracy": 0.91, "macro avg": {"precision": 0.8776695620721386, "recall": 0.8817469662510552, "f1-score": 0.8796785009545507, "support": 4000}, "weighted avg": {"precision": 0.9105193644647046, "recall": 0.91, "f1-score": 0.9102416055700834, "support": 4000}}, "confusion-matrix": [[2824, 188], [172, 816]]}, "5": {"report": {"False": {"precision": 0.9445389588295339, "recall": 0.9210351692103517, "f1-score": 0.9326390055434236, "support": 3014}, "True": {"precision": 0.7756833176248822, "recall": 0.834685598377282, "f1-score": 0.8041035661944309, "support": 986}, "accuracy": 0.89975, "macro avg": {"precision": 0.860111138227208, "recall": 0.8778603837938168, "f1-score": 0.8683712858689272, "support": 4000}, "weighted avg": {"precision": 0.9029160432725872, "recall": 0.89975, "f1-score": 0.900955019743897, "support": 4000}}, "confusion-matrix": [[2776, 238], [163, 823]]}, "6": {"report": {"False": {"precision": 0.9430867090726481, "recall": 0.9343283582089552, "f1-score": 0.9386871042985672, "support": 3015}, "True": {"precision": 0.8045409674234946, "recall": 0.8274111675126904, "f1-score": 0.8158158158158159, "support": 985}, "accuracy": 0.908, "macro avg": {"precision": 0.8738138382480714, "recall": 0.8808697628608229, "f1-score": 0.8772514600571915, "support": 4000}, "weighted avg": {"precision": 0.908969820191544, "recall": 0.908, "f1-score": 0.9084300495096898, "support": 4000}}, "confusion-matrix": [[2817, 198], [170, 815]]}, "7": {"report": {"False": {"precision": 0.9409153005464481, "recall": 0.9263618022864829, "f1-score": 0.9335818366655371, "support": 2974}, "True": {"precision": 0.7957089552238806, "recall": 0.8313840155945419, "f1-score": 0.8131553860819829, "support": 1026}, "accuracy": 0.902, "macro avg": {"precision": 0.8683121278851644, "recall": 0.8788729089405124, "f1-score": 0.87336861137376, "support": 4000}, "weighted avg": {"precision": 0.9036698729712096, "recall": 0.902, "f1-score": 0.9026924520908554, "support": 4000}}, "confusion-matrix": [[2755, 219], [173, 853]]}, "8": {"report": {"False": {"precision": 0.9393627954779034, "recall": 0.9204431017119838, "f1-score": 0.9298067141403865, "support": 2979}, "True": {"precision": 0.7807585568917669, "recall": 0.8266405484818805, "f1-score": 0.803044719314938, "support": 1021}, "accuracy": 0.8965, "macro avg": {"precision": 0.8600606761848351, "recall": 0.8735418250969322, "f1-score": 0.8664257167276623, "support": 4000}, "weighted avg": {"precision": 0.8988790635787921, "recall": 0.8965, "f1-score": 0.8974507149611909, "support": 4000}}, "confusion-matrix": [[2742, 237], [177, 844]]}, "9": {"report": {"False": {"precision": 0.9337071240105541, "recall": 0.9405315614617941, "f1-score": 0.9371069182389937, "support": 3010}, "True": {"precision": 0.8150826446280992, "recall": 0.796969696969697, "f1-score": 0.8059244126659858, "support": 990}, "accuracy": 0.905, "macro avg": {"precision": 0.8743948843193267, "recall": 0.8687506292157455, "f1-score": 0.8715156654524898, "support": 4000}, "weighted avg": {"precision": 0.9043475653633966, "recall": 0.905, "f1-score": 0.9046392481096743, "support": 4000}}, "confusion-matrix": [[2831, 179], [201, 789]]}, "10": {"report": {"False": {"precision": 0.9398038552587081, "recall": 0.9247920133111481, "f1-score": 0.9322375041932237, "support": 3005}, "True": {"precision": 0.7833173537871524, "recall": 0.821105527638191, "f1-score": 0.8017664376840039, "support": 995}, "accuracy": 0.899, "macro avg": {"precision": 0.8615606045229303, "recall": 0.8729487704746696, "f1-score": 0.8670019709386139, "support": 4000}, "weighted avg": {"precision": 0.9008778380176586, "recall": 0.899, "f1-score": 0.8997828263990553, "support": 4000}}, "confusion-matrix": [[2779, 226], [178, 817]]}}, "overall": {"report": {"False": {"precision": 0.9406754583264464, "recall": 0.9278482922718398, "f1-score": 0.9341965034793871, "support": 30000.0}, "True": {"precision": 0.7925182841011347, "recall": 0.8243600673402204, "f1-score": 0.807973897015646, "support": 10000.0}, "macro avg": {"precision": 0.8665968712137906, "recall": 0.8761041798060301, "f1-score": 0.8710852002475166, "support": 40000.0}, "weighted avg": {"precision": 0.9036193641397494, "recall": 0.9019999999999999, "f1-score": 0.9026440307716118, "support": 40000.0}, "accuracy": 0.9019999999999999}, "confusion-matrix": [[27836.0, 2164.0], [1756.0, 8244.0]]}}