{"features": "bow-pos", "classifier": "DecisionTreeClassifier", "folds": {"1": {"report": {"False": {"precision": 0.859482476252866, "recall": 0.8784733846668898, "f1-score": 0.8688741721854304, "support": 2987}, "True": {"precision": 0.6166842661034847, "recall": 0.5765054294175715, "f1-score": 0.5959183673469388, "support": 1013}, "accuracy": 0.802, "macro avg": {"precision": 0.7380833711781754, "recall": 0.7274894070422306, "f1-score": 0.7323962697661845, "support": 4000}, "weighted avg": {"precision": 0.7979938295325352, "recall": 0.802, "f1-score": 0.7997481146100824, "support": 4000}}, "confusion-matrix": [[2624, 363], [429, 584]]}, "3": {"report": {"False": {"precision": 0.853225806451613, "recall": 0.8831385642737897, "f1-score": 0.8679245283018869, "support": 2995}, "True": {"precision": 0.6111111111111112, "recall": 0.5472636815920398, "f1-score": 0.5774278215223096, "support": 1005}, "accuracy": 0.79875, "macro avg": {"precision": 0.732168458781362, "recall": 0.7152011229329147, "f1-score": 0.7226761749120982, "support": 4000}, "weighted avg": {"precision": 0.7923944892473118, "recall": 0.79875, "f1-score": 0.7949372307235182, "support": 4000}}, "confusion-matrix": [[2645, 350], [455, 550]]}, "2": {"report": {"False": {"precision": 0.8585116576173747, "recall": 0.8933200398803589, "f1-score": 0.87557003257329, "support": 3009}, "True": {"precision": 0.6306098964326813, "recall": 0.5529767911200807, "f1-score": 0.589247311827957, "support": 991}, "accuracy": 0.809, "macro avg": {"precision": 0.744560777025028, "recall": 0.7231484155002198, "f1-score": 0.7324086722006236, "support": 4000}, "weighted avg": {"precision": 0.8020489962838669, "recall": 0.809, "f1-score": 0.8046335785086338, "support": 4000}}, "confusion-matrix": [[2688, 321], [443, 548]]}, "4": {"report": {"False": {"precision": 0.865877080665813, "recall": 0.898074369189907, "f1-score": 0.8816818774445893, "support": 3012}, "True": {"precision": 0.6495433789954338, "recall": 0.5759109311740891, "f1-score": 0.6105150214592274, "support": 988}, "accuracy": 0.8185, "macro avg": {"precision": 0.7577102298306234, "recall": 0.7369926501819981, "f1-score": 0.7460984494519083, "support": 4000}, "weighted avg": {"precision": 0.8124426563532294, "recall": 0.8185, "f1-score": 0.8147036640162049, "support": 4000}}, "confusion-matrix": [[2705, 307], [419, 569]]}, "5": {"report": {"False": {"precision": 0.8679060665362035, "recall": 0.882879893828799, "f1-score": 0.875328947368421, "support": 3014}, "True": {"precision": 0.6220556745182013, "recall": 0.5892494929006086, "f1-score": 0.6052083333333335, "support": 986}, "accuracy": 0.8105, "macro avg": {"precision": 0.7449808705272024, "recall": 0.7360646933647037, "f1-score": 0.7402686403508772, "support": 4000}, "weighted avg": {"precision": 0.807303944903766, "recall": 0.8105, "f1-score": 0.808744216008772, "support": 4000}}, "confusion-matrix": [[2661, 353], [405, 581]]}, "6": {"report": {"False": {"precision": 0.8653100775193798, "recall": 0.8885572139303483, "f1-score": 0.8767795778105056, "support": 3015}, "True": {"precision": 0.6283185840707964, "recall": 0.5766497461928934, "f1-score": 0.6013763896241399, "support": 985}, "accuracy": 0.81175, "macro avg": {"precision": 0.7468143307950881, "recall": 0.7326034800616208, "f1-score": 0.7390779837173227, "support": 4000}, "weighted avg": {"precision": 0.8069509222576662, "recall": 0.81175, "f1-score": 0.8089615427196131, "support": 4000}}, "confusion-matrix": [[2679, 336], [417, 568]]}, "7": {"report": {"False": {"precision": 0.8540592783505154, "recall": 0.8913920645595158, "f1-score": 0.872326423165515, "support": 2974}, "True": {"precision": 0.6395089285714286, "recall": 0.5584795321637427, "f1-score": 0.5962539021852237, "support": 1026}, "accuracy": 0.806, "macro avg": {"precision": 0.746784103460972, "recall": 0.7249357983616292, "f1-score": 0.7342901626753693, "support": 4000}, "weighted avg": {"precision": 0.7990271136321796, "recall": 0.806, "f1-score": 0.8015138215340702, "support": 4000}}, "confusion-matrix": [[2651, 323], [453, 573]]}, "8": {"report": {"False": {"precision": 0.8509599739668077, "recall": 0.8778113460892917, "f1-score": 0.8641771315267679, "support": 2979}, "True": {"precision": 0.6073354908306364, "recall": 0.5514201762977473, "f1-score": 0.5780287474332648, "support": 1021}, "accuracy": 0.7945, "macro avg": {"precision": 0.7291477323987221, "recall": 0.7146157611935195, "f1-score": 0.7211029394800164, "support": 4000}, "weighted avg": {"precision": 0.7887748246463, "recall": 0.7945, "f1-score": 0.7911377564869012, "support": 4000}}, "confusion-matrix": [[2615, 364], [458, 563]]}, "9": {"report": {"False": {"precision": 0.8656, "recall": 0.8986710963455149, "f1-score": 0.8818255908720456, "support": 3010}, "True": {"precision": 0.6514285714285715, "recall": 0.5757575757575758, "f1-score": 0.6112600536193029, "support": 990}, "accuracy": 0.81875, "macro avg": {"precision": 0.7585142857142857, "recall": 0.7372143360515453, "f1-score": 0.7465428222456743, "support": 4000}, "weighted avg": {"precision": 0.8125925714285714, "recall": 0.81875, "f1-score": 0.8148606204019918, "support": 4000}}, "confusion-matrix": [[2705, 305], [420, 570]]}, "10": {"report": {"False": {"precision": 0.8669950738916257, "recall": 0.8785357737104825, "f1-score": 0.8727272727272728, "support": 3005}, "True": {"precision": 0.6178010471204188, "recall": 0.592964824120603, "f1-score": 0.6051282051282052, "support": 995}, "accuracy": 0.8075, "macro avg": {"precision": 0.7423980605060223, "recall": 0.7357502989155428, "f1-score": 0.738927738927739, "support": 4000}, "weighted avg": {"precision": 0.805008059732288, "recall": 0.8075, "f1-score": 0.8061620046620048, "support": 4000}}, "confusion-matrix": [[2640, 365], [405, 590]]}}, "overall": {"report": {"False": {"precision": 0.8607927491252199, "recall": 0.8870853746474896, "f1-score": 0.8737215553975725, "support": 30000.0}, "True": {"precision": 0.6274396949182763, "recall": 0.5697178180736951, "f1-score": 0.5970364153479902, "support": 10000.0}, "macro avg": {"precision": 0.7441162220217481, "recall": 0.7284015963605924, "f1-score": 0.7353789853727812, "support": 40000.0}, "weighted avg": {"precision": 0.8024537408017715, "recall": 0.8077249999999999, "f1-score": 0.8045402549671792, "support": 40000.0}, "accuracy": 0.8077249999999999}, "confusion-matrix": [[26613.0, 3387.0], [4304.0, 5696.0]]}}