{"features": "bow-pos-emot", "classifier": "DecisionTreeClassifier", "folds": {"1": {"report": {"False": {"precision": 0.8874959819993571, "recall": 0.9227941176470589, "f1-score": 0.9048009175815173, "support": 2992}, "True": {"precision": 0.7401574803149606, "recall": 0.6527777777777778, "f1-score": 0.6937269372693727, "support": 1008}, "accuracy": 0.85475, "macro avg": {"precision": 0.8138267311571589, "recall": 0.7877859477124183, "f1-score": 0.7992639274254449, "support": 4000}, "weighted avg": {"precision": 0.8503666795748892, "recall": 0.85475, "f1-score": 0.8516102745428568, "support": 4000}}, "confusion-matrix": [[2761, 231], [350, 658]]}, "3": {"report": {"False": {"precision": 0.8864970645792564, "recall": 0.9173135335808302, "f1-score": 0.9016420633604246, "support": 2963}, "True": {"precision": 0.7376873661670236, "recall": 0.6644165863066538, "f1-score": 0.6991374936580416, "support": 1037}, "accuracy": 0.85175, "macro avg": {"precision": 0.81209221537314, "recall": 0.790865059943742, "f1-score": 0.8003897785092331, "support": 4000}, "weighted avg": {"precision": 0.847918150265885, "recall": 0.85175, "f1-score": 0.8491427536650819, "support": 4000}}, "confusion-matrix": [[2718, 245], [348, 689]]}, "9": {"report": {"False": {"precision": 0.8833441348023331, "recall": 0.9098798397863819, "f1-score": 0.8964156527458074, "support": 2996}, "True": {"precision": 0.7045951859956237, "recall": 0.6414342629482072, "f1-score": 0.6715328467153285, "support": 1004}, "accuracy": 0.8425, "macro avg": {"precision": 0.7939696603989783, "recall": 0.7756570513672945, "f1-score": 0.783974249730568, "support": 4000}, "weighted avg": {"precision": 0.8384781486518491, "recall": 0.8425, "f1-score": 0.8399700684321572, "support": 4000}}, "confusion-matrix": [[2726, 270], [360, 644]]}, "10": {"report": {"False": {"precision": 0.8901381304208159, "recall": 0.9106145251396648, "f1-score": 0.9002599090318387, "support": 3043}, "True": {"precision": 0.6933483652762119, "recall": 0.6426332288401254, "f1-score": 0.6670281995661606, "support": 957}, "accuracy": 0.8465, "macro avg": {"precision": 0.7917432478485139, "recall": 0.7766238769898951, "f1-score": 0.7836440542989996, "support": 4000}, "weighted avg": {"precision": 0.8430561791099694, "recall": 0.8465, "f1-score": 0.8444592225421752, "support": 4000}}, "confusion-matrix": [[2771, 272], [342, 615]]}, "4": {"report": {"False": {"precision": 0.8886059834500318, "recall": 0.9127165740438051, "f1-score": 0.9004999193678439, "support": 3059}, "True": {"precision": 0.6888111888111889, "recall": 0.6280552603613178, "f1-score": 0.6570316842690385, "support": 941}, "accuracy": 0.84575, "macro avg": {"precision": 0.7887085861306103, "recall": 0.7703859172025614, "f1-score": 0.7787658018184411, "support": 4000}, "weighted avg": {"precision": 0.841604258011244, "recall": 0.84575, "f1-score": 0.8432240170608499, "support": 4000}}, "confusion-matrix": [[2792, 267], [350, 591]]}, "8": {"report": {"False": {"precision": 0.888030888030888, "recall": 0.913604766633565, "f1-score": 0.9006363191385218, "support": 3021}, "True": {"precision": 0.7073991031390134, "recall": 0.644535240040858, "f1-score": 0.6745056119722073, "support": 979}, "accuracy": 0.84775, "macro avg": {"precision": 0.7977149955849507, "recall": 0.7790700033372115, "f1-score": 0.7875709655553645, "support": 4000}, "weighted avg": {"precision": 0.8438212586786018, "recall": 0.84775, "f1-score": 0.8452908285595664, "support": 4000}}, "confusion-matrix": [[2760, 261], [348, 631]]}, "6": {"report": {"False": {"precision": 0.8829442282749675, "recall": 0.9131455399061033, "f1-score": 0.8977909660402241, "support": 2982}, "True": {"precision": 0.7172489082969432, "recall": 0.6453831041257367, "f1-score": 0.6794208893485005, "support": 1018}, "accuracy": 0.845, "macro avg": {"precision": 0.8000965682859553, "recall": 0.77926432201592, "f1-score": 0.7886059276943623, "support": 4000}, "weighted avg": {"precision": 0.8407747693405604, "recall": 0.845, "f1-score": 0.8422157815221805, "support": 4000}}, "confusion-matrix": [[2723, 259], [361, 657]]}, "7": {"report": {"False": {"precision": 0.8872326636422554, "recall": 0.9072233267064281, "f1-score": 0.8971166448230667, "support": 3018}, "True": {"precision": 0.6936542669584245, "recall": 0.6456211812627292, "f1-score": 0.6687763713080168, "support": 982}, "accuracy": 0.843, "macro avg": {"precision": 0.7904434653003399, "recall": 0.7764222539845786, "f1-score": 0.7829465080655418, "support": 4000}, "weighted avg": {"precision": 0.8397091672563749, "recall": 0.843, "f1-score": 0.8410591076751219, "support": 4000}}, "confusion-matrix": [[2738, 280], [348, 634]]}, "2": {"report": {"False": {"precision": 0.8829442282749675, "recall": 0.9168350168350168, "f1-score": 0.8995705318797488, "support": 2970}, "True": {"precision": 0.730349344978166, "recall": 0.6495145631067961, "f1-score": 0.6875642343268241, "support": 1030}, "accuracy": 0.848, "macro avg": {"precision": 0.8066467866265667, "recall": 0.7831747899709065, "f1-score": 0.7935673831032865, "support": 4000}, "weighted avg": {"precision": 0.8436510458260411, "recall": 0.848, "f1-score": 0.8449789102598707, "support": 4000}}, "confusion-matrix": [[2723, 247], [361, 669]]}, "5": {"report": {"False": {"precision": 0.8764991896272285, "recall": 0.9147496617050067, "f1-score": 0.895216023837113, "support": 2956}, "True": {"precision": 0.7245901639344262, "recall": 0.6350574712643678, "f1-score": 0.6768759571209801, "support": 1044}, "accuracy": 0.84175, "macro avg": {"precision": 0.8005446767808273, "recall": 0.7749035664846873, "f1-score": 0.7860459904790466, "support": 4000}, "weighted avg": {"precision": 0.8368509339214071, "recall": 0.84175, "f1-score": 0.8382292664242023, "support": 4000}}, "confusion-matrix": [[2704, 252], [381, 663]]}}, "overall": {"report": {"False": {"precision": 0.88537324931021, "recall": 0.913887690198386, "f1-score": 0.8993948947806107, "support": 30000.0}, "True": {"precision": 0.7137841373871983, "recall": 0.6449428676034569, "f1-score": 0.677560022555447, "support": 10000.0}, "macro avg": {"precision": 0.7995786933487041, "recall": 0.7794152789009215, "f1-score": 0.7884774586680289, "support": 40000.0}, "weighted avg": {"precision": 0.8426230590636823, "recall": 0.846675, "f1-score": 0.8440180230684062, "support": 40000.0}, "accuracy": 0.846675}, "confusion-matrix": [[27416.0, 2584.0], [3549.0, 6451.0]]}}