{"features": "bow-pp-pos", "classifier": "SVC", "folds": {"2": {"report": {"False": {"precision": 0.9364516129032258, "recall": 0.9647723496178132, "f1-score": 0.9504010476346374, "support": 3009}, "True": {"precision": 0.8822222222222222, "recall": 0.8012108980827447, "f1-score": 0.8397673188789001, "support": 991}, "accuracy": 0.92425, "macro avg": {"precision": 0.909336917562724, "recall": 0.882991623850279, "f1-score": 0.8950841832567688, "support": 4000}, "weighted avg": {"precision": 0.9230162813620071, "recall": 0.92425, "f1-score": 0.9229915413354034, "support": 4000}}, "confusion-matrix": [[2903, 106], [197, 794]]}, "1": {"report": {"False": {"precision": 0.9408130081300813, "recall": 0.9685302979578172, "f1-score": 0.954470471791488, "support": 2987}, "True": {"precision": 0.8983783783783784, "recall": 0.8203356367226061, "f1-score": 0.8575851393188855, "support": 1013}, "accuracy": 0.931, "macro avg": {"precision": 0.9195956932542299, "recall": 0.8944329673402116, "f1-score": 0.9060278055551867, "support": 4000}, "weighted avg": {"precision": 0.9300664381454625, "recall": 0.931, "f1-score": 0.9299342613428014, "support": 4000}}, "confusion-matrix": [[2893, 94], [182, 831]]}, "3": {"report": {"False": {"precision": 0.9371558147068351, "recall": 0.9659432387312187, "f1-score": 0.9513317987504111, "support": 2995}, "True": {"precision": 0.8882803943044907, "recall": 0.8069651741293532, "f1-score": 0.845672575599583, "support": 1005}, "accuracy": 0.926, "macro avg": {"precision": 0.9127181045056629, "recall": 0.8864542064302859, "f1-score": 0.898502187174997, "support": 4000}, "weighted avg": {"precision": 0.9248758653307461, "recall": 0.926, "f1-score": 0.9247849189337656, "support": 4000}}, "confusion-matrix": [[2893, 102], [194, 811]]}, "4": {"report": {"False": {"precision": 0.9403655017633857, "recall": 0.9737715803452855, "f1-score": 0.9567770347414778, "support": 3012}, "True": {"precision": 0.9103291713961408, "recall": 0.8117408906882592, "f1-score": 0.8582129481005887, "support": 988}, "accuracy": 0.93375, "macro avg": {"precision": 0.9253473365797633, "recall": 0.8927562355167724, "f1-score": 0.9074949914210333, "support": 4000}, "weighted avg": {"precision": 0.9329465281626763, "recall": 0.93375, "f1-score": 0.9324317053411783, "support": 4000}}, "confusion-matrix": [[2933, 79], [186, 802]]}, "5": {"report": {"False": {"precision": 0.9380019274012207, "recall": 0.9688122096881221, "f1-score": 0.9531581524400196, "support": 3014}, "True": {"precision": 0.8940248027057497, "recall": 0.8042596348884381, "f1-score": 0.8467698878804057, "support": 986}, "accuracy": 0.92825, "macro avg": {"precision": 0.9160133650534852, "recall": 0.88653592228828, "f1-score": 0.8999640201602126, "support": 4000}, "weighted avg": {"precision": 0.9271615661637871, "recall": 0.92825, "f1-score": 0.9269334452260748, "support": 4000}}, "confusion-matrix": [[2920, 94], [193, 793]]}, "6": {"report": {"False": {"precision": 0.9395303956256031, "recall": 0.9688225538971807, "f1-score": 0.9539516655780536, "support": 3015}, "True": {"precision": 0.8945005611672279, "recall": 0.8091370558375635, "f1-score": 0.849680170575693, "support": 985}, "accuracy": 0.9295, "macro avg": {"precision": 0.9170154783964155, "recall": 0.888979804867372, "f1-score": 0.9018159180768732, "support": 4000}, "weighted avg": {"precision": 0.9284417988902283, "recall": 0.9295, "f1-score": 0.9282748099337222, "support": 4000}}, "confusion-matrix": [[2921, 94], [188, 797]]}, "7": {"report": {"False": {"precision": 0.9397001303780965, "recall": 0.9694014794889039, "f1-score": 0.9543197616683218, "support": 2974}, "True": {"precision": 0.9023605150214592, "recall": 0.8196881091617934, "f1-score": 0.8590398365679264, "support": 1026}, "accuracy": 0.931, "macro avg": {"precision": 0.9210303226997778, "recall": 0.8945447943253486, "f1-score": 0.9066797991181241, "support": 4000}, "weighted avg": {"precision": 0.930122519039119, "recall": 0.931, "f1-score": 0.9298804608800704, "support": 4000}}, "confusion-matrix": [[2883, 91], [185, 841]]}, "8": {"report": {"False": {"precision": 0.939935064935065, "recall": 0.9718026183282981, "f1-score": 0.9556032348572372, "support": 2979}, "True": {"precision": 0.908695652173913, "recall": 0.8188050930460333, "f1-score": 0.8614116434827409, "support": 1021}, "accuracy": 0.93275, "macro avg": {"precision": 0.924315358554489, "recall": 0.8953038556871658, "f1-score": 0.908507439169989, "support": 4000}, "weighted avg": {"precision": 0.9319612048277809, "recall": 0.93275, "f1-score": 0.931560831158897, "support": 4000}}, "confusion-matrix": [[2895, 84], [185, 836]]}, "9": {"report": {"False": {"precision": 0.9394618834080718, "recall": 0.9744186046511628, "f1-score": 0.95662100456621, "support": 3010}, "True": {"precision": 0.9123006833712984, "recall": 0.8090909090909091, "f1-score": 0.8576017130620985, "support": 990}, "accuracy": 0.9335, "macro avg": {"precision": 0.9258812833896851, "recall": 0.891754756871036, "f1-score": 0.9071113588141543, "support": 4000}, "weighted avg": {"precision": 0.9327394863989704, "recall": 0.9335, "f1-score": 0.9321137299189425, "support": 4000}}, "confusion-matrix": [[2933, 77], [189, 801]]}, "10": {"report": {"False": {"precision": 0.9367333763718528, "recall": 0.9657237936772046, "f1-score": 0.9510077011305914, "support": 3005}, "True": {"precision": 0.885809312638581, "recall": 0.8030150753768844, "f1-score": 0.8423827095413811, "support": 995}, "accuracy": 0.92525, "macro avg": {"precision": 0.911271344505217, "recall": 0.8843694345270445, "f1-score": 0.8966952053359862, "support": 4000}, "weighted avg": {"precision": 0.9240660155182014, "recall": 0.92525, "f1-score": 0.9239872344727753, "support": 4000}}, "confusion-matrix": [[2902, 103], [196, 799]]}}, "overall": {"report": {"False": {"precision": 0.9388148715623439, "recall": 0.9691998726383007, "f1-score": 0.9537641873158448, "support": 30000.0}, "True": {"precision": 0.8976901693379462, "recall": 0.8104248477024584, "f1-score": 0.8518123943008202, "support": 10000.0}, "macro avg": {"precision": 0.9182525204501448, "recall": 0.8898123601703796, "f1-score": 0.9027882908083324, "support": 40000.0}, "weighted avg": {"precision": 0.928539770383898, "recall": 0.9295249999999999, "f1-score": 0.9282892938543631, "support": 40000.0}, "accuracy": 0.9295249999999999}, "confusion-matrix": [[29076.0, 924.0], [1895.0, 8105.0]]}}