{"features": "bow-pos", "classifier": "SVC", "folds": {"5": {"report": {"False": {"precision": 0.8983870967741936, "recall": 0.9240212342402123, "f1-score": 0.911023879620543, "support": 3014}, "True": {"precision": 0.7455555555555555, "recall": 0.6805273833671399, "f1-score": 0.711558854718982, "support": 986}, "accuracy": 0.864, "macro avg": {"precision": 0.8219713261648746, "recall": 0.8022743088036761, "f1-score": 0.8112913671697625, "support": 4000}, "weighted avg": {"precision": 0.8607141218637994, "recall": 0.864, "f1-score": 0.8618557509823082, "support": 4000}}, "confusion-matrix": [[2785, 229], [315, 671]]}, "2": {"report": {"False": {"precision": 0.8921348314606742, "recall": 0.923562645397142, "f1-score": 0.9075767472240366, "support": 3009}, "True": {"precision": 0.7401129943502824, "recall": 0.6609485368314834, "f1-score": 0.6982942430703625, "support": 991}, "accuracy": 0.8585, "macro avg": {"precision": 0.8161239129054783, "recall": 0.7922555911143127, "f1-score": 0.8029354951471995, "support": 4000}, "weighted avg": {"precision": 0.8544714213165746, "recall": 0.8585, "f1-score": 0.8557270068199639, "support": 4000}}, "confusion-matrix": [[2779, 230], [336, 655]]}, "1": {"report": {"False": {"precision": 0.8988874345549738, "recall": 0.9196518245731503, "f1-score": 0.9091510838987257, "support": 2987}, "True": {"precision": 0.7457627118644068, "recall": 0.6949654491609082, "f1-score": 0.7194685743484927, "support": 1013}, "accuracy": 0.86275, "macro avg": {"precision": 0.8223250732096903, "recall": 0.8073086368670293, "f1-score": 0.8143098291236092, "support": 4000}, "weighted avg": {"precision": 0.8601085985335876, "recall": 0.86275, "f1-score": 0.8611139883551292, "support": 4000}}, "confusion-matrix": [[2747, 240], [309, 704]]}, "6": {"report": {"False": {"precision": 0.8930737312480052, "recall": 0.9280265339966832, "f1-score": 0.9102147039687704, "support": 3015}, "True": {"precision": 0.7497116493656286, "recall": 0.6598984771573604, "f1-score": 0.7019438444924405, "support": 985}, "accuracy": 0.862, "macro avg": {"precision": 0.8213926903068169, "recall": 0.7939625055770219, "f1-score": 0.8060792742306054, "support": 4000}, "weighted avg": {"precision": 0.8577708185844699, "recall": 0.862, "f1-score": 0.8589280048227242, "support": 4000}}, "confusion-matrix": [[2798, 217], [335, 650]]}, "4": {"report": {"False": {"precision": 0.8973709217611656, "recall": 0.9405710491367862, "f1-score": 0.9184632841627492, "support": 3012}, "True": {"precision": 0.7876631079478055, "recall": 0.6720647773279352, "f1-score": 0.7252867285636264, "support": 988}, "accuracy": 0.87425, "macro avg": {"precision": 0.8425170148544856, "recall": 0.8063179132323608, "f1-score": 0.8218750063631879, "support": 4000}, "weighted avg": {"precision": 0.8702730917492656, "recall": 0.87425, "f1-score": 0.8707486749297659, "support": 4000}}, "confusion-matrix": [[2833, 179], [324, 664]]}, "3": {"report": {"False": {"precision": 0.892776886035313, "recall": 0.9285475792988314, "f1-score": 0.9103109656301146, "support": 2995}, "True": {"precision": 0.7581920903954802, "recall": 0.6676616915422886, "f1-score": 0.71005291005291, "support": 1005}, "accuracy": 0.863, "macro avg": {"precision": 0.8254844882153967, "recall": 0.79810463542056, "f1-score": 0.8101819378415123, "support": 4000}, "weighted avg": {"precision": 0.858962456130805, "recall": 0.863, "f1-score": 0.8599961291663419, "support": 4000}}, "confusion-matrix": [[2781, 214], [334, 671]]}, "9": {"report": {"False": {"precision": 0.8942521435376309, "recall": 0.935548172757475, "f1-score": 0.9144341613898359, "support": 3010}, "True": {"precision": 0.7720329024676851, "recall": 0.6636363636363637, "f1-score": 0.7137425312330256, "support": 990}, "accuracy": 0.86825, "macro avg": {"precision": 0.833142523002658, "recall": 0.7995922681969194, "f1-score": 0.8140883463114308, "support": 4000}, "weighted avg": {"precision": 0.8640028813728194, "recall": 0.86825, "f1-score": 0.8647629829260253, "support": 4000}}, "confusion-matrix": [[2816, 194], [333, 657]]}, "7": {"report": {"False": {"precision": 0.8896082874716736, "recall": 0.9240080699394755, "f1-score": 0.9064819396338446, "support": 2974}, "True": {"precision": 0.75192096597146, "recall": 0.6676413255360624, "f1-score": 0.7072792978833248, "support": 1026}, "accuracy": 0.85825, "macro avg": {"precision": 0.8207646267215668, "recall": 0.795824697737769, "f1-score": 0.8068806187585846, "support": 4000}, "weighted avg": {"precision": 0.8542914895068688, "recall": 0.85825, "f1-score": 0.8553864620248361, "support": 4000}}, "confusion-matrix": [[2748, 226], [341, 685]]}, "8": {"report": {"False": {"precision": 0.8994743758212878, "recall": 0.9191003692514267, "f1-score": 0.9091814710277271, "support": 2979}, "True": {"precision": 0.747907949790795, "recall": 0.7002938295788442, "f1-score": 0.723318158826505, "support": 1021}, "accuracy": 0.86325, "macro avg": {"precision": 0.8236911628060414, "recall": 0.8096970994151355, "f1-score": 0.816249814927116, "support": 4000}, "weighted avg": {"precision": 0.8607870455770044, "recall": 0.86325, "f1-score": 0.8617398605883652, "support": 4000}}, "confusion-matrix": [[2738, 241], [306, 715]]}, "10": {"report": {"False": {"precision": 0.8991569390402075, "recall": 0.9227953410981697, "f1-score": 0.9108227952044671, "support": 3005}, "True": {"precision": 0.7467248908296943, "recall": 0.6874371859296482, "f1-score": 0.7158555729984301, "support": 995}, "accuracy": 0.86425, "macro avg": {"precision": 0.8229409149349509, "recall": 0.805116263513909, "f1-score": 0.8133391841014486, "support": 4000}, "weighted avg": {"precision": 0.8612394670478424, "recall": 0.86425, "f1-score": 0.8623246986807154, "support": 4000}}, "confusion-matrix": [[2773, 232], [311, 684]]}}, "overall": {"report": {"False": {"precision": 0.8955122647705125, "recall": 0.926583281968935, "f1-score": 0.9107661031760814, "support": 30000.0}, "True": {"precision": 0.7545584818538793, "recall": 0.6755075020068034, "f1-score": 0.71268007161881, "support": 10000.0}, "macro avg": {"precision": 0.825035373312196, "recall": 0.8010453919878694, "f1-score": 0.8117230873974457, "support": 40000.0}, "weighted avg": {"precision": 0.8602621391683037, "recall": 0.86385, "f1-score": 0.8612583559296176, "support": 40000.0}, "accuracy": 0.86385}, "confusion-matrix": [[27798.0, 2202.0], [3244.0, 6756.0]]}}