{"features": "bow-pp-pos", "classifier": "SVC", "folds": {"3": {"report": {"False": {"precision": 0.9419907712590639, "recall": 0.9542570951585977, "f1-score": 0.948084259412838, "support": 2995}, "True": {"precision": 0.8581780538302277, "recall": 0.8248756218905473, "f1-score": 0.8411973617453069, "support": 1005}, "accuracy": 0.92175, "macro avg": {"precision": 0.9000844125446459, "recall": 0.8895663585245726, "f1-score": 0.8946408105790724, "support": 4000}, "weighted avg": {"precision": 0.9209328260050689, "recall": 0.92175, "f1-score": 0.9212289263738709, "support": 4000}}, "confusion-matrix": [[2858, 137], [176, 829]]}, "2": {"report": {"False": {"precision": 0.9500998003992016, "recall": 0.9491525423728814, "f1-score": 0.9496259351620948, "support": 3009}, "True": {"precision": 0.8460764587525151, "recall": 0.8486377396569122, "f1-score": 0.8473551637279597, "support": 991}, "accuracy": 0.92425, "macro avg": {"precision": 0.8980881295758584, "recall": 0.8988951410148969, "f1-score": 0.8984905494450273, "support": 4000}, "weighted avg": {"precision": 0.9243280175062351, "recall": 0.92425, "f1-score": 0.9242883515392878, "support": 4000}}, "confusion-matrix": [[2856, 153], [150, 841]]}, "6": {"report": {"False": {"precision": 0.9531043593130779, "recall": 0.9572139303482587, "f1-score": 0.9551547244745987, "support": 3015}, "True": {"precision": 0.8672839506172839, "recall": 0.8558375634517766, "f1-score": 0.86152273888605, "support": 985}, "accuracy": 0.93225, "macro avg": {"precision": 0.9101941549651809, "recall": 0.9065257469000176, "f1-score": 0.9083387316803244, "support": 4000}, "weighted avg": {"precision": 0.9319710836717386, "recall": 0.93225, "f1-score": 0.9320978480234186, "support": 4000}}, "confusion-matrix": [[2886, 129], [142, 843]]}, "1": {"report": {"False": {"precision": 0.9486666666666667, "recall": 0.9527954469367258, "f1-score": 0.9507265742441958, "support": 2987}, "True": {"precision": 0.859, "recall": 0.8479763079960513, "f1-score": 0.8534525583705911, "support": 1013}, "accuracy": 0.92625, "macro avg": {"precision": 0.9038333333333333, "recall": 0.9003858774663885, "f1-score": 0.9020895663073935, "support": 4000}, "weighted avg": {"precision": 0.9259585833333334, "recall": 0.92625, "f1-score": 0.9260919297242054, "support": 4000}}, "confusion-matrix": [[2846, 141], [154, 859]]}, "4": {"report": {"False": {"precision": 0.9448253346392426, "recall": 0.9608233731739708, "f1-score": 0.9527572016460906, "support": 3012}, "True": {"precision": 0.8740661686232657, "recall": 0.8289473684210527, "f1-score": 0.8509090909090911, "support": 988}, "accuracy": 0.92825, "macro avg": {"precision": 0.9094457516312542, "recall": 0.8948853707975117, "f1-score": 0.9018331462775908, "support": 4000}, "weighted avg": {"precision": 0.9273478206332963, "recall": 0.92825, "f1-score": 0.9276007182940517, "support": 4000}}, "confusion-matrix": [[2894, 118], [169, 819]]}, "5": {"report": {"False": {"precision": 0.9470198675496688, "recall": 0.948905109489051, "f1-score": 0.9479615512098111, "support": 3014}, "True": {"precision": 0.8428571428571429, "recall": 0.8377281947261663, "f1-score": 0.8402848423194305, "support": 986}, "accuracy": 0.9215, "macro avg": {"precision": 0.8949385052034058, "recall": 0.8933166521076087, "f1-score": 0.8941231967646208, "support": 4000}, "weighted avg": {"precision": 0.9213437559129612, "recall": 0.9215, "f1-score": 0.9214192424683322, "support": 4000}}, "confusion-matrix": [[2860, 154], [160, 826]]}, "7": {"report": {"False": {"precision": 0.9503355704697987, "recall": 0.9522528581035642, "f1-score": 0.9512932482364798, "support": 2974}, "True": {"precision": 0.8607843137254902, "recall": 0.8557504873294347, "f1-score": 0.8582600195503423, "support": 1026}, "accuracy": 0.9275, "macro avg": {"precision": 0.9055599420976445, "recall": 0.9040016727164994, "f1-score": 0.904776633893411, "support": 4000}, "weighted avg": {"precision": 0.9273656731148835, "recall": 0.9275, "f1-score": 0.9274302250784856, "support": 4000}}, "confusion-matrix": [[2832, 142], [148, 878]]}, "8": {"report": {"False": {"precision": 0.948563794255177, "recall": 0.9533400469956361, "f1-score": 0.9509459233216139, "support": 2979}, "True": {"precision": 0.8618290258449304, "recall": 0.8491674828599413, "f1-score": 0.8554514060187468, "support": 1021}, "accuracy": 0.92675, "macro avg": {"precision": 0.9051964100500537, "recall": 0.9012537649277887, "f1-score": 0.9031986646701804, "support": 4000}, "weighted avg": {"precision": 0.9264247446184616, "recall": 0.92675, "f1-score": 0.9265709477800571, "support": 4000}}, "confusion-matrix": [[2840, 139], [154, 867]]}, "9": {"report": {"False": {"precision": 0.9492302653128071, "recall": 0.9627906976744186, "f1-score": 0.9559623948540327, "support": 3010}, "True": {"precision": 0.8817317845828934, "recall": 0.8434343434343434, "f1-score": 0.8621579762519359, "support": 990}, "accuracy": 0.93325, "macro avg": {"precision": 0.9154810249478502, "recall": 0.9031125205543811, "f1-score": 0.9090601855529843, "support": 4000}, "weighted avg": {"precision": 0.9325243913321535, "recall": 0.93325, "f1-score": 0.9327458012500137, "support": 4000}}, "confusion-matrix": [[2898, 112], [155, 835]]}, "10": {"report": {"False": {"precision": 0.9455085865257595, "recall": 0.9527454242928453, "f1-score": 0.9491132106746228, "support": 3005}, "True": {"precision": 0.8539094650205762, "recall": 0.8341708542713567, "f1-score": 0.8439247585155059, "support": 995}, "accuracy": 0.92325, "macro avg": {"precision": 0.8997090257731679, "recall": 0.893458139282101, "f1-score": 0.8965189845950643, "support": 4000}, "weighted avg": {"precision": 0.9227233050513451, "recall": 0.92325, "f1-score": 0.9229475832000426, "support": 4000}}, "confusion-matrix": [[2863, 142], [165, 830]]}}, "overall": {"report": {"False": {"precision": 0.9479345016390465, "recall": 0.9544276524545948, "f1-score": 0.9511625023236379, "support": 30000.0}, "True": {"precision": 0.8605716363854325, "recall": 0.8426525964037582, "f1-score": 0.8514515916294961, "support": 10000.0}, "macro avg": {"precision": 0.9042530690122395, "recall": 0.8985401244291766, "f1-score": 0.9013070469765669, "support": 40000.0}, "weighted avg": {"precision": 0.9260920201179477, "recall": 0.9264999999999999, "f1-score": 0.9262421573731766, "support": 40000.0}, "accuracy": 0.9264999999999999}, "confusion-matrix": [[28633.0, 1367.0], [1573.0, 8427.0]]}}