{"features": "bow-pos-emot", "classifier": "SVC", "folds": {"8": {"report": {"False": {"precision": 0.914622178606477, "recall": 0.9385699899295066, "f1-score": 0.926441351888668, "support": 2979}, "True": {"precision": 0.8059384941675504, "recall": 0.7443682664054848, "f1-score": 0.7739307535641547, "support": 1021}, "accuracy": 0.889, "macro avg": {"precision": 0.8602803363870137, "recall": 0.8414691281674958, "f1-score": 0.8501860527264113, "support": 4000}, "weighted avg": {"precision": 0.886880668153441, "recall": 0.889, "f1-score": 0.887513021666336, "support": 4000}}, "confusion-matrix": [[2796, 183], [261, 760]]}, "2": {"report": {"False": {"precision": 0.9091197966317127, "recall": 0.9508142239946826, "f1-score": 0.9294996751137102, "support": 3009}, "True": {"precision": 0.8264947245017585, "recall": 0.7114026236125126, "f1-score": 0.764642082429501, "support": 991}, "accuracy": 0.8915, "macro avg": {"precision": 0.8678072605667356, "recall": 0.8311084238035976, "f1-score": 0.8470708787716057, "support": 4000}, "weighted avg": {"precision": 0.8886494350115166, "recall": 0.8915, "f1-score": 0.8886562065261974, "support": 4000}}, "confusion-matrix": [[2861, 148], [286, 705]]}, "7": {"report": {"False": {"precision": 0.90304, "recall": 0.948890383322125, "f1-score": 0.925397606164945, "support": 2974}, "True": {"precision": 0.8262857142857143, "recall": 0.7046783625730995, "f1-score": 0.760652288269332, "support": 1026}, "accuracy": 0.88625, "macro avg": {"precision": 0.8646628571428572, "recall": 0.8267843729476123, "f1-score": 0.8430249472171385, "support": 4000}, "weighted avg": {"precision": 0.8833525257142857, "recall": 0.88625, "f1-score": 0.8831404321247203, "support": 4000}}, "confusion-matrix": [[2822, 152], [303, 723]]}, "6": {"report": {"False": {"precision": 0.9071315372424723, "recall": 0.9492537313432836, "f1-score": 0.9277147487844409, "support": 3015}, "True": {"precision": 0.8189349112426035, "recall": 0.7025380710659899, "f1-score": 0.7562841530054645, "support": 985}, "accuracy": 0.8885, "macro avg": {"precision": 0.8630332242425379, "recall": 0.8258959012046367, "f1-score": 0.8419994508949527, "support": 4000}, "weighted avg": {"precision": 0.8854131180900047, "recall": 0.8885, "f1-score": 0.885499964573868, "support": 4000}}, "confusion-matrix": [[2862, 153], [293, 692]]}, "5": {"report": {"False": {"precision": 0.913572343149808, "recall": 0.946914399469144, "f1-score": 0.9299446073639622, "support": 3014}, "True": {"precision": 0.817351598173516, "recall": 0.7261663286004056, "f1-score": 0.7690655209452202, "support": 986}, "accuracy": 0.8925, "macro avg": {"precision": 0.865461970661662, "recall": 0.8365403640347748, "f1-score": 0.8495050641545911, "support": 4000}, "weighted avg": {"precision": 0.889853929513152, "recall": 0.8925, "f1-score": 0.8902879125617423, "support": 4000}}, "confusion-matrix": [[2854, 160], [270, 716]]}, "4": {"report": {"False": {"precision": 0.9121920404295641, "recall": 0.9588313413014609, "f1-score": 0.9349303981871155, "support": 3012}, "True": {"precision": 0.8513189448441247, "recall": 0.7186234817813765, "f1-score": 0.779363336992316, "support": 988}, "accuracy": 0.8995, "macro avg": {"precision": 0.8817554926368445, "recall": 0.8387274115414187, "f1-score": 0.8571468675897158, "support": 4000}, "weighted avg": {"precision": 0.8971563858199606, "recall": 0.8995, "f1-score": 0.8965053340720001, "support": 4000}}, "confusion-matrix": [[2888, 124], [278, 710]]}, "1": {"report": {"False": {"precision": 0.9136924075275795, "recall": 0.9427519250083696, "f1-score": 0.9279947273026857, "support": 2987}, "True": {"precision": 0.8137254901960784, "recall": 0.7374136229022705, "f1-score": 0.7736923873640601, "support": 1013}, "accuracy": 0.89075, "macro avg": {"precision": 0.863708948861829, "recall": 0.84008277395532, "f1-score": 0.8508435573333729, "support": 4000}, "weighted avg": {"precision": 0.8883757857133769, "recall": 0.89075, "f1-score": 0.8889176597132288, "support": 4000}}, "confusion-matrix": [[2816, 171], [266, 747]]}, "3": {"report": {"False": {"precision": 0.9125524362697645, "recall": 0.9442404006677796, "f1-score": 0.9281260255989497, "support": 2995}, "True": {"precision": 0.8146503884572697, "recall": 0.7303482587064677, "f1-score": 0.7701993704092339, "support": 1005}, "accuracy": 0.8905, "macro avg": {"precision": 0.8636014123635171, "recall": 0.8372943296871236, "f1-score": 0.8491626980040918, "support": 4000}, "weighted avg": {"precision": 0.887954546756875, "recall": 0.8905, "f1-score": 0.8884469534825337, "support": 4000}}, "confusion-matrix": [[2828, 167], [271, 734]]}, "10": {"report": {"False": {"precision": 0.9124557450917283, "recall": 0.9434276206322796, "f1-score": 0.9276832460732986, "support": 3005}, "True": {"precision": 0.8096304591265397, "recall": 0.7266331658291457, "f1-score": 0.7658898305084747, "support": 995}, "accuracy": 0.8895, "macro avg": {"precision": 0.861043102109134, "recall": 0.8350303932307126, "f1-score": 0.8467865382908866, "support": 4000}, "weighted avg": {"precision": 0.8868779552078877, "recall": 0.8895, "f1-score": 0.8874371339515487, "support": 4000}}, "confusion-matrix": [[2835, 170], [272, 723]]}, "9": {"report": {"False": {"precision": 0.9071676665614146, "recall": 0.954485049833887, "f1-score": 0.9302250283309049, "support": 3010}, "True": {"precision": 0.8355342136854742, "recall": 0.703030303030303, "f1-score": 0.7635765222161272, "support": 990}, "accuracy": 0.89225, "macro avg": {"precision": 0.8713509401234444, "recall": 0.828757676432095, "f1-score": 0.846900775273516, "support": 4000}, "weighted avg": {"precision": 0.8894383869746193, "recall": 0.89225, "f1-score": 0.8889795230674974, "support": 4000}}, "confusion-matrix": [[2873, 137], [294, 696]]}}, "overall": {"report": {"False": {"precision": 0.9105546151510522, "recall": 0.9478179065502518, "f1-score": 0.9287957414808682, "support": 30000.0}, "True": {"precision": 0.821986493868063, "recall": 0.7205202484507056, "f1-score": 0.7677296245703884, "support": 10000.0}, "macro avg": {"precision": 0.8662705545095575, "recall": 0.8341690775004788, "f1-score": 0.8482626830256281, "support": 40000.0}, "weighted avg": {"precision": 0.888395273695512, "recall": 0.8910250000000002, "f1-score": 0.8885384141739673, "support": 40000.0}, "accuracy": 0.8910250000000002}, "confusion-matrix": [[28435.0, 1565.0], [2794.0, 7206.0]]}}