{"features": "bow-pp-emot", "classifier": "SVC", "folds": {"2": {"report": {"False": {"precision": 0.9375, "recall": 0.9571286141575274, "f1-score": 0.9472126295017266, "support": 3009}, "True": {"precision": 0.8609913793103449, "recall": 0.8062563067608476, "f1-score": 0.8327253778009379, "support": 991}, "accuracy": 0.91975, "macro avg": {"precision": 0.8992456896551724, "recall": 0.8816924604591875, "f1-score": 0.8899690036513322, "support": 4000}, "weighted avg": {"precision": 0.9185449892241379, "recall": 0.91975, "f1-score": 0.9188484128928561, "support": 4000}}, "confusion-matrix": [[2880, 129], [192, 799]]}, "1": {"report": {"False": {"precision": 0.9405034324942791, "recall": 0.9631737529293606, "f1-score": 0.9517036056897122, "support": 2987}, "True": {"precision": 0.8831030818278427, "recall": 0.8203356367226061, "f1-score": 0.8505629477993859, "support": 1013}, "accuracy": 0.927, "macro avg": {"precision": 0.9118032571610609, "recall": 0.8917546948259834, "f1-score": 0.901133276744549, "support": 4000}, "weighted avg": {"precision": 0.9259667936880042, "recall": 0.927, "f1-score": 0.9260897340789871, "support": 4000}}, "confusion-matrix": [[2877, 110], [182, 831]]}, "3": {"report": {"False": {"precision": 0.9388489208633094, "recall": 0.9585976627712854, "f1-score": 0.9486205187510326, "support": 2995}, "True": {"precision": 0.8683651804670913, "recall": 0.8139303482587065, "f1-score": 0.8402670775552132, "support": 1005}, "accuracy": 0.92225, "macro avg": {"precision": 0.9036070506652003, "recall": 0.886264005514996, "f1-score": 0.8944437981531229, "support": 4000}, "weighted avg": {"precision": 0.9211398810887595, "recall": 0.92225, "f1-score": 0.921396716650583, "support": 4000}}, "confusion-matrix": [[2871, 124], [187, 818]]}, "4": {"report": {"False": {"precision": 0.9392175881021662, "recall": 0.9644754316069057, "f1-score": 0.9516789516789517, "support": 3012}, "True": {"precision": 0.8820286659316428, "recall": 0.8097165991902834, "f1-score": 0.8443271767810027, "support": 988}, "accuracy": 0.92625, "macro avg": {"precision": 0.9106231270169045, "recall": 0.8870960153985945, "f1-score": 0.8980030642299772, "support": 4000}, "weighted avg": {"precision": 0.9250919243260468, "recall": 0.92625, "f1-score": 0.9251630632791583, "support": 4000}}, "confusion-matrix": [[2905, 107], [188, 800]]}, "5": {"report": {"False": {"precision": 0.938715953307393, "recall": 0.9605175846051759, "f1-score": 0.9494916366021646, "support": 3014}, "True": {"precision": 0.8700873362445415, "recall": 0.808316430020284, "f1-score": 0.8380651945320715, "support": 986}, "accuracy": 0.923, "macro avg": {"precision": 0.9044016447759673, "recall": 0.88441700731273, "f1-score": 0.893778415567118, "support": 4000}, "weighted avg": {"precision": 0.9217989992014001, "recall": 0.923, "f1-score": 0.9220250186318867, "support": 4000}}, "confusion-matrix": [[2895, 119], [189, 797]]}, "6": {"report": {"False": {"precision": 0.9409090909090909, "recall": 0.9611940298507463, "f1-score": 0.9509433962264152, "support": 3015}, "True": {"precision": 0.8728260869565218, "recall": 0.8152284263959391, "f1-score": 0.8430446194225723, "support": 985}, "accuracy": 0.92525, "macro avg": {"precision": 0.9068675889328064, "recall": 0.8882112281233427, "f1-score": 0.8969940078244938, "support": 4000}, "weighted avg": {"precision": 0.9241436511857708, "recall": 0.92525, "f1-score": 0.9243733224384688, "support": 4000}}, "confusion-matrix": [[2898, 117], [182, 803]]}, "7": {"report": {"False": {"precision": 0.9394338380513496, "recall": 0.9596503026227303, "f1-score": 0.9494344644045243, "support": 2974}, "True": {"precision": 0.8752598752598753, "recall": 0.8206627680311891, "f1-score": 0.8470824949698189, "support": 1026}, "accuracy": 0.924, "macro avg": {"precision": 0.9073468566556124, "recall": 0.8901565353269597, "f1-score": 0.8982584796871715, "support": 4000}, "weighted avg": {"precision": 0.9229732165953365, "recall": 0.924, "f1-score": 0.9231811842445224, "support": 4000}}, "confusion-matrix": [[2854, 120], [184, 842]]}, "8": {"report": {"False": {"precision": 0.941581883820151, "recall": 0.963074857334676, "f1-score": 0.9522071025555925, "support": 2979}, "True": {"precision": 0.8845750262329486, "recall": 0.8256611165523996, "f1-score": 0.8541033434650457, "support": 1021}, "accuracy": 0.928, "macro avg": {"precision": 0.9130784550265498, "recall": 0.8943679869435378, "f1-score": 0.903155223010319, "support": 4000}, "weighted avg": {"precision": 0.9270308834210176, "recall": 0.928, "f1-score": 0.9271661180477304, "support": 4000}}, "confusion-matrix": [[2869, 110], [178, 843]]}, "9": {"report": {"False": {"precision": 0.9425324675324676, "recall": 0.9644518272425249, "f1-score": 0.9533661740558292, "support": 3010}, "True": {"precision": 0.883695652173913, "recall": 0.8212121212121212, "f1-score": 0.8513089005235601, "support": 990}, "accuracy": 0.929, "macro avg": {"precision": 0.9131140598531903, "recall": 0.892831974227323, "f1-score": 0.9023375372896947, "support": 4000}, "weighted avg": {"precision": 0.9279703557312253, "recall": 0.929, "f1-score": 0.9281069988565926, "support": 4000}}, "confusion-matrix": [[2903, 107], [177, 813]]}, "10": {"report": {"False": {"precision": 0.9392752203721841, "recall": 0.9574043261231281, "f1-score": 0.9482531311799604, "support": 3005}, "True": {"precision": 0.8633938100320171, "recall": 0.8130653266331658, "f1-score": 0.8374741200828156, "support": 995}, "accuracy": 0.9215, "macro avg": {"precision": 0.9013345152021006, "recall": 0.8852348263781469, "f1-score": 0.892863625631388, "support": 4000}, "weighted avg": {"precision": 0.9203997195500676, "recall": 0.9215, "f1-score": 0.9206968521695456, "support": 4000}}, "confusion-matrix": [[2877, 128], [186, 809]]}}, "overall": {"report": {"False": {"precision": 0.9398518395452392, "recall": 0.9609668389244062, "f1-score": 0.950291161064591, "support": 30000.0}, "True": {"precision": 0.8744326094436738, "recall": 0.8154385079777542, "f1-score": 0.8438961252932424, "support": 10000.0}, "macro avg": {"precision": 0.9071422244944565, "recall": 0.8882026734510802, "f1-score": 0.8970936431789166, "support": 40000.0}, "weighted avg": {"precision": 0.9235060414011766, "recall": 0.9246000000000001, "f1-score": 0.9237047421290331, "support": 40000.0}, "accuracy": 0.9246000000000001}, "confusion-matrix": [[28829.0, 1171.0], [1845.0, 8155.0]]}}