{"features": "bow-pp-pos-emot", "classifier": "MultinomialNB", "folds": {"1": {"report": {"False": {"precision": 0.9201766304347826, "recall": 0.9069300301305658, "f1-score": 0.91350531107739, "support": 2987}, "True": {"precision": 0.7367424242424242, "recall": 0.7680157946692991, "f1-score": 0.7520541324311262, "support": 1013}, "accuracy": 0.87175, "macro avg": {"precision": 0.8284595273386034, "recall": 0.8374729123999325, "f1-score": 0.8327797217542581, "support": 4000}, "weighted avg": {"precision": 0.8737219177165677, "recall": 0.87175, "f1-score": 0.8726178000852237, "support": 4000}}, "confusion-matrix": [[2709, 278], [235, 778]]}, "2": {"report": {"False": {"precision": 0.9260752688172043, "recall": 0.9159189099368561, "f1-score": 0.920969089390142, "support": 3009}, "True": {"precision": 0.7529296875, "recall": 0.7780020181634713, "f1-score": 0.7652605459057072, "support": 991}, "accuracy": 0.88175, "macro avg": {"precision": 0.8395024781586021, "recall": 0.8469604640501637, "f1-score": 0.8431148176479246, "support": 4000}, "weighted avg": {"precision": 0.8831784510458669, "recall": 0.88175, "f1-score": 0.8823922977418733, "support": 4000}}, "confusion-matrix": [[2756, 253], [220, 771]]}, "3": {"report": {"False": {"precision": 0.9170568561872909, "recall": 0.915525876460768, "f1-score": 0.9162907268170425, "support": 2995}, "True": {"precision": 0.7495049504950495, "recall": 0.7532338308457711, "f1-score": 0.75136476426799, "support": 1005}, "accuracy": 0.87475, "macro avg": {"precision": 0.8332809033411702, "recall": 0.8343798536532696, "f1-score": 0.8338277455425163, "support": 4000}, "weighted avg": {"precision": 0.8749594398821152, "recall": 0.87475, "f1-score": 0.8748530787265931, "support": 4000}}, "confusion-matrix": [[2742, 253], [248, 757]]}, "4": {"report": {"False": {"precision": 0.9259136212624585, "recall": 0.9252988047808764, "f1-score": 0.9256061109266024, "support": 3012}, "True": {"precision": 0.7727272727272727, "recall": 0.7742914979757085, "f1-score": 0.7735085945399394, "support": 988}, "accuracy": 0.888, "macro avg": {"precision": 0.8493204469948656, "recall": 0.8497951513782924, "f1-score": 0.8495573527332709, "support": 4000}, "weighted avg": {"precision": 0.8880765931742676, "recall": 0.888, "f1-score": 0.8880380243790966, "support": 4000}}, "confusion-matrix": [[2787, 225], [223, 765]]}, "5": {"report": {"False": {"precision": 0.9245028648466465, "recall": 0.9100862641008627, "f1-score": 0.9172379200802542, "support": 3014}, "True": {"precision": 0.7376573088092934, "recall": 0.7728194726166329, "f1-score": 0.7548291233283804, "support": 986}, "accuracy": 0.87625, "macro avg": {"precision": 0.83108008682797, "recall": 0.8414528683587478, "f1-score": 0.8360335217043173, "support": 4000}, "weighted avg": {"precision": 0.878445435283439, "recall": 0.87625, "f1-score": 0.8772041516809173, "support": 4000}}, "confusion-matrix": [[2743, 271], [224, 762]]}, "6": {"report": {"False": {"precision": 0.9242575909242576, "recall": 0.9187396351575456, "f1-score": 0.9214903526280772, "support": 3015}, "True": {"precision": 0.7557328015952144, "recall": 0.7695431472081218, "f1-score": 0.7625754527162979, "support": 985}, "accuracy": 0.882, "macro avg": {"precision": 0.8399951962597361, "recall": 0.8441413911828337, "f1-score": 0.8420329026721876, "support": 4000}, "weighted avg": {"precision": 0.8827583615519807, "recall": 0.882, "f1-score": 0.8823575585248016, "support": 4000}}, "confusion-matrix": [[2770, 245], [227, 758]]}, "7": {"report": {"False": {"precision": 0.9209192294694153, "recall": 0.9162743779421655, "f1-score": 0.9185909320748358, "support": 2974}, "True": {"precision": 0.760806916426513, "recall": 0.7719298245614035, "f1-score": 0.7663280116110305, "support": 1026}, "accuracy": 0.87925, "macro avg": {"precision": 0.8408630729479641, "recall": 0.8441021012517844, "f1-score": 0.8424594718429331, "support": 4000}, "weighted avg": {"precision": 0.879850421173911, "recall": 0.87925, "f1-score": 0.8795354929758697, "support": 4000}}, "confusion-matrix": [[2725, 249], [234, 792]]}, "8": {"report": {"False": {"precision": 0.9214749061113008, "recall": 0.9060087277609936, "f1-score": 0.9136763710223426, "support": 2979}, "True": {"precision": 0.738562091503268, "recall": 0.7747306562193927, "f1-score": 0.7562141491395794, "support": 1021}, "accuracy": 0.8725, "macro avg": {"precision": 0.8300184988072844, "recall": 0.8403696919901932, "f1-score": 0.834945260080961, "support": 4000}, "weighted avg": {"precision": 0.8747864101826003, "recall": 0.8725, "f1-score": 0.8734841388867672, "support": 4000}}, "confusion-matrix": [[2699, 280], [230, 791]]}, "9": {"report": {"False": {"precision": 0.91910555738244, "recall": 0.9285714285714286, "f1-score": 0.9238142455792431, "support": 3010}, "True": {"precision": 0.7758081334723671, "recall": 0.7515151515151515, "f1-score": 0.7634684453565932, "support": 990}, "accuracy": 0.88475, "macro avg": {"precision": 0.8474568454274036, "recall": 0.84004329004329, "f1-score": 0.8436413454679181, "support": 4000}, "weighted avg": {"precision": 0.8836394449646969, "recall": 0.88475, "f1-score": 0.8841286600241373, "support": 4000}}, "confusion-matrix": [[2795, 215], [246, 744]]}, "10": {"report": {"False": {"precision": 0.9206617150573937, "recall": 0.9074875207986689, "f1-score": 0.914027149321267, "support": 3005}, "True": {"precision": 0.7321772639691715, "recall": 0.7638190954773869, "f1-score": 0.7476635514018692, "support": 995}, "accuracy": 0.87175, "macro avg": {"precision": 0.8264194895132826, "recall": 0.835653308138028, "f1-score": 0.8308453503615681, "support": 4000}, "weighted avg": {"precision": 0.8737762078491984, "recall": 0.87175, "f1-score": 0.8726442043388168, "support": 4000}}, "confusion-matrix": [[2727, 278], [235, 760]]}}, "overall": {"report": {"False": {"precision": 0.9220144240493191, "recall": 0.9150841575640734, "f1-score": 0.9185208208917196, "support": 30000.0}, "True": {"precision": 0.7512648850740573, "recall": 0.7677900489252338, "f1-score": 0.7593266770698514, "support": 10000.0}, "macro avg": {"precision": 0.8366396545616881, "recall": 0.8414371032446535, "f1-score": 0.8389237489807855, "support": 40000.0}, "weighted avg": {"precision": 0.8793192682824644, "recall": 0.878275, "f1-score": 0.8787255407364096, "support": 40000.0}, "accuracy": 0.878275}, "confusion-matrix": [[27453.0, 2547.0], [2322.0, 7678.0]]}}