{"features": "bow-pp-emot", "classifier": "SVC", "folds": {"3": {"report": {"False": {"precision": 0.942377346065196, "recall": 0.9555926544240401, "f1-score": 0.9489389920424403, "support": 2995}, "True": {"precision": 0.8618899273104881, "recall": 0.8258706467661692, "f1-score": 0.8434959349593496, "support": 1005}, "accuracy": 0.923, "macro avg": {"precision": 0.9021336366878421, "recall": 0.8907316505951046, "f1-score": 0.8962174635008949, "support": 4000}, "weighted avg": {"precision": 0.9221548821030756, "recall": 0.923, "f1-score": 0.9224464239503137, "support": 4000}}, "confusion-matrix": [[2862, 133], [175, 830]]}, "4": {"report": {"False": {"precision": 0.9456910569105691, "recall": 0.9654714475431607, "f1-score": 0.9554788894365039, "support": 3012}, "True": {"precision": 0.8875675675675676, "recall": 0.8309716599190283, "f1-score": 0.858337689492943, "support": 988}, "accuracy": 0.93225, "macro avg": {"precision": 0.9166293122390683, "recall": 0.8982215537310945, "f1-score": 0.9069082894647235, "support": 4000}, "weighted avg": {"precision": 0.9313345550428478, "recall": 0.93225, "f1-score": 0.9314850130504444, "support": 4000}}, "confusion-matrix": [[2908, 104], [167, 821]]}, "1": {"report": {"False": {"precision": 0.9439283344392834, "recall": 0.9524606628724472, "f1-score": 0.9481753041159807, "support": 2987}, "True": {"precision": 0.8559837728194726, "recall": 0.8331688055281342, "f1-score": 0.8444222111055528, "support": 1013}, "accuracy": 0.92225, "macro avg": {"precision": 0.899956053629378, "recall": 0.8928147342002908, "f1-score": 0.8962987576107668, "support": 4000}, "weighted avg": {"precision": 0.9216563742090662, "recall": 0.92225, "f1-score": 0.9218998333110899, "support": 4000}}, "confusion-matrix": [[2845, 142], [169, 844]]}, "2": {"report": {"False": {"precision": 0.9451239669421487, "recall": 0.9501495513459621, "f1-score": 0.9476300961219755, "support": 3009}, "True": {"precision": 0.8461538461538461, "recall": 0.8324924318869829, "f1-score": 0.8392675483214649, "support": 991}, "accuracy": 0.921, "macro avg": {"precision": 0.8956389065479975, "recall": 0.8913209916164725, "f1-score": 0.8934488222217202, "support": 4000}, "weighted avg": {"precision": 0.9206041195168467, "recall": 0.921, "f1-score": 0.9207832749043989, "support": 4000}}, "confusion-matrix": [[2859, 150], [166, 825]]}, "5": {"report": {"False": {"precision": 0.9443529799143892, "recall": 0.9515593895155939, "f1-score": 0.947942488844819, "support": 3014}, "True": {"precision": 0.8483904465212876, "recall": 0.8286004056795132, "f1-score": 0.8383786557208824, "support": 986}, "accuracy": 0.92125, "macro avg": {"precision": 0.8963717132178384, "recall": 0.8900798975975536, "f1-score": 0.8931605722828507, "support": 4000}, "weighted avg": {"precision": 0.9206982154329896, "recall": 0.92125, "f1-score": 0.9209350039797686, "support": 4000}}, "confusion-matrix": [[2868, 146], [169, 817]]}, "6": {"report": {"False": {"precision": 0.9498680738786279, "recall": 0.9552238805970149, "f1-score": 0.9525384488175954, "support": 3015}, "True": {"precision": 0.8605371900826446, "recall": 0.8456852791878172, "f1-score": 0.8530465949820788, "support": 985}, "accuracy": 0.92825, "macro avg": {"precision": 0.9052026319806363, "recall": 0.9004545798924161, "f1-score": 0.9027925218998372, "support": 4000}, "weighted avg": {"precision": 0.927870343743867, "recall": 0.92825, "f1-score": 0.9280385798105995, "support": 4000}}, "confusion-matrix": [[2880, 135], [152, 833]]}, "7": {"report": {"False": {"precision": 0.9474564926372155, "recall": 0.9519166106254203, "f1-score": 0.949681314994968, "support": 2974}, "True": {"precision": 0.8586956521739131, "recall": 0.8469785575048733, "f1-score": 0.8527968596663396, "support": 1026}, "accuracy": 0.925, "macro avg": {"precision": 0.9030760724055643, "recall": 0.8994475840651468, "f1-score": 0.9012390873306537, "support": 4000}, "weighted avg": {"precision": 0.9246893370583785, "recall": 0.925, "f1-score": 0.9248304522031748, "support": 4000}}, "confusion-matrix": [[2831, 143], [157, 869]]}, "8": {"report": {"False": {"precision": 0.9472101570330772, "recall": 0.9516616314199395, "f1-score": 0.9494306764902879, "support": 2979}, "True": {"precision": 0.8570009930486594, "recall": 0.8452497551420176, "f1-score": 0.8510848126232741, "support": 1021}, "accuracy": 0.9245, "macro avg": {"precision": 0.9021055750408683, "recall": 0.8984556932809786, "f1-score": 0.900257744556781, "support": 4000}, "weighted avg": {"precision": 0.9241842679260546, "recall": 0.9245, "f1-score": 0.9243278947382326, "support": 4000}}, "confusion-matrix": [[2835, 144], [158, 863]]}, "9": {"report": {"False": {"precision": 0.9464402351404311, "recall": 0.9627906976744186, "f1-score": 0.9545454545454545, "support": 3010}, "True": {"precision": 0.8805970149253731, "recall": 0.8343434343434344, "f1-score": 0.8568464730290457, "support": 990}, "accuracy": 0.931, "macro avg": {"precision": 0.9135186250329022, "recall": 0.8985670660089264, "f1-score": 0.9056959637872501, "support": 4000}, "weighted avg": {"precision": 0.9301440381372043, "recall": 0.931, "f1-score": 0.9303649566201433, "support": 4000}}, "confusion-matrix": [[2898, 112], [164, 826]]}, "10": {"report": {"False": {"precision": 0.9425287356321839, "recall": 0.9550748752079867, "f1-score": 0.9487603305785124, "support": 3005}, "True": {"precision": 0.8586387434554974, "recall": 0.8241206030150754, "f1-score": 0.841025641025641, "support": 995}, "accuracy": 0.9225, "macro avg": {"precision": 0.9005837395438406, "recall": 0.8895977391115311, "f1-score": 0.8948929858020767, "support": 4000}, "weighted avg": {"precision": 0.9216611000782332, "recall": 0.9225, "f1-score": 0.9219613265522356, "support": 4000}}, "confusion-matrix": [[2870, 135], [175, 820]]}}, "overall": {"report": {"False": {"precision": 0.9454977378593122, "recall": 0.9551901401225983, "f1-score": 0.9503121995988538, "support": 30000.0}, "True": {"precision": 0.8615455154058751, "recall": 0.8347481578973046, "f1-score": 0.8478702420926574, "support": 10000.0}, "macro avg": {"precision": 0.9035216266325936, "recall": 0.8949691490099514, "f1-score": 0.8990912208457555, "support": 40000.0}, "weighted avg": {"precision": 0.9244997233248565, "recall": 0.9250999999999999, "f1-score": 0.9247072759120402, "support": 40000.0}, "accuracy": 0.9250999999999999}, "confusion-matrix": [[28656.0, 1344.0], [1652.0, 8348.0]]}}