{"features": "bow-pp-emot", "classifier": "SVC", "folds": {"6": {"report": {"False": {"precision": 0.9643808255659121, "recall": 0.9608623548922056, "f1-score": 0.962618375145373, "support": 3015}, "True": {"precision": 0.8815261044176707, "recall": 0.8913705583756345, "f1-score": 0.8864209994952045, "support": 985}, "accuracy": 0.94375, "macro avg": {"precision": 0.9229534649917914, "recall": 0.9261164566339201, "f1-score": 0.9245196873202888, "support": 4000}, "weighted avg": {"precision": 0.9439778504831575, "recall": 0.94375, "f1-score": 0.943854771391519, "support": 4000}}, "confusion-matrix": [[2897, 118], [107, 878]]}, "1": {"report": {"False": {"precision": 0.960253841015364, "recall": 0.9625041848008035, "f1-score": 0.9613776960374519, "support": 2987}, "True": {"precision": 0.8886679920477137, "recall": 0.8825271470878578, "f1-score": 0.8855869242199109, "support": 1013}, "accuracy": 0.94225, "macro avg": {"precision": 0.924460916531539, "recall": 0.9225156659443307, "f1-score": 0.9234823101286814, "support": 4000}, "weighted avg": {"precision": 0.9421247247643066, "recall": 0.94225, "f1-score": 0.9421836830746597, "support": 4000}}, "confusion-matrix": [[2875, 112], [119, 894]]}, "5": {"report": {"False": {"precision": 0.962283044058745, "recall": 0.9565361645653616, "f1-score": 0.9594009983361065, "support": 3014}, "True": {"precision": 0.8695219123505976, "recall": 0.8853955375253549, "f1-score": 0.8773869346733668, "support": 986}, "accuracy": 0.939, "macro avg": {"precision": 0.9159024782046713, "recall": 0.9209658510453582, "f1-score": 0.9183939665047367, "support": 4000}, "weighted avg": {"precision": 0.9394174250926867, "recall": 0.939, "f1-score": 0.9391845316432411, "support": 4000}}, "confusion-matrix": [[2883, 131], [113, 873]]}, "2": {"report": {"False": {"precision": 0.9593062041360907, "recall": 0.9557992688600864, "f1-score": 0.9575495255535209, "support": 3009}, "True": {"precision": 0.8672654690618763, "recall": 0.8768920282542886, "f1-score": 0.8720521826392373, "support": 991}, "accuracy": 0.93625, "macro avg": {"precision": 0.9132858365989835, "recall": 0.9163456485571875, "f1-score": 0.9148008540963791, "support": 4000}, "weighted avg": {"precision": 0.9365031120214541, "recall": 0.93625, "f1-score": 0.9363675588465071, "support": 4000}}, "confusion-matrix": [[2876, 133], [122, 869]]}, "3": {"report": {"False": {"precision": 0.9530578512396695, "recall": 0.9626043405676127, "f1-score": 0.9578073089700996, "support": 2995}, "True": {"precision": 0.8851282051282051, "recall": 0.8587064676616916, "f1-score": 0.8717171717171716, "support": 1005}, "accuracy": 0.9365, "macro avg": {"precision": 0.9190930281839373, "recall": 0.9106554041146522, "f1-score": 0.9147622403436355, "support": 4000}, "weighted avg": {"precision": 0.9359905276541641, "recall": 0.9365, "f1-score": 0.9361771619853014, "support": 4000}}, "confusion-matrix": [[2883, 112], [142, 863]]}, "7": {"report": {"False": {"precision": 0.9593003699966364, "recall": 0.9589778076664425, "f1-score": 0.9591390617117874, "support": 2974}, "True": {"precision": 0.881207400194742, "recall": 0.8820662768031189, "f1-score": 0.8816366293229422, "support": 1026}, "accuracy": 0.93925, "macro avg": {"precision": 0.9202538850956892, "recall": 0.9205220422347806, "f1-score": 0.9203878455173649, "support": 4000}, "weighted avg": {"precision": 0.9392695232424504, "recall": 0.93925, "f1-score": 0.9392596878040486, "support": 4000}}, "confusion-matrix": [[2852, 122], [121, 905]]}, "4": {"report": {"False": {"precision": 0.9570632579482137, "recall": 0.9694555112881806, "f1-score": 0.963219528286327, "support": 3012}, "True": {"precision": 0.9030558482613277, "recall": 0.8674089068825911, "f1-score": 0.8848735157459989, "support": 988}, "accuracy": 0.94425, "macro avg": {"precision": 0.9300595531047706, "recall": 0.9184322090853858, "f1-score": 0.9240465220161629, "support": 4000}, "weighted avg": {"precision": 0.9437234277555528, "recall": 0.94425, "f1-score": 0.943868063188866, "support": 4000}}, "confusion-matrix": [[2920, 92], [131, 857]]}, "9": {"report": {"False": {"precision": 0.9572649572649573, "recall": 0.9674418604651163, "f1-score": 0.962326503635162, "support": 3010}, "True": {"precision": 0.8977035490605428, "recall": 0.8686868686868687, "f1-score": 0.8829568788501027, "support": 990}, "accuracy": 0.943, "macro avg": {"precision": 0.9274842531627501, "recall": 0.9180643645759925, "f1-score": 0.9226416912426323, "support": 4000}, "weighted avg": {"precision": 0.9425235087343646, "recall": 0.943, "f1-score": 0.9426825215008598, "support": 4000}}, "confusion-matrix": [[2912, 98], [130, 860]]}, "8": {"report": {"False": {"precision": 0.9623655913978495, "recall": 0.9613964417589795, "f1-score": 0.9618807724601176, "support": 2979}, "True": {"precision": 0.8876953125, "recall": 0.8903036238981391, "f1-score": 0.888997555012225, "support": 1021}, "accuracy": 0.94325, "macro avg": {"precision": 0.9250304519489247, "recall": 0.9258500328285593, "f1-score": 0.9254391637361713, "support": 4000}, "weighted avg": {"precision": 0.9433060027091734, "recall": 0.94325, "f1-score": 0.9432773312065431, "support": 4000}}, "confusion-matrix": [[2864, 115], [112, 909]]}, "10": {"report": {"False": {"precision": 0.961051930758988, "recall": 0.9607321131447587, "f1-score": 0.9608919953403229, "support": 3005}, "True": {"precision": 0.8815261044176707, "recall": 0.8824120603015075, "f1-score": 0.8819688598694123, "support": 995}, "accuracy": 0.94125, "macro avg": {"precision": 0.9212890175883293, "recall": 0.9215720867231332, "f1-score": 0.9214304276048676, "support": 4000}, "weighted avg": {"precision": 0.9412698814565853, "recall": 0.94125, "f1-score": 0.9412598653919338, "support": 4000}}, "confusion-matrix": [[2887, 118], [117, 878]]}}, "overall": {"report": {"False": {"precision": 0.9596327873382426, "recall": 0.9616310048009549, "f1-score": 0.9606211765476269, "support": 30000.0}, "True": {"precision": 0.8843297897440345, "recall": 0.8785769475477053, "f1-score": 0.8813597651545573, "support": 10000.0}, "macro avg": {"precision": 0.9219812885411386, "recall": 0.9201039761743302, "f1-score": 0.9209904708510921, "support": 40000.0}, "weighted avg": {"precision": 0.9408105983913895, "recall": 0.9408750000000001, "f1-score": 0.940811517603348, "support": 40000.0}, "accuracy": 0.9408750000000001}, "confusion-matrix": [[28849.0, 1151.0], [1214.0, 8786.0]]}}