{"features": "bow-pp-pos", "classifier": "SVC", "folds": {"3": {"report": {"False": {"precision": 0.953150775321676, "recall": 0.9646076794657763, "f1-score": 0.9588450049784268, "support": 2995}, "True": {"precision": 0.890608875128999, "recall": 0.8587064676616916, "f1-score": 0.8743667679837892, "support": 1005}, "accuracy": 0.938, "macro avg": {"precision": 0.9218798252253375, "recall": 0.9116570735637339, "f1-score": 0.916605886481108, "support": 4000}, "weighted avg": {"precision": 0.9374371228982659, "recall": 0.938, "f1-score": 0.937619847933524, "support": 4000}}, "confusion-matrix": [[2889, 106], [142, 863]]}, "5": {"report": {"False": {"precision": 0.9626915389740173, "recall": 0.9588586595885866, "f1-score": 0.9607712765957446, "support": 3014}, "True": {"precision": 0.875751503006012, "recall": 0.8864097363083164, "f1-score": 0.8810483870967741, "support": 986}, "accuracy": 0.941, "macro avg": {"precision": 0.9192215209900146, "recall": 0.9226341979484516, "f1-score": 0.9209098318462594, "support": 4000}, "weighted avg": {"precision": 0.941260820107904, "recall": 0.941, "f1-score": 0.9411195843342485, "support": 4000}}, "confusion-matrix": [[2890, 124], [112, 874]]}, "7": {"report": {"False": {"precision": 0.9599056603773585, "recall": 0.9579690652320108, "f1-score": 0.9589363850555368, "support": 2974}, "True": {"precision": 0.8788759689922481, "recall": 0.8840155945419104, "f1-score": 0.8814382896015549, "support": 1026}, "accuracy": 0.939, "macro avg": {"precision": 0.9193908146848033, "recall": 0.9209923298869606, "f1-score": 0.9201873373285459, "support": 4000}, "weighted avg": {"precision": 0.9391215445370776, "recall": 0.939, "f1-score": 0.9390581235715904, "support": 4000}}, "confusion-matrix": [[2849, 125], [119, 907]]}, "1": {"report": {"False": {"precision": 0.962876254180602, "recall": 0.9638433210579176, "f1-score": 0.9633595449222018, "support": 2987}, "True": {"precision": 0.8930693069306931, "recall": 0.8904244817374136, "f1-score": 0.8917449332674245, "support": 1013}, "accuracy": 0.94525, "macro avg": {"precision": 0.9279727805556475, "recall": 0.9271339013976656, "f1-score": 0.9275522390948132, "support": 4000}, "weighted avg": {"precision": 0.9451976447895626, "recall": 0.94525, "f1-score": 0.9452231445206294, "support": 4000}}, "confusion-matrix": [[2879, 108], [111, 902]]}, "6": {"report": {"False": {"precision": 0.9644163618224144, "recall": 0.9618573797678275, "f1-score": 0.9631351710395218, "support": 3015}, "True": {"precision": 0.8841893252769386, "recall": 0.8913705583756345, "f1-score": 0.8877654196157735, "support": 985}, "accuracy": 0.9445, "macro avg": {"precision": 0.9243028435496765, "recall": 0.926613969071731, "f1-score": 0.9254502953276477, "support": 4000}, "weighted avg": {"precision": 0.944660454073091, "recall": 0.9445, "f1-score": 0.9445753697514238, "support": 4000}}, "confusion-matrix": [[2900, 115], [107, 878]]}, "2": {"report": {"False": {"precision": 0.9597203728362184, "recall": 0.9581256231306082, "f1-score": 0.9589223349409612, "support": 3009}, "True": {"precision": 0.8734939759036144, "recall": 0.8779011099899092, "f1-score": 0.875691997986915, "support": 991}, "accuracy": 0.93825, "macro avg": {"precision": 0.9166071743699165, "recall": 0.9180133665602588, "f1-score": 0.9173071664639381, "support": 4000}, "weighted avg": {"precision": 0.9383577829961657, "recall": 0.93825, "f1-score": 0.9383020189605962, "support": 4000}}, "confusion-matrix": [[2883, 126], [121, 870]]}, "4": {"report": {"False": {"precision": 0.9558679306963059, "recall": 0.9707835325365206, "f1-score": 0.9632679953879097, "support": 3012}, "True": {"precision": 0.9064824654622742, "recall": 0.8633603238866396, "f1-score": 0.8843960601347848, "support": 988}, "accuracy": 0.94425, "macro avg": {"precision": 0.9311751980792901, "recall": 0.9170719282115801, "f1-score": 0.9238320277613472, "support": 4000}, "weighted avg": {"precision": 0.9436697207835001, "recall": 0.94425, "f1-score": 0.9437866273803878, "support": 4000}}, "confusion-matrix": [[2924, 88], [135, 853]]}, "8": {"report": {"False": {"precision": 0.9620932572962093, "recall": 0.9627391742195368, "f1-score": 0.9624161073825503, "support": 2979}, "True": {"precision": 0.8910696761530913, "recall": 0.8893241919686582, "f1-score": 0.8901960784313726, "support": 1021}, "accuracy": 0.944, "macro avg": {"precision": 0.9265814667246504, "recall": 0.9260316830940976, "f1-score": 0.9263060929069615, "support": 4000}, "weighted avg": {"precision": 0.9439644882094285, "recall": 0.944, "f1-score": 0.9439819449927622, "support": 4000}}, "confusion-matrix": [[2868, 111], [113, 908]]}, "9": {"report": {"False": {"precision": 0.9567496723460026, "recall": 0.9700996677740864, "f1-score": 0.9633784229627186, "support": 3010}, "True": {"precision": 0.9050632911392406, "recall": 0.8666666666666667, "f1-score": 0.8854489164086687, "support": 990}, "accuracy": 0.9445, "macro avg": {"precision": 0.9309064817426216, "recall": 0.9183831672203766, "f1-score": 0.9244136696856937, "support": 4000}, "weighted avg": {"precision": 0.943957292997329, "recall": 0.9445, "f1-score": 0.9440908700905912, "support": 4000}}, "confusion-matrix": [[2920, 90], [132, 858]]}, "10": {"report": {"False": {"precision": 0.9592715231788079, "recall": 0.9640599001663893, "f1-score": 0.9616597510373444, "support": 3005}, "True": {"precision": 0.889795918367347, "recall": 0.8763819095477386, "f1-score": 0.8830379746835443, "support": 995}, "accuracy": 0.94225, "macro avg": {"precision": 0.9245337207730775, "recall": 0.920220904857064, "f1-score": 0.9223488628604444, "support": 4000}, "weighted avg": {"precision": 0.941989466481957, "recall": 0.94225, "f1-score": 0.9421025841693367, "support": 4000}}, "confusion-matrix": [[2897, 108], [123, 872]]}}, "overall": {"report": {"False": {"precision": 0.9596743347029613, "recall": 0.9632944002939261, "f1-score": 0.9614691994302916, "support": 30000.0}, "True": {"precision": 0.888840030636046, "recall": 0.878456104068458, "f1-score": 0.8835134825210602, "support": 10000.0}, "macro avg": {"precision": 0.9242571826695034, "recall": 0.920875252181192, "f1-score": 0.9224913409756759, "support": 40000.0}, "weighted avg": {"precision": 0.9419616337874281, "recall": 0.9420999999999999, "f1-score": 0.941986011570509, "support": 40000.0}, "accuracy": 0.9420999999999999}, "confusion-matrix": [[28899.0, 1101.0], [1215.0, 8785.0]]}}