{"features": "bow-pos-emot", "classifier": "SVC", "folds": {"2": {"report": {"False": {"precision": 0.8536296296296296, "recall": 0.9574609504818876, "f1-score": 0.9025689223057645, "support": 3009}, "True": {"precision": 0.7952, "recall": 0.5015136226034309, "f1-score": 0.6150990099009901, "support": 991}, "accuracy": 0.8445, "macro avg": {"precision": 0.8244148148148148, "recall": 0.7294872865426593, "f1-score": 0.7588339661033773, "support": 4000}, "weighted avg": {"precision": 0.839153688888889, "recall": 0.8445, "f1-score": 0.8313482515074816, "support": 4000}}, "confusion-matrix": [[2881, 128], [494, 497]]}, "1": {"report": {"False": {"precision": 0.8561993395376764, "recall": 0.954804151322397, "f1-score": 0.9028173472617917, "support": 2987}, "True": {"precision": 0.7982062780269058, "recall": 0.527147087857848, "f1-score": 0.6349583828775267, "support": 1013}, "accuracy": 0.8465, "macro avg": {"precision": 0.8272028087822911, "recall": 0.7409756195901225, "f1-score": 0.7688878650696592, "support": 4000}, "weighted avg": {"precision": 0.8415125967100737, "recall": 0.8465, "f1-score": 0.8349820645314767, "support": 4000}}, "confusion-matrix": [[2852, 135], [479, 534]]}, "4": {"report": {"False": {"precision": 0.8639070875521143, "recall": 0.9631474103585658, "f1-score": 0.9108320251177394, "support": 3012}, "True": {"precision": 0.8271028037383178, "recall": 0.5374493927125507, "f1-score": 0.6515337423312884, "support": 988}, "accuracy": 0.858, "macro avg": {"precision": 0.845504945645216, "recall": 0.7502984015355583, "f1-score": 0.7811828837245138, "support": 4000}, "weighted avg": {"precision": 0.8548164294501066, "recall": 0.858, "f1-score": 0.846785349269486, "support": 4000}}, "confusion-matrix": [[2901, 111], [457, 531]]}, "3": {"report": {"False": {"precision": 0.8600119904076738, "recall": 0.9579298831385643, "f1-score": 0.9063339124940768, "support": 2995}, "True": {"precision": 0.8102409638554217, "recall": 0.5353233830845772, "f1-score": 0.6446974236069503, "support": 1005}, "accuracy": 0.85175, "macro avg": {"precision": 0.8351264771315478, "recall": 0.7466266331115707, "f1-score": 0.7755156680505135, "support": 4000}, "weighted avg": {"precision": 0.8475070199864205, "recall": 0.85175, "f1-score": 0.8405977446611862, "support": 4000}}, "confusion-matrix": [[2869, 126], [467, 538]]}, "5": {"report": {"False": {"precision": 0.8611111111111112, "recall": 0.9565361645653616, "f1-score": 0.9063187676831185, "support": 3014}, "True": {"precision": 0.799079754601227, "recall": 0.5283975659229209, "f1-score": 0.6361416361416361, "support": 986}, "accuracy": 0.851, "macro avg": {"precision": 0.8300954328561692, "recall": 0.7424668652441413, "f1-score": 0.7712302019123773, "support": 4000}, "weighted avg": {"precision": 0.8458203817314247, "recall": 0.851, "f1-score": 0.8397201047581432, "support": 4000}}, "confusion-matrix": [[2883, 131], [465, 521]]}, "6": {"report": {"False": {"precision": 0.861698956780924, "recall": 0.9588723051409619, "f1-score": 0.9076923076923077, "support": 3015}, "True": {"precision": 0.8077519379844961, "recall": 0.5289340101522843, "f1-score": 0.6392638036809816, "support": 985}, "accuracy": 0.853, "macro avg": {"precision": 0.83472544738271, "recall": 0.7439031576466231, "f1-score": 0.7734780556866446, "support": 4000}, "weighted avg": {"precision": 0.8484145034023036, "recall": 0.853, "f1-score": 0.8415917885795186, "support": 4000}}, "confusion-matrix": [[2891, 124], [464, 521]]}, "7": {"report": {"False": {"precision": 0.8534405719392315, "recall": 0.9633490248823133, "f1-score": 0.905070289053862, "support": 2974}, "True": {"precision": 0.8304821150855366, "recall": 0.52046783625731, "f1-score": 0.6399041342121031, "support": 1026}, "accuracy": 0.84975, "macro avg": {"precision": 0.841961343512384, "recall": 0.7419084305698116, "f1-score": 0.7724872116329826, "support": 4000}, "weighted avg": {"precision": 0.8475517277562588, "recall": 0.84975, "f1-score": 0.8370551703369509, "support": 4000}}, "confusion-matrix": [[2865, 109], [492, 534]]}, "8": {"report": {"False": {"precision": 0.8526029055690073, "recall": 0.945619335347432, "f1-score": 0.8967053955116984, "support": 2979}, "True": {"precision": 0.7672413793103449, "recall": 0.5230166503428012, "f1-score": 0.6220151426907398, "support": 1021}, "accuracy": 0.83775, "macro avg": {"precision": 0.8099221424396761, "recall": 0.7343179928451167, "f1-score": 0.7593602691012191, "support": 4000}, "weighted avg": {"precision": 0.8308143759914838, "recall": 0.83775, "f1-score": 0.8265907084791486, "support": 4000}}, "confusion-matrix": [[2817, 162], [487, 534]]}, "9": {"report": {"False": {"precision": 0.8620792374143581, "recall": 0.9614617940199336, "f1-score": 0.9090623527564002, "support": 3010}, "True": {"precision": 0.8195956454121306, "recall": 0.5323232323232323, "f1-score": 0.6454378444580526, "support": 990}, "accuracy": 0.85525, "macro avg": {"precision": 0.8408374414132443, "recall": 0.7468925131715829, "f1-score": 0.7772500986072264, "support": 4000}, "weighted avg": {"precision": 0.8515645483938068, "recall": 0.85525, "f1-score": 0.8438152869525591, "support": 4000}}, "confusion-matrix": [[2894, 116], [463, 527]]}, "10": {"report": {"False": {"precision": 0.8627036813518407, "recall": 0.951414309484193, "f1-score": 0.90489001424276, "support": 3005}, "True": {"precision": 0.7871720116618076, "recall": 0.542713567839196, "f1-score": 0.6424747174301011, "support": 995}, "accuracy": 0.84975, "macro avg": {"precision": 0.8249378465068242, "recall": 0.7470639386616945, "f1-score": 0.7736823658364306, "support": 4000}, "weighted avg": {"precision": 0.8439151785164449, "recall": 0.84975, "f1-score": 0.8396142091606111, "support": 4000}}, "confusion-matrix": [[2859, 146], [455, 540]]}}, "overall": {"report": {"False": {"precision": 0.8587384511293565, "recall": 0.9570595328741611, "f1-score": 0.905229133411952, "support": 30000.0}, "True": {"precision": 0.8042072889676188, "recall": 0.5277286349096152, "f1-score": 0.6371525837330368, "support": 10000.0}, "macro avg": {"precision": 0.8314728700484878, "recall": 0.7423940838918881, "f1-score": 0.7711908585724945, "support": 40000.0}, "weighted avg": {"precision": 0.8451070450827212, "recall": 0.849725, "f1-score": 0.8382100678236561, "support": 40000.0}, "accuracy": 0.849725}, "confusion-matrix": [[28712.0, 1288.0], [4723.0, 5277.0]]}}