{"features": "bow-pp-emot", "classifier": "MultinomialNB", "folds": {"1": {"report": {"False": {"precision": 0.9212386401884888, "recall": 0.9163039839303649, "f1-score": 0.9187646861362874, "support": 2987}, "True": {"precision": 0.7570456754130224, "recall": 0.7690029615004936, "f1-score": 0.7629774730656219, "support": 1013}, "accuracy": 0.879, "macro avg": {"precision": 0.8391421578007556, "recall": 0.8426534727154293, "f1-score": 0.8408710796009546, "support": 4000}, "weighted avg": {"precision": 0.879656771859102, "recall": 0.879, "f1-score": 0.8793115744261413, "support": 4000}}, "confusion-matrix": [[2737, 250], [234, 779]]}, "2": {"report": {"False": {"precision": 0.9147465437788018, "recall": 0.923562645397142, "f1-score": 0.9191334546055896, "support": 3009}, "True": {"precision": 0.760914760914761, "recall": 0.7386478304742684, "f1-score": 0.7496159754224271, "support": 991}, "accuracy": 0.87775, "macro avg": {"precision": 0.8378306523467813, "recall": 0.8311052379357051, "f1-score": 0.8343747150140084, "support": 4000}, "weighted avg": {"precision": 0.8766347195742357, "recall": 0.87775, "f1-score": 0.8771354991379611, "support": 4000}}, "confusion-matrix": [[2779, 230], [259, 732]]}, "3": {"report": {"False": {"precision": 0.9124712076340902, "recall": 0.9258764607679466, "f1-score": 0.919124958568114, "support": 2995}, "True": {"precision": 0.768990634755463, "recall": 0.7353233830845771, "f1-score": 0.7517802644964395, "support": 1005}, "accuracy": 0.878, "macro avg": {"precision": 0.8407309211947767, "recall": 0.8305999219262619, "f1-score": 0.8354526115322768, "support": 4000}, "weighted avg": {"precision": 0.8764217136983351, "recall": 0.878, "f1-score": 0.8770796041826059, "support": 4000}}, "confusion-matrix": [[2773, 222], [266, 739]]}, "4": {"report": {"False": {"precision": 0.9208211143695014, "recall": 0.9382470119521913, "f1-score": 0.9294523926985693, "support": 3012}, "True": {"precision": 0.8002148227712137, "recall": 0.7540485829959515, "f1-score": 0.7764460656591975, "support": 988}, "accuracy": 0.89275, "macro avg": {"precision": 0.8605179685703576, "recall": 0.8461477974740714, "f1-score": 0.8529492291788834, "support": 4000}, "weighted avg": {"precision": 0.8910313603447244, "recall": 0.89275, "f1-score": 0.8916598299198445, "support": 4000}}, "confusion-matrix": [[2826, 186], [243, 745]]}, "5": {"report": {"False": {"precision": 0.9190082644628099, "recall": 0.9223623092236231, "f1-score": 0.9206822321576419, "support": 3014}, "True": {"precision": 0.76, "recall": 0.7515212981744422, "f1-score": 0.7557368689444163, "support": 986}, "accuracy": 0.88025, "macro avg": {"precision": 0.839504132231405, "recall": 0.8369418036990326, "f1-score": 0.8382095505510291, "support": 4000}, "weighted avg": {"precision": 0.8798127272727273, "recall": 0.88025, "f1-score": 0.8800232001255818, "support": 4000}}, "confusion-matrix": [[2780, 234], [245, 741]]}, "6": {"report": {"False": {"precision": 0.9174551386623164, "recall": 0.9326699834162521, "f1-score": 0.925, "support": 3015}, "True": {"precision": 0.7828877005347593, "recall": 0.7431472081218274, "f1-score": 0.7625000000000001, "support": 985}, "accuracy": 0.886, "macro avg": {"precision": 0.8501714195985379, "recall": 0.8379085957690398, "f1-score": 0.84375, "support": 4000}, "weighted avg": {"precision": 0.8843179070234055, "recall": 0.886, "f1-score": 0.884984375, "support": 4000}}, "confusion-matrix": [[2812, 203], [253, 732]]}, "7": {"report": {"False": {"precision": 0.9137931034482759, "recall": 0.9266980497646268, "f1-score": 0.9202003338898164, "support": 2974}, "True": {"precision": 0.7784552845528455, "recall": 0.746588693957115, "f1-score": 0.7621890547263681, "support": 1026}, "accuracy": 0.8805, "macro avg": {"precision": 0.8461241940005607, "recall": 0.8366433718608709, "f1-score": 0.8411946943080922, "support": 4000}, "weighted avg": {"precision": 0.879078952901598, "recall": 0.8805, "f1-score": 0.8796704407843918, "support": 4000}}, "confusion-matrix": [[2756, 218], [260, 766]]}, "8": {"report": {"False": {"precision": 0.9190556492411467, "recall": 0.9147364887546157, "f1-score": 0.9168909825033649, "support": 2979}, "True": {"precision": 0.7545893719806763, "recall": 0.7649363369245837, "f1-score": 0.759727626459144, "support": 1021}, "accuracy": 0.8765, "macro avg": {"precision": 0.8368225106109115, "recall": 0.8398364128395996, "f1-score": 0.8383093044812544, "support": 4000}, "weighted avg": {"precision": 0.8770756319704117, "recall": 0.8765, "f1-score": 0.8767750358730775, "support": 4000}}, "confusion-matrix": [[2725, 254], [240, 781]]}, "9": {"report": {"False": {"precision": 0.9159609120521173, "recall": 0.93421926910299, "f1-score": 0.925, "support": 3010}, "True": {"precision": 0.7870967741935484, "recall": 0.7393939393939394, "f1-score": 0.7625000000000002, "support": 990}, "accuracy": 0.886, "macro avg": {"precision": 0.8515288431228328, "recall": 0.8368066042484648, "f1-score": 0.8437500000000001, "support": 4000}, "weighted avg": {"precision": 0.8840670379321214, "recall": 0.886, "f1-score": 0.88478125, "support": 4000}}, "confusion-matrix": [[2812, 198], [258, 732]]}, "10": {"report": {"False": {"precision": 0.9154557463672391, "recall": 0.9224625623960067, "f1-score": 0.9189457981103929, "support": 3005}, "True": {"precision": 0.7602880658436214, "recall": 0.742713567839196, "f1-score": 0.7513980681240467, "support": 995}, "accuracy": 0.87775, "macro avg": {"precision": 0.8378719061054303, "recall": 0.8325880651176013, "f1-score": 0.8351719331172198, "support": 4000}, "weighted avg": {"precision": 0.8768577858369893, "recall": 0.87775, "f1-score": 0.8772683002762893, "support": 4000}}, "confusion-matrix": [[2772, 233], [256, 739]]}}, "overall": {"report": {"False": {"precision": 0.9170006320204788, "recall": 0.9257138764705758, "f1-score": 0.9213194838669777, "support": 30000.0}, "True": {"precision": 0.7710483090959912, "recall": 0.7485323802466395, "f1-score": 0.7594871396897662, "support": 10000.0}, "macro avg": {"precision": 0.8440244705582348, "recall": 0.8371231283586076, "f1-score": 0.8404033117783719, "support": 40000.0}, "weighted avg": {"precision": 0.8804954608413651, "recall": 0.8814500000000001, "f1-score": 0.8808689109725893, "support": 40000.0}, "accuracy": 0.8814500000000001}, "confusion-matrix": [[27772.0, 2228.0], [2514.0, 7486.0]]}}