{"features": "bow-pp-pos-emot", "classifier": "SVC", "folds": {"2": {"report": {"False": {"precision": 0.9373587342589603, "recall": 0.9647723496178132, "f1-score": 0.9508679986898133, "support": 3009}, "True": {"precision": 0.8826135105204873, "recall": 0.8042381432896064, "f1-score": 0.8416050686378036, "support": 991}, "accuracy": 0.925, "macro avg": {"precision": 0.9099861223897239, "recall": 0.8845052464537098, "f1-score": 0.8962365336638085, "support": 4000}, "weighted avg": {"precision": 0.9237956050777536, "recall": 0.925, "f1-score": 0.9237981077694278, "support": 4000}}, "confusion-matrix": [[2903, 106], [194, 797]]}, "1": {"report": {"False": {"precision": 0.938961038961039, "recall": 0.9681955138935386, "f1-score": 0.953354211307071, "support": 2987}, "True": {"precision": 0.8967391304347826, "recall": 0.8144126357354393, "f1-score": 0.8535954474909467, "support": 1013}, "accuracy": 0.92925, "macro avg": {"precision": 0.9178500846979107, "recall": 0.8913040748144889, "f1-score": 0.9034748293990089, "support": 4000}, "weighted avg": {"precision": 0.9282683406267644, "recall": 0.92925, "f1-score": 0.9280903043706376, "support": 4000}}, "confusion-matrix": [[2892, 95], [188, 825]]}, "3": {"report": {"False": {"precision": 0.9374797538062845, "recall": 0.9662771285475793, "f1-score": 0.9516606379480433, "support": 2995}, "True": {"precision": 0.8893756845564075, "recall": 0.8079601990049752, "f1-score": 0.8467153284671534, "support": 1005}, "accuracy": 0.9265, "macro avg": {"precision": 0.913427719181346, "recall": 0.8871186637762772, "f1-score": 0.8991879832075984, "support": 4000}, "weighted avg": {"precision": 0.9253936064072529, "recall": 0.9265, "f1-score": 0.9252931289409697, "support": 4000}}, "confusion-matrix": [[2894, 101], [193, 812]]}, "4": {"report": {"False": {"precision": 0.9400256574727389, "recall": 0.9731075697211156, "f1-score": 0.9562805872756933, "support": 3012}, "True": {"precision": 0.9081632653061225, "recall": 0.8107287449392713, "f1-score": 0.8566844919786097, "support": 988}, "accuracy": 0.933, "macro avg": {"precision": 0.9240944613894306, "recall": 0.8919181573301934, "f1-score": 0.9064825396271515, "support": 4000}, "weighted avg": {"precision": 0.9321556466075847, "recall": 0.933, "f1-score": 0.9316803517373137, "support": 4000}}, "confusion-matrix": [[2931, 81], [187, 801]]}, "5": {"report": {"False": {"precision": 0.9384466645182082, "recall": 0.9661579296615793, "f1-score": 0.9521007029589669, "support": 3014}, "True": {"precision": 0.8862876254180602, "recall": 0.8062880324543611, "f1-score": 0.844397238449283, "support": 986}, "accuracy": 0.92675, "macro avg": {"precision": 0.9123671449681342, "recall": 0.8862229810579703, "f1-score": 0.898248970704125, "support": 4000}, "weighted avg": {"precision": 0.9255894613800217, "recall": 0.92675, "f1-score": 0.9255517989573299, "support": 4000}}, "confusion-matrix": [[2912, 102], [191, 795]]}, "6": {"report": {"False": {"precision": 0.9391304347826087, "recall": 0.9671641791044776, "f1-score": 0.9529411764705882, "support": 3015}, "True": {"precision": 0.8893854748603351, "recall": 0.8081218274111676, "f1-score": 0.8468085106382979, "support": 985}, "accuracy": 0.928, "macro avg": {"precision": 0.914257954821472, "recall": 0.8876430032578226, "f1-score": 0.899874843554443, "support": 4000}, "weighted avg": {"precision": 0.9268807384017489, "recall": 0.928, "f1-score": 0.9268060075093868, "support": 4000}}, "confusion-matrix": [[2916, 99], [189, 796]]}, "7": {"report": {"False": {"precision": 0.9392156862745098, "recall": 0.9663752521856086, "f1-score": 0.9526019224395095, "support": 2974}, "True": {"precision": 0.8936170212765957, "recall": 0.8187134502923976, "f1-score": 0.8545269582909459, "support": 1026}, "accuracy": 0.9285, "macro avg": {"precision": 0.9164163537755527, "recall": 0.8925443512390031, "f1-score": 0.9035644403652277, "support": 4000}, "weighted avg": {"precision": 0.9275196287025448, "recall": 0.9285, "f1-score": 0.9274456941354029, "support": 4000}}, "confusion-matrix": [[2874, 100], [186, 840]]}, "8": {"report": {"False": {"precision": 0.9404296875, "recall": 0.9697885196374623, "f1-score": 0.9548834903321766, "support": 2979}, "True": {"precision": 0.9030172413793104, "recall": 0.8207639569049952, "f1-score": 0.8599281682914315, "support": 1021}, "accuracy": 0.93175, "macro avg": {"precision": 0.9217234644396552, "recall": 0.8952762382712287, "f1-score": 0.907405829311804, "support": 4000}, "weighted avg": {"precision": 0.930880160627694, "recall": 0.93175, "f1-score": 0.9306461443812764, "support": 4000}}, "confusion-matrix": [[2889, 90], [183, 838]]}, "9": {"report": {"False": {"precision": 0.9396662387676509, "recall": 0.9727574750830564, "f1-score": 0.9559255631733594, "support": 3010}, "True": {"precision": 0.9072398190045249, "recall": 0.8101010101010101, "f1-score": 0.855923159018143, "support": 990}, "accuracy": 0.9325, "macro avg": {"precision": 0.9234530288860878, "recall": 0.8914292425920333, "f1-score": 0.9059243610957513, "support": 4000}, "weighted avg": {"precision": 0.9316406998762772, "recall": 0.9325, "f1-score": 0.9311749681449434, "support": 4000}}, "confusion-matrix": [[2928, 82], [188, 802]]}, "10": {"report": {"False": {"precision": 0.937601034594245, "recall": 0.9650582362728786, "f1-score": 0.9511315185306657, "support": 3005}, "True": {"precision": 0.8842337375964718, "recall": 0.8060301507537688, "f1-score": 0.8433228180862249, "support": 995}, "accuracy": 0.9255, "macro avg": {"precision": 0.9109173860953584, "recall": 0.8855441935133237, "f1-score": 0.8972271683084453, "support": 4000}, "weighted avg": {"precision": 0.9243259194660489, "recall": 0.9255, "f1-score": 0.9243141042951111, "support": 4000}}, "confusion-matrix": [[2900, 105], [193, 802]]}}, "overall": {"report": {"False": {"precision": 0.9388314930936247, "recall": 0.967965415372511, "f1-score": 0.9531747809125888, "support": 30000.0}, "True": {"precision": 0.8940672510353098, "recall": 0.8107358150886993, "f1-score": 0.850350718934884, "support": 10000.0}, "macro avg": {"precision": 0.9164493720644671, "recall": 0.8893506152306052, "f1-score": 0.9017627499237364, "support": 40000.0}, "weighted avg": {"precision": 0.9276449807173692, "recall": 0.9286749999999999, "f1-score": 0.9274800610241801, "support": 40000.0}, "accuracy": 0.9286749999999999}, "confusion-matrix": [[29039.0, 961.0], [1892.0, 8108.0]]}}