{"features": "bow-emot", "classifier": "SVC", "folds": {"3": {"report": {"False": {"precision": 0.8556021569802277, "recall": 0.9535893155258764, "f1-score": 0.9019422074846043, "support": 2995}, "True": {"precision": 0.7900302114803626, "recall": 0.5203980099502488, "f1-score": 0.6274745050989802, "support": 1005}, "accuracy": 0.84475, "macro avg": {"precision": 0.8228161842302951, "recall": 0.7369936627380627, "f1-score": 0.7647083562917922, "support": 4000}, "weighted avg": {"precision": 0.8391272056733866, "recall": 0.84475, "f1-score": 0.8329821972602163, "support": 4000}}, "confusion-matrix": [[2856, 139], [482, 523]]}, "2": {"report": {"False": {"precision": 0.8571855392889155, "recall": 0.9534729145895646, "f1-score": 0.9027690371302706, "support": 3009}, "True": {"precision": 0.7856049004594181, "recall": 0.5176589303733602, "f1-score": 0.6240875912408758, "support": 991}, "accuracy": 0.8455, "macro avg": {"precision": 0.8213952198741667, "recall": 0.7355659224814624, "f1-score": 0.7634283141855731, "support": 4000}, "weighted avg": {"precision": 0.8394514360189076, "recall": 0.8455, "f1-score": 0.8337257089111731, "support": 4000}}, "confusion-matrix": [[2869, 140], [478, 513]]}, "1": {"report": {"False": {"precision": 0.8602896801448401, "recall": 0.9544693672581185, "f1-score": 0.9049357244881765, "support": 2987}, "True": {"precision": 0.8017492711370262, "recall": 0.5429417571569596, "f1-score": 0.6474396703943496, "support": 1013}, "accuracy": 0.85025, "macro avg": {"precision": 0.8310194756409331, "recall": 0.748705562207539, "f1-score": 0.776187697441263, "support": 4000}, "weighted avg": {"precision": 0.8454643215636112, "recall": 0.85025, "f1-score": 0.8397248487889148, "support": 4000}}, "confusion-matrix": [[2851, 136], [463, 550]]}, "6": {"report": {"False": {"precision": 0.8682634730538922, "recall": 0.9618573797678275, "f1-score": 0.912667191188041, "support": 3015}, "True": {"precision": 0.8257575757575758, "recall": 0.5532994923857868, "f1-score": 0.662613981762918, "support": 985}, "accuracy": 0.86125, "macro avg": {"precision": 0.847010524405734, "recall": 0.7575784360768072, "f1-score": 0.7876405864754794, "support": 4000}, "weighted avg": {"precision": 0.8577963958446742, "recall": 0.86125, "f1-score": 0.8510915883671044, "support": 4000}}, "confusion-matrix": [[2900, 115], [440, 545]]}, "4": {"report": {"False": {"precision": 0.8626045400238949, "recall": 0.9588313413014609, "f1-score": 0.9081761006289307, "support": 3012}, "True": {"precision": 0.8098159509202454, "recall": 0.5344129554655871, "f1-score": 0.6439024390243904, "support": 988}, "accuracy": 0.854, "macro avg": {"precision": 0.8362102454720701, "recall": 0.746622148383524, "f1-score": 0.7760392698266605, "support": 4000}, "weighted avg": {"precision": 0.8495657585152935, "recall": 0.854, "f1-score": 0.8429005062126094, "support": 4000}}, "confusion-matrix": [[2888, 124], [460, 528]]}, "5": {"report": {"False": {"precision": 0.8584202682563339, "recall": 0.9555408095554081, "f1-score": 0.9043805934997645, "support": 3014}, "True": {"precision": 0.7922480620155039, "recall": 0.5182555780933062, "f1-score": 0.6266094420600858, "support": 986}, "accuracy": 0.84775, "macro avg": {"precision": 0.825334165135919, "recall": 0.7368981938243572, "f1-score": 0.7654950177799251, "support": 4000}, "weighted avg": {"precision": 0.8421088194179693, "recall": 0.84775, "f1-score": 0.8359100046698837, "support": 4000}}, "confusion-matrix": [[2880, 134], [475, 511]]}, "9": {"report": {"False": {"precision": 0.8594722798695523, "recall": 0.9631229235880399, "f1-score": 0.9083503054989815, "support": 3010}, "True": {"precision": 0.8229665071770335, "recall": 0.5212121212121212, "f1-score": 0.6382189239332097, "support": 990}, "accuracy": 0.85375, "macro avg": {"precision": 0.8412193935232929, "recall": 0.7421675224000805, "f1-score": 0.7732846147160957, "support": 4000}, "weighted avg": {"precision": 0.850437101128154, "recall": 0.85375, "f1-score": 0.841492788561453, "support": 4000}}, "confusion-matrix": [[2899, 111], [474, 516]]}, "7": {"report": {"False": {"precision": 0.8531698564593302, "recall": 0.9593140551445865, "f1-score": 0.9031339031339031, "support": 2974}, "True": {"precision": 0.8155487804878049, "recall": 0.5214424951267057, "f1-score": 0.6361474435196195, "support": 1026}, "accuracy": 0.847, "macro avg": {"precision": 0.8343593184735676, "recall": 0.740378275135646, "f1-score": 0.7696406733267613, "support": 4000}, "weighted avg": {"precision": 0.843520050472634, "recall": 0.847, "f1-score": 0.8346518762428393, "support": 4000}}, "confusion-matrix": [[2853, 121], [491, 535]]}, "8": {"report": {"False": {"precision": 0.8590133982947625, "recall": 0.9469620678079893, "f1-score": 0.9008462398211721, "support": 2979}, "True": {"precision": 0.7793296089385475, "recall": 0.5465230166503428, "f1-score": 0.6424870466321243, "support": 1021}, "accuracy": 0.84475, "macro avg": {"precision": 0.819171503616655, "recall": 0.746742542229166, "f1-score": 0.7716666432266481, "support": 4000}, "weighted avg": {"precision": 0.8386741110615886, "recall": 0.84475, "f1-score": 0.8349000557596676, "support": 4000}}, "confusion-matrix": [[2821, 158], [463, 558]]}, "10": {"report": {"False": {"precision": 0.8627746012639181, "recall": 0.9540765391014975, "f1-score": 0.9061314791403288, "support": 3005}, "True": {"precision": 0.7961595273264401, "recall": 0.5417085427135678, "f1-score": 0.6447368421052632, "support": 995}, "accuracy": 0.8515, "macro avg": {"precision": 0.8294670642951791, "recall": 0.7478925409075327, "f1-score": 0.7754341606227959, "support": 4000}, "weighted avg": {"precision": 0.8462041016219705, "recall": 0.8515, "f1-score": 0.8411095631778562, "support": 4000}}, "confusion-matrix": [[2867, 138], [456, 539]]}}, "overall": {"report": {"False": {"precision": 0.8596795793635668, "recall": 0.9561236713640369, "f1-score": 0.9053332782014174, "support": 30000.0}, "True": {"precision": 0.8019210395699957, "recall": 0.5317852899127986, "f1-score": 0.6393717885771816, "support": 10000.0}, "macro avg": {"precision": 0.8308003094667813, "recall": 0.7439544806384177, "f1-score": 0.7723525333892993, "support": 40000.0}, "weighted avg": {"precision": 0.8452349301318189, "recall": 0.8500500000000001, "f1-score": 0.8388489137951718, "support": 40000.0}, "accuracy": 0.8500500000000001}, "confusion-matrix": [[28684.0, 1316.0], [4682.0, 5318.0]]}}