{"features": "bow-pos", "classifier": "SVC", "folds": {"2": {"report": {"False": {"precision": 0.9092934436664545, "recall": 0.9494848786972416, "f1-score": 0.9289546415217037, "support": 3009}, "True": {"precision": 0.8228438228438228, "recall": 0.7124117053481333, "f1-score": 0.7636560302866414, "support": 991}, "accuracy": 0.89075, "macro avg": {"precision": 0.8660686332551386, "recall": 0.8309482920226874, "f1-score": 0.8463053359041726, "support": 4000}, "weighted avg": {"precision": 0.8878755501076475, "recall": 0.89075, "f1-score": 0.888001910588217, "support": 4000}}, "confusion-matrix": [[2857, 152], [285, 706]]}, "3": {"report": {"False": {"precision": 0.9123711340206185, "recall": 0.9455759599332221, "f1-score": 0.9286768322675849, "support": 2995}, "True": {"precision": 0.8180803571428571, "recall": 0.7293532338308458, "f1-score": 0.7711730668069438, "support": 1005}, "accuracy": 0.89125, "macro avg": {"precision": 0.8652257455817378, "recall": 0.837464596882034, "f1-score": 0.8499249495372643, "support": 4000}, "weighted avg": {"precision": 0.888680576330081, "recall": 0.89125, "f1-score": 0.8891040111955988, "support": 4000}}, "confusion-matrix": [[2832, 163], [272, 733]]}, "4": {"report": {"False": {"precision": 0.9122197663403853, "recall": 0.9591633466135459, "f1-score": 0.9351027674380968, "support": 3012}, "True": {"precision": 0.8523409363745498, "recall": 0.7186234817813765, "f1-score": 0.7797913234486544, "support": 988}, "accuracy": 0.89975, "macro avg": {"precision": 0.8822803513574675, "recall": 0.8388934141974611, "f1-score": 0.8574470454433756, "support": 4000}, "weighted avg": {"precision": 0.8974296953388239, "recall": 0.89975, "f1-score": 0.8967408407727046, "support": 4000}}, "confusion-matrix": [[2889, 123], [278, 710]]}, "5": {"report": {"False": {"precision": 0.913572343149808, "recall": 0.946914399469144, "f1-score": 0.9299446073639622, "support": 3014}, "True": {"precision": 0.817351598173516, "recall": 0.7261663286004056, "f1-score": 0.7690655209452202, "support": 986}, "accuracy": 0.8925, "macro avg": {"precision": 0.865461970661662, "recall": 0.8365403640347748, "f1-score": 0.8495050641545911, "support": 4000}, "weighted avg": {"precision": 0.889853929513152, "recall": 0.8925, "f1-score": 0.8902879125617423, "support": 4000}}, "confusion-matrix": [[2854, 160], [270, 716]]}, "1": {"report": {"False": {"precision": 0.9128321451717434, "recall": 0.9430867090726481, "f1-score": 0.9277128272682363, "support": 2987}, "True": {"precision": 0.8140043763676149, "recall": 0.7344521224086871, "f1-score": 0.7721847431240271, "support": 1013}, "accuracy": 0.89025, "macro avg": {"precision": 0.8634182607696792, "recall": 0.8387694157406675, "f1-score": 0.8499487851961317, "support": 4000}, "weighted avg": {"precision": 0.887804012722098, "recall": 0.89025, "f1-score": 0.8883253399587153, "support": 4000}}, "confusion-matrix": [[2817, 170], [269, 744]]}, "7": {"report": {"False": {"precision": 0.9024, "recall": 0.9482178883658372, "f1-score": 0.9247417609444171, "support": 2974}, "True": {"precision": 0.824, "recall": 0.702729044834308, "f1-score": 0.7585481325618095, "support": 1026}, "accuracy": 0.88525, "macro avg": {"precision": 0.8632, "recall": 0.8254734666000726, "f1-score": 0.8416449467531133, "support": 4000}, "weighted avg": {"precision": 0.8822904, "recall": 0.88525, "f1-score": 0.8821130952642782, "support": 4000}}, "confusion-matrix": [[2820, 154], [305, 721]]}, "8": {"report": {"False": {"precision": 0.914622178606477, "recall": 0.9385699899295066, "f1-score": 0.926441351888668, "support": 2979}, "True": {"precision": 0.8059384941675504, "recall": 0.7443682664054848, "f1-score": 0.7739307535641547, "support": 1021}, "accuracy": 0.889, "macro avg": {"precision": 0.8602803363870137, "recall": 0.8414691281674958, "f1-score": 0.8501860527264113, "support": 4000}, "weighted avg": {"precision": 0.886880668153441, "recall": 0.889, "f1-score": 0.887513021666336, "support": 4000}}, "confusion-matrix": [[2796, 183], [261, 760]]}, "6": {"report": {"False": {"precision": 0.9063587472318887, "recall": 0.9502487562189055, "f1-score": 0.9277849740932642, "support": 3015}, "True": {"precision": 0.8212157330154947, "recall": 0.6994923857868021, "f1-score": 0.7554824561403508, "support": 985}, "accuracy": 0.8885, "macro avg": {"precision": 0.8637872401236917, "recall": 0.8248705710028538, "f1-score": 0.8416337151168075, "support": 4000}, "weighted avg": {"precision": 0.8853922799811016, "recall": 0.8885, "f1-score": 0.8853554790473593, "support": 4000}}, "confusion-matrix": [[2865, 150], [296, 689]]}, "10": {"report": {"False": {"precision": 0.9127775989700676, "recall": 0.9437603993344426, "f1-score": 0.9280104712041886, "support": 3005}, "True": {"precision": 0.8107502799552072, "recall": 0.7276381909547739, "f1-score": 0.766949152542373, "support": 995}, "accuracy": 0.89, "macro avg": {"precision": 0.8617639394626374, "recall": 0.8356992951446083, "f1-score": 0.8474798118732807, "support": 4000}, "weighted avg": {"precision": 0.887398303365121, "recall": 0.89, "f1-score": 0.887946468187062, "support": 4000}}, "confusion-matrix": [[2836, 169], [271, 724]]}, "9": {"report": {"False": {"precision": 0.9078282828282829, "recall": 0.9554817275747508, "f1-score": 0.9310456458400777, "support": 3010}, "True": {"precision": 0.8389423076923077, "recall": 0.705050505050505, "f1-score": 0.7661909989023051, "support": 990}, "accuracy": 0.8935, "macro avg": {"precision": 0.8733852952602953, "recall": 0.8302661163126279, "f1-score": 0.8486183223711914, "support": 4000}, "weighted avg": {"precision": 0.8907790039821291, "recall": 0.8935, "f1-score": 0.890244120722979, "support": 4000}}, "confusion-matrix": [[2876, 134], [292, 698]]}}, "overall": {"report": {"False": {"precision": 0.9104275639985726, "recall": 0.9480504055209245, "f1-score": 0.9288415879830201, "support": 30000.0}, "True": {"precision": 0.8225467905732919, "recall": 0.7200285265001323, "f1-score": 0.767697217832248, "support": 10000.0}, "macro avg": {"precision": 0.8664871772859323, "recall": 0.8340394660105283, "f1-score": 0.848269402907634, "support": 40000.0}, "weighted avg": {"precision": 0.8884384419493594, "recall": 0.8910750000000001, "f1-score": 0.8885632199964993, "support": 40000.0}, "accuracy": 0.8910750000000001}, "confusion-matrix": [[28442.0, 1558.0], [2799.0, 7201.0]]}}