{"features": "bow-pp-emot", "classifier": "DecisionTreeClassifier", "folds": {"1": {"report": {"False": {"precision": 0.9324683965402528, "recall": 0.9383997321727485, "f1-score": 0.9354246621057901, "support": 2987}, "True": {"precision": 0.8148893360160966, "recall": 0.7996051332675223, "f1-score": 0.8071748878923768, "support": 1013}, "accuracy": 0.90325, "macro avg": {"precision": 0.8736788662781747, "recall": 0.8690024327201353, "f1-score": 0.8712997749990834, "support": 4000}, "weighted avg": {"precision": 0.9026914994625103, "recall": 0.90325, "f1-score": 0.9029454067862432, "support": 4000}}, "confusion-matrix": [[2803, 184], [203, 810]]}, "2": {"report": {"False": {"precision": 0.9331147540983606, "recall": 0.9458291791292789, "f1-score": 0.9394289486713979, "support": 3009}, "True": {"precision": 0.828421052631579, "recall": 0.7941473259334006, "f1-score": 0.8109222050489439, "support": 991}, "accuracy": 0.90825, "macro avg": {"precision": 0.8807679033649698, "recall": 0.8699882525313398, "f1-score": 0.8751755768601709, "support": 4000}, "weighted avg": {"precision": 0.9071768895599654, "recall": 0.90825, "f1-score": 0.9075914029389349, "support": 4000}}, "confusion-matrix": [[2846, 163], [204, 787]]}, "4": {"report": {"False": {"precision": 0.9344636452559505, "recall": 0.951527224435591, "f1-score": 0.9429182431320942, "support": 3012}, "True": {"precision": 0.8435155412647374, "recall": 0.7965587044534413, "f1-score": 0.8193649141072359, "support": 988}, "accuracy": 0.91325, "macro avg": {"precision": 0.888989593260344, "recall": 0.8740429644445162, "f1-score": 0.881141578619665, "support": 4000}, "weighted avg": {"precision": 0.9119994635701208, "recall": 0.91325, "f1-score": 0.912400570862954, "support": 4000}}, "confusion-matrix": [[2866, 146], [201, 787]]}, "5": {"report": {"False": {"precision": 0.9343017497523936, "recall": 0.9389515593895156, "f1-score": 0.9366208836670529, "support": 3014}, "True": {"precision": 0.8105046343975283, "recall": 0.7981744421906694, "f1-score": 0.8042922841083291, "support": 986}, "accuracy": 0.90425, "macro avg": {"precision": 0.8724031920749609, "recall": 0.8685630007900924, "f1-score": 0.870456583887691, "support": 4000}, "weighted avg": {"precision": 0.9037857608174192, "recall": 0.90425, "f1-score": 0.9040018838758274, "support": 4000}}, "confusion-matrix": [[2830, 184], [199, 787]]}, "3": {"report": {"False": {"precision": 0.9340369393139841, "recall": 0.9455759599332221, "f1-score": 0.9397710303633648, "support": 2995}, "True": {"precision": 0.8316115702479339, "recall": 0.8009950248756219, "f1-score": 0.8160162189559047, "support": 1005}, "accuracy": 0.90925, "macro avg": {"precision": 0.882824254780959, "recall": 0.873285492404422, "f1-score": 0.8778936246596347, "support": 4000}, "weighted avg": {"precision": 0.908302565336139, "recall": 0.90925, "f1-score": 0.9086776339972404, "support": 4000}}, "confusion-matrix": [[2832, 163], [200, 805]]}, "6": {"report": {"False": {"precision": 0.9350606756313545, "recall": 0.9456053067993366, "f1-score": 0.9403034300791556, "support": 3015}, "True": {"precision": 0.8275499474237644, "recall": 0.798984771573604, "f1-score": 0.8130165289256198, "support": 985}, "accuracy": 0.9095, "macro avg": {"precision": 0.8813053115275595, "recall": 0.8722950391864703, "f1-score": 0.8766599795023877, "support": 4000}, "weighted avg": {"precision": 0.9085861588102355, "recall": 0.9095, "f1-score": 0.9089590306700974, "support": 4000}}, "confusion-matrix": [[2851, 164], [198, 787]]}, "7": {"report": {"False": {"precision": 0.9374376039933444, "recall": 0.9472091459314055, "f1-score": 0.9422980431510286, "support": 2974}, "True": {"precision": 0.842211055276382, "recall": 0.8167641325536062, "f1-score": 0.8292924294903513, "support": 1026}, "accuracy": 0.91375, "macro avg": {"precision": 0.8898243296348631, "recall": 0.8819866392425059, "f1-score": 0.88579523632069, "support": 4000}, "weighted avg": {"precision": 0.9130119942474435, "recall": 0.91375, "f1-score": 0.9133121032470649, "support": 4000}}, "confusion-matrix": [[2817, 157], [188, 838]]}, "8": {"report": {"False": {"precision": 0.9345949535192563, "recall": 0.9449479691171534, "f1-score": 0.9397429477549657, "support": 2979}, "True": {"precision": 0.8340080971659919, "recall": 0.8070519098922625, "f1-score": 0.8203086112493777, "support": 1021}, "accuracy": 0.90975, "macro avg": {"precision": 0.8843015253426241, "recall": 0.875999939504708, "f1-score": 0.8800257795021718, "support": 4000}, "weighted avg": {"precision": 0.9089201584350856, "recall": 0.90975, "f1-score": 0.9092573333619144, "support": 4000}}, "confusion-matrix": [[2815, 164], [197, 824]]}, "9": {"report": {"False": {"precision": 0.9342019543973942, "recall": 0.9528239202657808, "f1-score": 0.9434210526315789, "support": 3010}, "True": {"precision": 0.8473118279569892, "recall": 0.795959595959596, "f1-score": 0.8208333333333333, "support": 990}, "accuracy": 0.914, "macro avg": {"precision": 0.8907568911771917, "recall": 0.8743917581126883, "f1-score": 0.8821271929824561, "support": 4000}, "weighted avg": {"precision": 0.9126966481033939, "recall": 0.914, "f1-score": 0.9130805921052632, "support": 4000}}, "confusion-matrix": [[2868, 142], [202, 788]]}, "10": {"report": {"False": {"precision": 0.9284772577455505, "recall": 0.9374376039933444, "f1-score": 0.9329359165424739, "support": 3005}, "True": {"precision": 0.8053830227743272, "recall": 0.7819095477386935, "f1-score": 0.7934727180010199, "support": 995}, "accuracy": 0.89875, "macro avg": {"precision": 0.8669301402599388, "recall": 0.859673575866019, "f1-score": 0.863204317271747, "support": 4000}, "weighted avg": {"precision": 0.8978575667964587, "recall": 0.89875, "f1-score": 0.8982444459052872, "support": 4000}}, "confusion-matrix": [[2817, 188], [217, 778]]}}, "overall": {"report": {"False": {"precision": 0.9338157930247842, "recall": 0.9448307601167377, "f1-score": 0.9392865158098903, "support": 30000.0}, "True": {"precision": 0.828540608515533, "recall": 0.7990150588438418, "f1-score": 0.8134694131112493, "support": 10000.0}, "macro avg": {"precision": 0.8811782007701586, "recall": 0.8719229094802896, "f1-score": 0.8763779644605698, "support": 40000.0}, "weighted avg": {"precision": 0.9075028705138772, "recall": 0.9084, "f1-score": 0.9078470403750828, "support": 40000.0}, "accuracy": 0.9084}, "confusion-matrix": [[28345.0, 1655.0], [2009.0, 7991.0]]}}