{"features": "bow-pp-pos-emot", "classifier": "DecisionTreeClassifier", "folds": {"6": {"report": {"False": {"precision": 0.9532648326151807, "recall": 0.9625167336010709, "f1-score": 0.9578684429641966, "support": 2988}, "True": {"precision": 0.8860630722278738, "recall": 0.8606719367588933, "f1-score": 0.8731829573934837, "support": 1012}, "accuracy": 0.93675, "macro avg": {"precision": 0.9196639524215273, "recall": 0.9115943351799821, "f1-score": 0.9155257001788402, "support": 4000}, "weighted avg": {"precision": 0.936262787237192, "recall": 0.93675, "f1-score": 0.9364430151148062, "support": 4000}}, "confusion-matrix": [[2876, 112], [141, 871]]}, "5": {"report": {"False": {"precision": 0.9556518839613204, "recall": 0.9585284280936455, "f1-score": 0.9570879946568709, "support": 2990}, "True": {"precision": 0.8761238761238761, "recall": 0.8683168316831683, "f1-score": 0.872202884137245, "support": 1010}, "accuracy": 0.93575, "macro avg": {"precision": 0.9158878800425982, "recall": 0.913422629888407, "f1-score": 0.914645439397058, "support": 4000}, "weighted avg": {"precision": 0.9355710619823657, "recall": 0.93575, "f1-score": 0.9356545042506653, "support": 4000}}, "confusion-matrix": [[2866, 124], [133, 877]]}, "9": {"report": {"False": {"precision": 0.9566360052562418, "recall": 0.9604221635883905, "f1-score": 0.9585253456221198, "support": 3032}, "True": {"precision": 0.8744769874476988, "recall": 0.8636363636363636, "f1-score": 0.8690228690228691, "support": 968}, "accuracy": 0.937, "macro avg": {"precision": 0.9155564963519702, "recall": 0.912029263612377, "f1-score": 0.9137741073224944, "support": 4000}, "weighted avg": {"precision": 0.9367535229465743, "recall": 0.937, "f1-score": 0.9368657462851011, "support": 4000}}, "confusion-matrix": [[2912, 120], [132, 836]]}, "1": {"report": {"False": {"precision": 0.9531198415318587, "recall": 0.9572281167108754, "f1-score": 0.9551695616211745, "support": 3016}, "True": {"precision": 0.8671472708547889, "recall": 0.8556910569105691, "f1-score": 0.861381074168798, "support": 984}, "accuracy": 0.93225, "macro avg": {"precision": 0.9101335561933238, "recall": 0.9064595868107223, "f1-score": 0.9082753178949863, "support": 4000}, "weighted avg": {"precision": 0.9319705891452995, "recall": 0.93225, "f1-score": 0.9320975937078898, "support": 4000}}, "confusion-matrix": [[2887, 129], [142, 842]]}, "4": {"report": {"False": {"precision": 0.9463154384794932, "recall": 0.9584599797365755, "f1-score": 0.9523489932885906, "support": 2961}, "True": {"precision": 0.8771228771228772, "recall": 0.8450433108758422, "f1-score": 0.8607843137254902, "support": 1039}, "accuracy": 0.929, "macro avg": {"precision": 0.9117191578011852, "recall": 0.9017516453062089, "f1-score": 0.9065666535070405, "support": 4000}, "weighted avg": {"precision": 0.9283426706671122, "recall": 0.929, "f1-score": 0.9285650677720753, "support": 4000}}, "confusion-matrix": [[2838, 123], [161, 878]]}, "2": {"report": {"False": {"precision": 0.9550413223140496, "recall": 0.962037962037962, "f1-score": 0.9585268745852688, "support": 3003}, "True": {"precision": 0.8830769230769231, "recall": 0.8635907723169508, "f1-score": 0.8732251521298173, "support": 997}, "accuracy": 0.9375, "macro avg": {"precision": 0.9190591226954863, "recall": 0.9128143671774565, "f1-score": 0.915876013357543, "support": 4000}, "weighted avg": {"precision": 0.9371041958041958, "recall": 0.9375, "f1-score": 0.9372654202632476, "support": 4000}}, "confusion-matrix": [[2889, 114], [136, 861]]}, "7": {"report": {"False": {"precision": 0.949685534591195, "recall": 0.9598527935764469, "f1-score": 0.9547420965058236, "support": 2989}, "True": {"precision": 0.8774259448416751, "recall": 0.8496538081107814, "f1-score": 0.8633165829145728, "support": 1011}, "accuracy": 0.932, "macro avg": {"precision": 0.9135557397164351, "recall": 0.9047533008436142, "f1-score": 0.9090293397101983, "support": 4000}, "weighted avg": {"precision": 0.9314219232820038, "recall": 0.932, "f1-score": 0.931634297945635, "support": 4000}}, "confusion-matrix": [[2869, 120], [152, 859]]}, "8": {"report": {"False": {"precision": 0.9610259826782145, "recall": 0.9530888668648827, "f1-score": 0.9570409686515176, "support": 3027}, "True": {"precision": 0.8577154308617234, "recall": 0.8797533401849948, "f1-score": 0.8685946220192795, "support": 973}, "accuracy": 0.93525, "macro avg": {"precision": 0.909370706769969, "recall": 0.9164211035249388, "f1-score": 0.9128177953353985, "support": 4000}, "weighted avg": {"precision": 0.9358956909488529, "recall": 0.93525, "f1-score": 0.9355263948332256, "support": 4000}}, "confusion-matrix": [[2885, 142], [117, 856]]}, "3": {"report": {"False": {"precision": 0.9565510272819131, "recall": 0.957195820694304, "f1-score": 0.9568733153638815, "support": 2967}, "True": {"precision": 0.8768186226964112, "recall": 0.8751210067763795, "f1-score": 0.875968992248062, "support": 1033}, "accuracy": 0.936, "macro avg": {"precision": 0.9166848249891622, "recall": 0.9161584137353418, "f1-score": 0.9164211538059718, "support": 4000}, "weighted avg": {"precision": 0.9359601337977073, "recall": 0.936, "f1-score": 0.9359797739192212, "support": 4000}}, "confusion-matrix": [[2840, 127], [129, 904]]}, "10": {"report": {"False": {"precision": 0.9624505928853755, "recall": 0.9653121902874133, "f1-score": 0.9638792676892627, "support": 3027}, "True": {"precision": 0.8910788381742739, "recall": 0.8828365878725591, "f1-score": 0.8869385647909139, "support": 973}, "accuracy": 0.94525, "macro avg": {"precision": 0.9267647155298246, "recall": 0.9240743890799863, "f1-score": 0.9254089162400883, "support": 4000}, "weighted avg": {"precision": 0.9450894135518999, "recall": 0.94525, "f1-score": 0.9451634417092394, "support": 4000}}, "confusion-matrix": [[2922, 105], [114, 859]]}}, "overall": {"report": {"False": {"precision": 0.9549742461594842, "recall": 0.9594643055191566, "f1-score": 0.9572062860948707, "support": 30000.0}, "True": {"precision": 0.8767049843428122, "recall": 0.8644315015126504, "f1-score": 0.8704618012550531, "support": 10000.0}, "macro avg": {"precision": 0.9158396152511482, "recall": 0.9119479035159035, "f1-score": 0.9138340436749619, "support": 40000.0}, "weighted avg": {"precision": 0.9354371989363204, "recall": 0.935675, "f1-score": 0.9355195255801106, "support": 40000.0}, "accuracy": 0.935675}, "confusion-matrix": [[28784.0, 1216.0], [1357.0, 8643.0]]}}