{"features": "bow-pp-pos-emot", "classifier": "DecisionTreeClassifier", "folds": {"1": {"report": {"False": {"precision": 0.9390324718356527, "recall": 0.9487780381653833, "f1-score": 0.943880099916736, "support": 2987}, "True": {"precision": 0.8441955193482689, "recall": 0.8183613030602171, "f1-score": 0.8310776942355889, "support": 1013}, "accuracy": 0.91575, "macro avg": {"precision": 0.8916139955919609, "recall": 0.8835696706128002, "f1-score": 0.8874788970761625, "support": 4000}, "weighted avg": {"precision": 0.9150150136182228, "recall": 0.91575, "f1-score": 0.9153128906779855, "support": 4000}}, "confusion-matrix": [[2834, 153], [184, 829]]}, "2": {"report": {"False": {"precision": 0.9371917132522196, "recall": 0.9471585244267199, "f1-score": 0.9421487603305784, "support": 3009}, "True": {"precision": 0.8342022940563086, "recall": 0.8072653884964682, "f1-score": 0.8205128205128205, "support": 991}, "accuracy": 0.9125, "macro avg": {"precision": 0.8856970036542642, "recall": 0.8772119564615941, "f1-score": 0.8813307904216994, "support": 4000}, "weighted avg": {"precision": 0.9116760846464328, "recall": 0.9125, "f1-score": 0.9120134562407288, "support": 4000}}, "confusion-matrix": [[2850, 159], [191, 800]]}, "4": {"report": {"False": {"precision": 0.9370104438642297, "recall": 0.953187250996016, "f1-score": 0.9450296247531271, "support": 3012}, "True": {"precision": 0.8493589743589743, "recall": 0.8046558704453441, "f1-score": 0.8264033264033263, "support": 988}, "accuracy": 0.9165, "macro avg": {"precision": 0.8931847091116021, "recall": 0.8789215607206801, "f1-score": 0.8857164755782267, "support": 4000}, "weighted avg": {"precision": 0.9153605308964315, "recall": 0.9165, "f1-score": 0.9157289290607262, "support": 4000}}, "confusion-matrix": [[2871, 141], [193, 795]]}, "6": {"report": {"False": {"precision": 0.9411184210526315, "recall": 0.9489220563847429, "f1-score": 0.9450041288191576, "support": 3015}, "True": {"precision": 0.8395833333333333, "recall": 0.8182741116751269, "f1-score": 0.8287917737789203, "support": 985}, "accuracy": 0.91675, "macro avg": {"precision": 0.8903508771929824, "recall": 0.8835980840299349, "f1-score": 0.8868979512990389, "support": 4000}, "weighted avg": {"precision": 0.9161154057017544, "recall": 0.91675, "f1-score": 0.9163868363904992, "support": 4000}}, "confusion-matrix": [[2861, 154], [179, 806]]}, "3": {"report": {"False": {"precision": 0.9301022090339598, "recall": 0.9419031719532555, "f1-score": 0.9359654943596549, "support": 2995}, "True": {"precision": 0.8200620475698035, "recall": 0.7890547263681592, "f1-score": 0.8042596348884381, "support": 1005}, "accuracy": 0.9035, "macro avg": {"precision": 0.8750821283018817, "recall": 0.8654789491607073, "f1-score": 0.8701125646240465, "support": 4000}, "weighted avg": {"precision": 0.9024546184660904, "recall": 0.9035, "f1-score": 0.9028743971675117, "support": 4000}}, "confusion-matrix": [[2821, 174], [212, 793]]}, "5": {"report": {"False": {"precision": 0.9398224268332785, "recall": 0.9482415394824154, "f1-score": 0.9440132122213047, "support": 3014}, "True": {"precision": 0.8373305526590198, "recall": 0.8144016227180527, "f1-score": 0.8257069408740361, "support": 986}, "accuracy": 0.91525, "macro avg": {"precision": 0.8885764897461492, "recall": 0.8813215811002341, "f1-score": 0.8848600765476704, "support": 4000}, "weighted avg": {"precision": 0.9145581798493237, "recall": 0.91525, "f1-score": 0.9148507163342031, "support": 4000}}, "confusion-matrix": [[2858, 156], [183, 803]]}, "7": {"report": {"False": {"precision": 0.9417249417249417, "recall": 0.9509078681909886, "f1-score": 0.9462941274887067, "support": 2974}, "True": {"precision": 0.8535606820461384, "recall": 0.8294346978557505, "f1-score": 0.8413247652001977, "support": 1026}, "accuracy": 0.91975, "macro avg": {"precision": 0.8976428118855401, "recall": 0.8901712830233696, "f1-score": 0.8938094463444521, "support": 4000}, "weighted avg": {"precision": 0.9191108091173286, "recall": 0.91975, "f1-score": 0.919369486061704, "support": 4000}}, "confusion-matrix": [[2828, 146], [175, 851]]}, "8": {"report": {"False": {"precision": 0.9373964889036105, "recall": 0.9499832158442431, "f1-score": 0.9436478826275425, "support": 2979}, "True": {"precision": 0.8481141692150866, "recall": 0.8148873653281097, "f1-score": 0.8311688311688312, "support": 1021}, "accuracy": 0.9155, "macro avg": {"precision": 0.8927553290593486, "recall": 0.8824352905861763, "f1-score": 0.8874083568981869, "support": 4000}, "weighted avg": {"precision": 0.9146071768031148, "recall": 0.9155, "f1-score": 0.9149376047427066, "support": 4000}}, "confusion-matrix": [[2830, 149], [189, 832]]}, "9": {"report": {"False": {"precision": 0.9357798165137615, "recall": 0.9488372093023256, "f1-score": 0.9422632794457276, "support": 3010}, "True": {"precision": 0.8375527426160337, "recall": 0.802020202020202, "f1-score": 0.8194014447884417, "support": 990}, "accuracy": 0.9125, "macro avg": {"precision": 0.8866662795648976, "recall": 0.8754287056612637, "f1-score": 0.8808323621170846, "support": 4000}, "weighted avg": {"precision": 0.911468615724074, "recall": 0.9125, "f1-score": 0.9118549753680493, "support": 4000}}, "confusion-matrix": [[2856, 154], [196, 794]]}, "10": {"report": {"False": {"precision": 0.9389718076285241, "recall": 0.9420965058236273, "f1-score": 0.940531561461794, "support": 3005}, "True": {"precision": 0.8233502538071066, "recall": 0.8150753768844221, "f1-score": 0.8191919191919192, "support": 995}, "accuracy": 0.9105, "macro avg": {"precision": 0.8811610307178153, "recall": 0.8785859413540247, "f1-score": 0.8798617403268566, "support": 4000}, "weighted avg": {"precision": 0.9102109461154465, "recall": 0.9105, "f1-score": 0.9103483254471627, "support": 4000}}, "confusion-matrix": [[2831, 174], [184, 811]]}}, "overall": {"report": {"False": {"precision": 0.9378150740642811, "recall": 0.9480015380569717, "f1-score": 0.942877817142433, "support": 30000.0}, "True": {"precision": 0.8387310569010074, "recall": 0.8113430664851853, "f1-score": 0.824783915104252, "support": 10000.0}, "macro avg": {"precision": 0.8882730654826441, "recall": 0.8796723022710784, "f1-score": 0.8838308661233423, "support": 40000.0}, "weighted avg": {"precision": 0.9130577380938221, "recall": 0.91385, "f1-score": 0.9133677617491278, "support": 40000.0}, "accuracy": 0.91385}, "confusion-matrix": [[28440.0, 1560.0], [1886.0, 8114.0]]}}