{"features": "bow-pp-emot", "classifier": "MultinomialNB", "folds": {"1": {"report": {"False": {"precision": 0.9384094754653131, "recall": 0.9283562102443924, "f1-score": 0.9333557724671827, "support": 2987}, "True": {"precision": 0.7952153110047847, "recall": 0.8203356367226061, "f1-score": 0.8075801749271138, "support": 1013}, "accuracy": 0.901, "macro avg": {"precision": 0.8668123932350489, "recall": 0.8743459234834993, "f1-score": 0.8704679736971482, "support": 4000}, "weighted avg": {"precision": 0.9021455533156844, "recall": 0.901, "f1-score": 0.9015031023901602, "support": 4000}}, "confusion-matrix": [[2773, 214], [182, 831]]}, "2": {"report": {"False": {"precision": 0.9356550580431178, "recall": 0.9375207710202725, "f1-score": 0.9365869853917663, "support": 3009}, "True": {"precision": 0.8091370558375635, "recall": 0.8042381432896064, "f1-score": 0.8066801619433198, "support": 991}, "accuracy": 0.9045, "macro avg": {"precision": 0.8723960569403406, "recall": 0.8708794571549394, "f1-score": 0.8716335736675431, "support": 4000}, "weighted avg": {"precision": 0.9043102229966916, "recall": 0.9045, "f1-score": 0.9044025698824136, "support": 4000}}, "confusion-matrix": [[2821, 188], [194, 797]]}, "3": {"report": {"False": {"precision": 0.9300397877984085, "recall": 0.9365609348914858, "f1-score": 0.933288970221261, "support": 2995}, "True": {"precision": 0.806910569105691, "recall": 0.7900497512437811, "f1-score": 0.7983911513323277, "support": 1005}, "accuracy": 0.89975, "macro avg": {"precision": 0.8684751784520497, "recall": 0.8633053430676334, "f1-score": 0.8658400607767944, "support": 4000}, "weighted avg": {"precision": 0.8991035716018632, "recall": 0.89975, "f1-score": 0.8993958932254166, "support": 4000}}, "confusion-matrix": [[2805, 190], [211, 794]]}, "4": {"report": {"False": {"precision": 0.9398619783108775, "recall": 0.949535192563081, "f1-score": 0.94467382328654, "support": 3012}, "True": {"precision": 0.8411703239289446, "recall": 0.8147773279352226, "f1-score": 0.8277634961439587, "support": 988}, "accuracy": 0.91625, "macro avg": {"precision": 0.8905161511199111, "recall": 0.8821562602491518, "f1-score": 0.8862186597152494, "support": 4000}, "weighted avg": {"precision": 0.9154851396785402, "recall": 0.91625, "f1-score": 0.9157969724823224, "support": 4000}}, "confusion-matrix": [[2860, 152], [183, 805]]}, "5": {"report": {"False": {"precision": 0.9423592493297587, "recall": 0.9329794293297943, "f1-score": 0.9376458819606536, "support": 3014}, "True": {"precision": 0.8011811023622047, "recall": 0.8255578093306288, "f1-score": 0.8131868131868132, "support": 986}, "accuracy": 0.9065, "macro avg": {"precision": 0.8717701758459817, "recall": 0.8792686193302115, "f1-score": 0.8754163475737333, "support": 4000}, "weighted avg": {"precision": 0.9075588361022567, "recall": 0.9065, "f1-score": 0.906966721507902, "support": 4000}}, "confusion-matrix": [[2812, 202], [172, 814]]}, "6": {"report": {"False": {"precision": 0.9346469622331691, "recall": 0.9439469320066335, "f1-score": 0.9392739273927393, "support": 3015}, "True": {"precision": 0.8230366492146597, "recall": 0.7979695431472081, "f1-score": 0.8103092783505155, "support": 985}, "accuracy": 0.908, "macro avg": {"precision": 0.8788418057239145, "recall": 0.8709582375769208, "f1-score": 0.8747916028716274, "support": 4000}, "weighted avg": {"precision": 0.9071629226523612, "recall": 0.908, "f1-score": 0.9075163825660917, "support": 4000}}, "confusion-matrix": [[2846, 169], [199, 786]]}, "7": {"report": {"False": {"precision": 0.9336683417085427, "recall": 0.9371217215870881, "f1-score": 0.9353918442691727, "support": 2974}, "True": {"precision": 0.8157635467980295, "recall": 0.8070175438596491, "f1-score": 0.8113669769720726, "support": 1026}, "accuracy": 0.90375, "macro avg": {"precision": 0.8747159442532861, "recall": 0.8720696327233686, "f1-score": 0.8733794106206226, "support": 4000}, "weighted avg": {"precision": 0.9034257618139961, "recall": 0.90375, "f1-score": 0.9035794658074665, "support": 4000}}, "confusion-matrix": [[2787, 187], [198, 828]]}, "8": {"report": {"False": {"precision": 0.9370558375634518, "recall": 0.9295065458207452, "f1-score": 0.9332659251769464, "support": 2979}, "True": {"precision": 0.7990430622009569, "recall": 0.8178256611165524, "f1-score": 0.8083252662149082, "support": 1021}, "accuracy": 0.901, "macro avg": {"precision": 0.8680494498822043, "recall": 0.8736661034686488, "f1-score": 0.8707955956959272, "support": 4000}, "weighted avg": {"precision": 0.901828076652175, "recall": 0.901, "f1-score": 0.9013748219768861, "support": 4000}}, "confusion-matrix": [[2769, 210], [186, 835]]}, "9": {"report": {"False": {"precision": 0.9343832020997376, "recall": 0.9461794019933555, "f1-score": 0.940244305051172, "support": 3010}, "True": {"precision": 0.8298319327731093, "recall": 0.797979797979798, "f1-score": 0.8135942327497425, "support": 990}, "accuracy": 0.9095, "macro avg": {"precision": 0.8821075674364234, "recall": 0.8720795999865767, "f1-score": 0.8769192689004572, "support": 4000}, "weighted avg": {"precision": 0.9085067629413971, "recall": 0.9095, "f1-score": 0.9088984121565682, "support": 4000}}, "confusion-matrix": [[2848, 162], [200, 790]]}, "10": {"report": {"False": {"precision": 0.9349053470607771, "recall": 0.9367720465890182, "f1-score": 0.9358377659574467, "support": 3005}, "True": {"precision": 0.80788675429727, "recall": 0.8030150753768844, "f1-score": 0.8054435483870968, "support": 995}, "accuracy": 0.9035, "macro avg": {"precision": 0.8713960506790235, "recall": 0.8698935609829513, "f1-score": 0.8706406571722718, "support": 4000}, "weighted avg": {"precision": 0.9033094721108547, "recall": 0.9035, "f1-score": 0.9034022043368223, "support": 4000}}, "confusion-matrix": [[2815, 190], [196, 799]]}}, "overall": {"report": {"False": {"precision": 0.9360985239613153, "recall": 0.9378479186045865, "f1-score": 0.9369565201174879, "support": 30000.0}, "True": {"precision": 0.8129176307523214, "recall": 0.8078766290001935, "f1-score": 0.8102641100207869, "support": 10000.0}, "macro avg": {"precision": 0.8745080773568183, "recall": 0.8728622738023903, "f1-score": 0.8736103150691374, "support": 40000.0}, "weighted avg": {"precision": 0.905283631986582, "recall": 0.9053749999999999, "f1-score": 0.905283654633205, "support": 40000.0}, "accuracy": 0.9053749999999999}, "confusion-matrix": [[28136.0, 1864.0], [1921.0, 8079.0]]}}