{"features": "bow-pp", "classifier": "SVC", "folds": {"1": {"report": {"False": {"precision": 0.9466273739358219, "recall": 0.9678607298292601, "f1-score": 0.9571263035921205, "support": 2987}, "True": {"precision": 0.8985200845665962, "recall": 0.8390918065153011, "f1-score": 0.8677896886166411, "support": 1013}, "accuracy": 0.93525, "macro avg": {"precision": 0.9225737292512091, "recall": 0.9034762681722805, "f1-score": 0.9124579961043808, "support": 4000}, "weighted avg": {"precision": 0.9344442029030654, "recall": 0.93525, "f1-score": 0.9345018058495802, "support": 4000}}, "confusion-matrix": [[2891, 96], [163, 850]]}, "2": {"report": {"False": {"precision": 0.9399155569990256, "recall": 0.961781322698571, "f1-score": 0.9507227332457293, "support": 3009}, "True": {"precision": 0.8751357220412594, "recall": 0.8133198789101918, "f1-score": 0.8430962343096234, "support": 991}, "accuracy": 0.925, "macro avg": {"precision": 0.9075256395201425, "recall": 0.8875506008043814, "f1-score": 0.8969094837776763, "support": 4000}, "weighted avg": {"precision": 0.923866352888239, "recall": 0.925, "f1-score": 0.924058268134309, "support": 4000}}, "confusion-matrix": [[2894, 115], [185, 806]]}, "3": {"report": {"False": {"precision": 0.9422323759791122, "recall": 0.9639398998330551, "f1-score": 0.9529625350717941, "support": 2995}, "True": {"precision": 0.8846153846153846, "recall": 0.8238805970149253, "f1-score": 0.8531684698608965, "support": 1005}, "accuracy": 0.92875, "macro avg": {"precision": 0.9134238802972484, "recall": 0.8939102484239903, "f1-score": 0.9030655024663452, "support": 4000}, "weighted avg": {"precision": 0.9277561068989757, "recall": 0.92875, "f1-score": 0.927889276187556, "support": 4000}}, "confusion-matrix": [[2887, 108], [177, 828]]}, "4": {"report": {"False": {"precision": 0.9435665914221218, "recall": 0.9714475431606906, "f1-score": 0.9573041060035988, "support": 3012}, "True": {"precision": 0.9043381535038932, "recall": 0.8228744939271255, "f1-score": 0.8616852146263911, "support": 988}, "accuracy": 0.93475, "macro avg": {"precision": 0.9239523724630075, "recall": 0.8971610185439081, "f1-score": 0.9094946603149949, "support": 4000}, "weighted avg": {"precision": 0.9338771672563193, "recall": 0.93475, "f1-score": 0.9336862398334286, "support": 4000}}, "confusion-matrix": [[2926, 86], [175, 813]]}, "5": {"report": {"False": {"precision": 0.9447334200260078, "recall": 0.9641672196416722, "f1-score": 0.954351395730706, "support": 3014}, "True": {"precision": 0.8831168831168831, "recall": 0.8275862068965517, "f1-score": 0.8544502617801047, "support": 986}, "accuracy": 0.9305, "macro avg": {"precision": 0.9139251515714455, "recall": 0.8958767132691119, "f1-score": 0.9044008287554054, "support": 4000}, "weighted avg": {"precision": 0.9295449436779086, "recall": 0.9305, "f1-score": 0.9297257662118827, "support": 4000}}, "confusion-matrix": [[2906, 108], [170, 816]]}, "6": {"report": {"False": {"precision": 0.9461038961038961, "recall": 0.9665008291873963, "f1-score": 0.9561936013125513, "support": 3015}, "True": {"precision": 0.8902173913043478, "recall": 0.8314720812182741, "f1-score": 0.8598425196850394, "support": 985}, "accuracy": 0.93325, "macro avg": {"precision": 0.918160643704122, "recall": 0.8989864552028353, "f1-score": 0.9080180604987953, "support": 4000}, "weighted avg": {"precision": 0.9323418442970074, "recall": 0.93325, "f1-score": 0.9324671474617766, "support": 4000}}, "confusion-matrix": [[2914, 101], [166, 819]]}, "7": {"report": {"False": {"precision": 0.9452145214521452, "recall": 0.9630127774041695, "f1-score": 0.9540306462358428, "support": 2974}, "True": {"precision": 0.8865979381443299, "recall": 0.8382066276803118, "f1-score": 0.8617234468937875, "support": 1026}, "accuracy": 0.931, "macro avg": {"precision": 0.9159062297982375, "recall": 0.9006097025422406, "f1-score": 0.9078770465648152, "support": 4000}, "weighted avg": {"precision": 0.9301793678336907, "recall": 0.931, "f1-score": 0.9303538496046055, "support": 4000}}, "confusion-matrix": [[2864, 110], [166, 860]]}, "8": {"report": {"False": {"precision": 0.9455916093084235, "recall": 0.968445787176905, "f1-score": 0.9568822553897179, "support": 2979}, "True": {"precision": 0.9009483667017913, "recall": 0.8374142997061704, "f1-score": 0.868020304568528, "support": 1021}, "accuracy": 0.935, "macro avg": {"precision": 0.9232699880051074, "recall": 0.9029300434415377, "f1-score": 0.9124512799791229, "support": 4000}, "weighted avg": {"precision": 0.9341964216330806, "recall": 0.935, "f1-score": 0.9342002424426092, "support": 4000}}, "confusion-matrix": [[2885, 94], [166, 855]]}, "9": {"report": {"False": {"precision": 0.9437946718648473, "recall": 0.9651162790697675, "f1-score": 0.9543363994743759, "support": 3010}, "True": {"precision": 0.886117136659436, "recall": 0.8252525252525252, "f1-score": 0.8546025104602512, "support": 990}, "accuracy": 0.9305, "macro avg": {"precision": 0.9149559042621417, "recall": 0.8951844021611464, "f1-score": 0.9044694549673136, "support": 4000}, "weighted avg": {"precision": 0.929519481901508, "recall": 0.9305, "f1-score": 0.9296522619433799, "support": 4000}}, "confusion-matrix": [[2905, 105], [173, 817]]}, "10": {"report": {"False": {"precision": 0.9435009797517963, "recall": 0.9613976705490849, "f1-score": 0.9523652546563376, "support": 3005}, "True": {"precision": 0.8763326226012793, "recall": 0.8261306532663316, "f1-score": 0.8504914640455252, "support": 995}, "accuracy": 0.92775, "macro avg": {"precision": 0.9099168011765377, "recall": 0.8937641619077082, "f1-score": 0.9014283593509314, "support": 4000}, "weighted avg": {"precision": 0.9267928509106051, "recall": 0.92775, "f1-score": 0.927024149241898, "support": 4000}}, "confusion-matrix": [[2889, 116], [173, 822]]}}, "overall": {"report": {"False": {"precision": 0.9441280996843198, "recall": 0.9653670058550572, "f1-score": 0.9546275230712775, "support": 30000.0}, "True": {"precision": 0.8885939683255201, "recall": 0.8285229170387709, "f1-score": 0.8574870114846787, "support": 10000.0}, "macro avg": {"precision": 0.91636103400492, "recall": 0.8969449614469139, "f1-score": 0.9060572672779781, "support": 40000.0}, "weighted avg": {"precision": 0.93025187402004, "recall": 0.931175, "f1-score": 0.9303559006911026, "support": 40000.0}, "accuracy": 0.931175}, "confusion-matrix": [[28961.0, 1039.0], [1714.0, 8286.0]]}}