{"features": "bow-pp-pos", "classifier": "DecisionTreeClassifier", "folds": {"1": {"report": {"False": {"precision": 0.9401794616151545, "recall": 0.9471041178439906, "f1-score": 0.9436290860573715, "support": 2987}, "True": {"precision": 0.8405650857719476, "recall": 0.8223099703849951, "f1-score": 0.8313373253493014, "support": 1013}, "accuracy": 0.9155, "macro avg": {"precision": 0.8903722736935511, "recall": 0.8847070441144929, "f1-score": 0.8874832057033364, "support": 4000}, "weighted avg": {"precision": 0.9149521209328624, "recall": 0.9155, "f1-score": 0.9151911976580527, "support": 4000}}, "confusion-matrix": [[2829, 158], [180, 833]]}, "4": {"report": {"False": {"precision": 0.9359974009096816, "recall": 0.9565073041168659, "f1-score": 0.9461412151067324, "support": 3012}, "True": {"precision": 0.8579175704989154, "recall": 0.8006072874493927, "f1-score": 0.8282722513089006, "support": 988}, "accuracy": 0.918, "macro avg": {"precision": 0.8969574857042986, "recall": 0.8785572957831294, "f1-score": 0.8872067332078165, "support": 4000}, "weighted avg": {"precision": 0.9167116827982223, "recall": 0.918, "f1-score": 0.917027581048668, "support": 4000}}, "confusion-matrix": [[2881, 131], [197, 791]]}, "2": {"report": {"False": {"precision": 0.9360655737704918, "recall": 0.9488202060485211, "f1-score": 0.9423997359300214, "support": 3009}, "True": {"precision": 0.8378947368421052, "recall": 0.8032290615539859, "f1-score": 0.8201957753735188, "support": 991}, "accuracy": 0.91275, "macro avg": {"precision": 0.8869801553062986, "recall": 0.8760246338012535, "f1-score": 0.88129775565177, "support": 4000}, "weighted avg": {"precision": 0.9117437489214841, "recall": 0.91275, "f1-score": 0.912123704702148, "support": 4000}}, "confusion-matrix": [[2855, 154], [195, 796]]}, "5": {"report": {"False": {"precision": 0.939894319682959, "recall": 0.9442601194426012, "f1-score": 0.9420721615359153, "support": 3014}, "True": {"precision": 0.8271604938271605, "recall": 0.8154158215010142, "f1-score": 0.8212461695607762, "support": 986}, "accuracy": 0.9125, "macro avg": {"precision": 0.8835274067550598, "recall": 0.8798379704718078, "f1-score": 0.8816591655483458, "support": 4000}, "weighted avg": {"precision": 0.9121054316095046, "recall": 0.9125, "f1-score": 0.9122885545140436, "support": 4000}}, "confusion-matrix": [[2846, 168], [182, 804]]}, "3": {"report": {"False": {"precision": 0.9281949934123848, "recall": 0.9409015025041736, "f1-score": 0.9345050572044438, "support": 2995}, "True": {"precision": 0.8163900414937759, "recall": 0.7830845771144279, "f1-score": 0.7993905535804978, "support": 1005}, "accuracy": 0.90125, "macro avg": {"precision": 0.8722925174530803, "recall": 0.8619930398093008, "f1-score": 0.8669478053924708, "support": 4000}, "weighted avg": {"precision": 0.9001039992428344, "recall": 0.90125, "f1-score": 0.9005575381689273, "support": 4000}}, "confusion-matrix": [[2818, 177], [218, 787]]}, "6": {"report": {"False": {"precision": 0.9436573311367381, "recall": 0.9499170812603649, "f1-score": 0.9467768595041323, "support": 3015}, "True": {"precision": 0.8435233160621761, "recall": 0.8263959390862944, "f1-score": 0.8348717948717947, "support": 985}, "accuracy": 0.9195, "macro avg": {"precision": 0.8935903235994571, "recall": 0.8881565101733296, "f1-score": 0.8908243271879634, "support": 4000}, "weighted avg": {"precision": 0.9189993299246272, "recall": 0.9195, "f1-score": 0.9192202373384191, "support": 4000}}, "confusion-matrix": [[2864, 151], [171, 814]]}, "7": {"report": {"False": {"precision": 0.9437562772012053, "recall": 0.9478816408876933, "f1-score": 0.945814460660963, "support": 2974}, "True": {"precision": 0.8469891411648569, "recall": 0.8362573099415205, "f1-score": 0.8415890142226581, "support": 1026}, "accuracy": 0.91925, "macro avg": {"precision": 0.895372709183031, "recall": 0.8920694754146069, "f1-score": 0.8937017374418106, "support": 4000}, "weighted avg": {"precision": 0.9189355068078819, "recall": 0.91925, "f1-score": 0.9190806336495377, "support": 4000}}, "confusion-matrix": [[2819, 155], [168, 858]]}, "8": {"report": {"False": {"precision": 0.9341536415031593, "recall": 0.9429338704263176, "f1-score": 0.9385232208486468, "support": 2979}, "True": {"precision": 0.8288016112789527, "recall": 0.8060724779627816, "f1-score": 0.817279046673287, "support": 1021}, "accuracy": 0.908, "macro avg": {"precision": 0.881477626391056, "recall": 0.8745031741945496, "f1-score": 0.8779011337609669, "support": 4000}, "weighted avg": {"precision": 0.9072625357884305, "recall": 0.908, "f1-score": 0.9075756453903862, "support": 4000}}, "confusion-matrix": [[2809, 170], [198, 823]]}, "9": {"report": {"False": {"precision": 0.9366174055829228, "recall": 0.9475083056478405, "f1-score": 0.9420313790255987, "support": 3010}, "True": {"precision": 0.8345549738219895, "recall": 0.805050505050505, "f1-score": 0.8195372750642673, "support": 990}, "accuracy": 0.91225, "macro avg": {"precision": 0.8855861897024562, "recall": 0.8762794053491727, "f1-score": 0.880784327044933, "support": 4000}, "weighted avg": {"precision": 0.9113569537220918, "recall": 0.91225, "f1-score": 0.9117140882951693, "support": 4000}}, "confusion-matrix": [[2852, 158], [193, 797]]}, "10": {"report": {"False": {"precision": 0.9379562043795621, "recall": 0.940765391014975, "f1-score": 0.9393586974580495, "support": 3005}, "True": {"precision": 0.8194726166328601, "recall": 0.8120603015075377, "f1-score": 0.8157496214033315, "support": 995}, "accuracy": 0.90875, "macro avg": {"precision": 0.878714410506211, "recall": 0.8764128462612564, "f1-score": 0.8775541594306905, "support": 4000}, "weighted avg": {"precision": 0.90848341192757, "recall": 0.90875, "f1-score": 0.9086109397894384, "support": 4000}}, "confusion-matrix": [[2827, 178], [187, 808]]}}, "overall": {"report": {"False": {"precision": 0.9376472609194257, "recall": 0.9466599539193344, "f1-score": 0.9421251873331874, "support": 30000.0}, "True": {"precision": 0.8353269587394738, "recall": 0.8110483251552454, "f1-score": 0.8229468827408333, "support": 10000.0}, "macro avg": {"precision": 0.88648710982945, "recall": 0.8788541395372901, "f1-score": 0.8825360350370103, "support": 40000.0}, "weighted avg": {"precision": 0.9120654721675509, "recall": 0.9127749999999999, "f1-score": 0.912339012055479, "support": 40000.0}, "accuracy": 0.9127749999999999}, "confusion-matrix": [[28400.0, 1600.0], [1889.0, 8111.0]]}}