{"features": "bow-pp", "classifier": "SVC", "folds": {"4": {"report": {"False": {"precision": 0.9567496723460026, "recall": 0.9694555112881806, "f1-score": 0.9630606860158312, "support": 3012}, "True": {"precision": 0.9029535864978903, "recall": 0.8663967611336032, "f1-score": 0.884297520661157, "support": 988}, "accuracy": 0.944, "macro avg": {"precision": 0.9298516294219464, "recall": 0.9179261362108919, "f1-score": 0.9236791033384941, "support": 4000}, "weighted avg": {"precision": 0.9434620391415188, "recall": 0.944, "f1-score": 0.9436061841732266, "support": 4000}}, "confusion-matrix": [[2920, 92], [132, 856]]}, "1": {"report": {"False": {"precision": 0.9612299465240641, "recall": 0.962838968865082, "f1-score": 0.9620337849138652, "support": 2987}, "True": {"precision": 0.8898809523809523, "recall": 0.8854886475814413, "f1-score": 0.8876793666501732, "support": 1013}, "accuracy": 0.94325, "macro avg": {"precision": 0.9255554494525082, "recall": 0.9241638082232617, "f1-score": 0.9248565757820192, "support": 4000}, "weighted avg": {"precision": 0.9431608137573211, "recall": 0.94325, "f1-score": 0.9432035284885851, "support": 4000}}, "confusion-matrix": [[2876, 111], [116, 897]]}, "2": {"report": {"False": {"precision": 0.9593062041360907, "recall": 0.9557992688600864, "f1-score": 0.9575495255535209, "support": 3009}, "True": {"precision": 0.8672654690618763, "recall": 0.8768920282542886, "f1-score": 0.8720521826392373, "support": 991}, "accuracy": 0.93625, "macro avg": {"precision": 0.9132858365989835, "recall": 0.9163456485571875, "f1-score": 0.9148008540963791, "support": 4000}, "weighted avg": {"precision": 0.9365031120214541, "recall": 0.93625, "f1-score": 0.9363675588465071, "support": 4000}}, "confusion-matrix": [[2876, 133], [122, 869]]}, "3": {"report": {"False": {"precision": 0.9540343915343915, "recall": 0.9632721202003339, "f1-score": 0.9586310018275461, "support": 2995}, "True": {"precision": 0.8872950819672131, "recall": 0.8616915422885573, "f1-score": 0.8743059061080262, "support": 1005}, "accuracy": 0.93775, "macro avg": {"precision": 0.9206647367508023, "recall": 0.9124818312444456, "f1-score": 0.9164684539677861, "support": 4000}, "weighted avg": {"precision": 0.937266140005638, "recall": 0.93775, "f1-score": 0.9374443215280167, "support": 4000}}, "confusion-matrix": [[2885, 110], [139, 866]]}, "6": {"report": {"False": {"precision": 0.9641076769690927, "recall": 0.9621890547263682, "f1-score": 0.9631474103585658, "support": 3015}, "True": {"precision": 0.8849646821392533, "recall": 0.8903553299492386, "f1-score": 0.8876518218623483, "support": 985}, "accuracy": 0.9445, "macro avg": {"precision": 0.924536179554173, "recall": 0.9262721923378034, "f1-score": 0.925399616110457, "support": 4000}, "weighted avg": {"precision": 0.9446187144922447, "recall": 0.9445, "f1-score": 0.9445566216913722, "support": 4000}}, "confusion-matrix": [[2901, 114], [108, 877]]}, "5": {"report": {"False": {"precision": 0.9629876625541848, "recall": 0.9581950895819509, "f1-score": 0.9605853983036754, "support": 3014}, "True": {"precision": 0.8741258741258742, "recall": 0.8874239350912779, "f1-score": 0.8807247106190238, "support": 986}, "accuracy": 0.94075, "macro avg": {"precision": 0.9185567683400295, "recall": 0.9228095123366145, "f1-score": 0.9206550544613497, "support": 4000}, "weighted avg": {"precision": 0.9410832317066061, "recall": 0.94075, "f1-score": 0.9408997387894087, "support": 4000}}, "confusion-matrix": [[2888, 126], [111, 875]]}, "8": {"report": {"False": {"precision": 0.9616935483870968, "recall": 0.9607250755287009, "f1-score": 0.9612090680100757, "support": 2979}, "True": {"precision": 0.8857421875, "recall": 0.8883447600391773, "f1-score": 0.887041564792176, "support": 1021}, "accuracy": 0.94225, "macro avg": {"precision": 0.9237178679435484, "recall": 0.924534917783939, "f1-score": 0.9241253164011258, "support": 4000}, "weighted avg": {"precision": 0.9423069635206653, "recall": 0.94225, "f1-score": 0.9422778128137067, "support": 4000}}, "confusion-matrix": [[2862, 117], [114, 907]]}, "7": {"report": {"False": {"precision": 0.9590191467920726, "recall": 0.9599865501008742, "f1-score": 0.9595026046042682, "support": 2974}, "True": {"precision": 0.8836754643206256, "recall": 0.8810916179337231, "f1-score": 0.8823816495851635, "support": 1026}, "accuracy": 0.93975, "macro avg": {"precision": 0.921347305556349, "recall": 0.9205390840172987, "f1-score": 0.9209421270947158, "support": 4000}, "weighted avg": {"precision": 0.9396934922381464, "recall": 0.93975, "f1-score": 0.9397210796418678, "support": 4000}}, "confusion-matrix": [[2855, 119], [122, 904]]}, "9": {"report": {"False": {"precision": 0.9569220651101611, "recall": 0.9667774086378738, "f1-score": 0.961824491819534, "support": 3010}, "True": {"precision": 0.8957247132429614, "recall": 0.8676767676767677, "f1-score": 0.8814776808619805, "support": 990}, "accuracy": 0.94225, "macro avg": {"precision": 0.9263233891765612, "recall": 0.9172270881573208, "f1-score": 0.9216510863407572, "support": 4000}, "weighted avg": {"precision": 0.9417757205230292, "recall": 0.94225, "f1-score": 0.9419386561075395, "support": 4000}}, "confusion-matrix": [[2910, 100], [131, 859]]}, "10": {"report": {"False": {"precision": 0.9604125083166999, "recall": 0.9607321131447587, "f1-score": 0.9605722841457327, "support": 3005}, "True": {"precision": 0.8812877263581489, "recall": 0.8804020100502512, "f1-score": 0.8808446455505279, "support": 995}, "accuracy": 0.94075, "macro avg": {"precision": 0.9208501173374244, "recall": 0.920567061597505, "f1-score": 0.9207084648481303, "support": 4000}, "weighted avg": {"precision": 0.9407302188045102, "recall": 0.94075, "f1-score": 0.9407400340451756, "support": 4000}}, "confusion-matrix": [[2887, 118], [119, 876]]}}, "overall": {"report": {"False": {"precision": 0.9596462822669857, "recall": 0.961997116093421, "f1-score": 0.9608116255552617, "support": 30000.0}, "True": {"precision": 0.8852915737594795, "recall": 0.8785763399998325, "f1-score": 0.8818457049329813, "support": 10000.0}, "macro avg": {"precision": 0.9224689280132325, "recall": 0.9202867280466268, "f1-score": 0.9213286652441214, "support": 40000.0}, "weighted avg": {"precision": 0.9410600446211135, "recall": 0.94115, "f1-score": 0.9410755536125407, "support": 40000.0}, "accuracy": 0.94115}, "confusion-matrix": [[28860.0, 1140.0], [1214.0, 8786.0]]}}