{"features": "bow-emot", "classifier": "SVC", "folds": {"5": {"report": {"False": {"precision": 0.9087150127226463, "recall": 0.9479097544790975, "f1-score": 0.9278986683988307, "support": 3014}, "True": {"precision": 0.8165887850467289, "recall": 0.7089249492900609, "f1-score": 0.758957654723127, "support": 986}, "accuracy": 0.889, "macro avg": {"precision": 0.8626518988846876, "recall": 0.8284173518845792, "f1-score": 0.8434281615609789, "support": 4000}, "weighted avg": {"precision": 0.8860058976005326, "recall": 0.889, "f1-score": 0.8862547085277697, "support": 4000}}, "confusion-matrix": [[2857, 157], [287, 699]]}, "3": {"report": {"False": {"precision": 0.9025247682965803, "recall": 0.9429048414023372, "f1-score": 0.9222730241672109, "support": 2995}, "True": {"precision": 0.8036739380022963, "recall": 0.6965174129353234, "f1-score": 0.746268656716418, "support": 1005}, "accuracy": 0.881, "macro avg": {"precision": 0.8530993531494383, "recall": 0.8197111271688303, "f1-score": 0.8342708404418144, "support": 4000}, "weighted avg": {"precision": 0.8776884971851414, "recall": 0.881, "f1-score": 0.8780519268451992, "support": 4000}}, "confusion-matrix": [[2824, 171], [305, 700]]}, "4": {"report": {"False": {"precision": 0.9083412622898827, "recall": 0.950863213811421, "f1-score": 0.9291159772911597, "support": 3012}, "True": {"precision": 0.8252656434474617, "recall": 0.7074898785425101, "f1-score": 0.7618528610354224, "support": 988}, "accuracy": 0.89075, "macro avg": {"precision": 0.8668034528686721, "recall": 0.8291765461769656, "f1-score": 0.8454844191632911, "support": 4000}, "weighted avg": {"precision": 0.8878215844358046, "recall": 0.89075, "f1-score": 0.8878019875759925, "support": 4000}}, "confusion-matrix": [[2864, 148], [289, 699]]}, "6": {"report": {"False": {"precision": 0.9023929471032746, "recall": 0.9505804311774461, "f1-score": 0.9258601195283477, "support": 3015}, "True": {"precision": 0.8191747572815534, "recall": 0.6852791878172588, "f1-score": 0.7462686567164178, "support": 985}, "accuracy": 0.88525, "macro avg": {"precision": 0.860783852192414, "recall": 0.8179298094973524, "f1-score": 0.8360643881223828, "support": 4000}, "weighted avg": {"precision": 0.8819004678596757, "recall": 0.88525, "f1-score": 0.88163572181091, "support": 4000}}, "confusion-matrix": [[2866, 149], [310, 675]]}, "2": {"report": {"False": {"precision": 0.9070655633354551, "recall": 0.9471585244267199, "f1-score": 0.9266785888473419, "support": 3009}, "True": {"precision": 0.8146853146853147, "recall": 0.7053481331987891, "f1-score": 0.7560843699296916, "support": 991}, "accuracy": 0.88725, "macro avg": {"precision": 0.8608754390103849, "recall": 0.8262533288127545, "f1-score": 0.8413814793885168, "support": 4000}, "weighted avg": {"precision": 0.8841783567323828, "recall": 0.88725, "f1-score": 0.8844138711104941, "support": 4000}}, "confusion-matrix": [[2850, 159], [292, 699]]}, "1": {"report": {"False": {"precision": 0.909500805152979, "recall": 0.9454301975225979, "f1-score": 0.9271175311884438, "support": 2987}, "True": {"precision": 0.8178770949720671, "recall": 0.7226061204343535, "f1-score": 0.7672955974842767, "support": 1013}, "accuracy": 0.889, "macro avg": {"precision": 0.8636889500625231, "recall": 0.8340181589784756, "f1-score": 0.8472065643363602, "support": 4000}, "weighted avg": {"precision": 0.8862971005496632, "recall": 0.889, "f1-score": 0.8866426264778635, "support": 4000}}, "confusion-matrix": [[2824, 163], [281, 732]]}, "8": {"report": {"False": {"precision": 0.9036416371253626, "recall": 0.941255454850621, "f1-score": 0.9220651101611311, "support": 2979}, "True": {"precision": 0.8049052396878483, "recall": 0.7071498530852106, "f1-score": 0.7528675703858185, "support": 1021}, "accuracy": 0.8815, "macro avg": {"precision": 0.8542734384066055, "recall": 0.8242026539679158, "f1-score": 0.8374663402734748, "support": 4000}, "weighted avg": {"precision": 0.8784391716794371, "recall": 0.8815, "f1-score": 0.8788774381334826, "support": 4000}}, "confusion-matrix": [[2804, 175], [299, 722]]}, "7": {"report": {"False": {"precision": 0.8975095785440613, "recall": 0.945191661062542, "f1-score": 0.9207337045528988, "support": 2974}, "True": {"precision": 0.8122119815668203, "recall": 0.6871345029239766, "f1-score": 0.7444561774023231, "support": 1026}, "accuracy": 0.879, "macro avg": {"precision": 0.8548607800554409, "recall": 0.8161630819932593, "f1-score": 0.832594940977611, "support": 4000}, "weighted avg": {"precision": 0.8756307449193991, "recall": 0.879, "f1-score": 0.8755185188387761, "support": 4000}}, "confusion-matrix": [[2811, 163], [321, 705]]}, "9": {"report": {"False": {"precision": 0.9039849388139316, "recall": 0.9571428571428572, "f1-score": 0.9298047442310796, "support": 3010}, "True": {"precision": 0.8413284132841329, "recall": 0.6909090909090909, "f1-score": 0.7587354409317804, "support": 990}, "accuracy": 0.89125, "macro avg": {"precision": 0.8726566760490322, "recall": 0.8240259740259741, "f1-score": 0.8442700925814299, "support": 4000}, "weighted avg": {"precision": 0.8884774487453064, "recall": 0.89125, "f1-score": 0.887465091664503, "support": 4000}}, "confusion-matrix": [[2881, 129], [306, 684]]}, "10": {"report": {"False": {"precision": 0.9061002874480997, "recall": 0.9440931780366056, "f1-score": 0.9247066492829203, "support": 3005}, "True": {"precision": 0.806674338319908, "recall": 0.7045226130653266, "f1-score": 0.7521459227467812, "support": 995}, "accuracy": 0.8845, "macro avg": {"precision": 0.8563873128840038, "recall": 0.8243078955509662, "f1-score": 0.8384262860148508, "support": 4000}, "weighted avg": {"precision": 0.881368082602462, "recall": 0.8845, "f1-score": 0.8817821685570557, "support": 4000}}, "confusion-matrix": [[2837, 168], [294, 701]]}}, "overall": {"report": {"False": {"precision": 0.9049776800832273, "recall": 0.9472530113912245, "f1-score": 0.9256254117649366, "support": 30000.0}, "True": {"precision": 0.8162385506294132, "recall": 0.7015881742201902, "f1-score": 0.7544932908072057, "support": 10000.0}, "macro avg": {"precision": 0.8606081153563203, "recall": 0.8244205928057073, "f1-score": 0.8400593512860711, "support": 40000.0}, "weighted avg": {"precision": 0.8827807352309807, "recall": 0.8858500000000001, "f1-score": 0.8828444059542047, "support": 40000.0}, "accuracy": 0.8858500000000001}, "confusion-matrix": [[28418.0, 1582.0], [2984.0, 7016.0]]}}