{"features": "bow-pos-emot", "classifier": "DecisionTreeClassifier", "folds": {"1": {"report": {"False": {"precision": 0.858957654723127, "recall": 0.8828255775025109, "f1-score": 0.8707280832095097, "support": 2987}, "True": {"precision": 0.6236559139784946, "recall": 0.5725567620927937, "f1-score": 0.5970149253731344, "support": 1013}, "accuracy": 0.80425, "macro avg": {"precision": 0.7413067843508108, "recall": 0.7276911697976522, "f1-score": 0.733871504291322, "support": 4000}, "weighted avg": {"precision": 0.7993674888795488, "recall": 0.80425, "f1-score": 0.8014102259874476, "support": 4000}}, "confusion-matrix": [[2637, 350], [433, 580]]}, "4": {"report": {"False": {"precision": 0.8612088263511353, "recall": 0.8940903054448871, "f1-score": 0.8773415865776185, "support": 3012}, "True": {"precision": 0.6345933562428407, "recall": 0.5607287449392713, "f1-score": 0.5953788285867813, "support": 988}, "accuracy": 0.81175, "macro avg": {"precision": 0.747901091296988, "recall": 0.7274095251920791, "f1-score": 0.7363602075821999, "support": 4000}, "weighted avg": {"precision": 0.8052348052343865, "recall": 0.81175, "f1-score": 0.8076967853538817, "support": 4000}}, "confusion-matrix": [[2693, 319], [434, 554]]}, "2": {"report": {"False": {"precision": 0.8596547314578005, "recall": 0.8936523762047192, "f1-score": 0.8763239367769268, "support": 3009}, "True": {"precision": 0.6330275229357798, "recall": 0.557013118062563, "f1-score": 0.5925925925925926, "support": 991}, "accuracy": 0.81025, "macro avg": {"precision": 0.7463411271967901, "recall": 0.725332747133641, "f1-score": 0.7344582646847597, "support": 4000}, "weighted avg": {"precision": 0.8035078405464698, "recall": 0.81025, "f1-score": 0.806029496255258, "support": 4000}}, "confusion-matrix": [[2689, 320], [439, 552]]}, "6": {"report": {"False": {"precision": 0.8664736164736164, "recall": 0.8932006633499171, "f1-score": 0.8796341662583701, "support": 3015}, "True": {"precision": 0.6390134529147982, "recall": 0.5786802030456852, "f1-score": 0.607352157698455, "support": 985}, "accuracy": 0.81575, "macro avg": {"precision": 0.7527435346942073, "recall": 0.7359404331978012, "f1-score": 0.7434931619784125, "support": 4000}, "weighted avg": {"precision": 0.8104615511972575, "recall": 0.81575, "f1-score": 0.8125847216504909, "support": 4000}}, "confusion-matrix": [[2693, 322], [415, 570]]}, "3": {"report": {"False": {"precision": 0.8579728857327308, "recall": 0.8874791318864774, "f1-score": 0.8724766125061546, "support": 2995}, "True": {"precision": 0.6263858093126385, "recall": 0.5621890547263682, "f1-score": 0.5925537493445202, "support": 1005}, "accuracy": 0.80575, "macro avg": {"precision": 0.7421793475226847, "recall": 0.7248340933064228, "f1-score": 0.7325151809253374, "support": 4000}, "weighted avg": {"precision": 0.7997866327821826, "recall": 0.80575, "f1-score": 0.8021459931367939, "support": 4000}}, "confusion-matrix": [[2658, 337], [440, 565]]}, "7": {"report": {"False": {"precision": 0.8616846935431006, "recall": 0.8839946200403497, "f1-score": 0.8726970954356846, "support": 2974}, "True": {"precision": 0.6364594309799789, "recall": 0.5886939571150097, "f1-score": 0.6116455696202531, "support": 1026}, "accuracy": 0.80825, "macro avg": {"precision": 0.7490720622615398, "recall": 0.7363442885776796, "f1-score": 0.7421713325279689, "support": 4000}, "weighted avg": {"precision": 0.8039144136956599, "recall": 0.80825, "f1-score": 0.8057373790640264, "support": 4000}}, "confusion-matrix": [[2629, 345], [422, 604]]}, "5": {"report": {"False": {"precision": 0.8616028323141294, "recall": 0.8881884538818845, "f1-score": 0.8746936775036758, "support": 3014}, "True": {"precision": 0.6226203807390818, "recall": 0.563894523326572, "f1-score": 0.5918041511442256, "support": 986}, "accuracy": 0.80825, "macro avg": {"precision": 0.7421116065266056, "recall": 0.7260414886042282, "f1-score": 0.7332489143239507, "support": 4000}, "weighted avg": {"precision": 0.8026936580008802, "recall": 0.80825, "f1-score": 0.8049614092560713, "support": 4000}}, "confusion-matrix": [[2677, 337], [430, 556]]}, "10": {"report": {"False": {"precision": 0.861120103593396, "recall": 0.8851913477537438, "f1-score": 0.8729898260584182, "support": 3005}, "True": {"precision": 0.6212952799121844, "recall": 0.5688442211055277, "f1-score": 0.5939139559286464, "support": 995}, "accuracy": 0.8065, "macro avg": {"precision": 0.7412076917527901, "recall": 0.7270177844296357, "f1-score": 0.7334518909935324, "support": 4000}, "weighted avg": {"precision": 0.8014636787026945, "recall": 0.8065, "f1-score": 0.8035697033636374, "support": 4000}}, "confusion-matrix": [[2660, 345], [429, 566]]}, "9": {"report": {"False": {"precision": 0.8654096228868661, "recall": 0.8843853820598007, "f1-score": 0.8747946105816629, "support": 3010}, "True": {"precision": 0.6233766233766234, "recall": 0.5818181818181818, "f1-score": 0.6018808777429466, "support": 990}, "accuracy": 0.8095, "macro avg": {"precision": 0.7443931231317447, "recall": 0.7331017819389912, "f1-score": 0.7383377441623047, "support": 4000}, "weighted avg": {"precision": 0.805506455508081, "recall": 0.8095, "f1-score": 0.8072484617040806, "support": 4000}}, "confusion-matrix": [[2662, 348], [414, 576]]}, "8": {"report": {"False": {"precision": 0.8490505310588993, "recall": 0.8855320577374958, "f1-score": 0.8669076569175156, "support": 2979}, "True": {"precision": 0.6181410974244121, "recall": 0.5406464250734574, "f1-score": 0.5768025078369906, "support": 1021}, "accuracy": 0.7975, "macro avg": {"precision": 0.7335958142416557, "recall": 0.7130892414054766, "f1-score": 0.7218550823772532, "support": 4000}, "weighted avg": {"precision": 0.7901108981236964, "recall": 0.7975, "f1-score": 0.7928583176147115, "support": 4000}}, "confusion-matrix": [[2638, 341], [469, 552]]}}, "overall": {"report": {"False": {"precision": 0.8603135498134801, "recall": 0.8878539915861786, "f1-score": 0.8738587251825537, "support": 30000.0}, "True": {"precision": 0.6278568867816833, "recall": 0.5675065191305431, "f1-score": 0.5960939315868545, "support": 10000.0}, "macro avg": {"precision": 0.7440852182975817, "recall": 0.7276802553583609, "f1-score": 0.7349763283847042, "support": 40000.0}, "weighted avg": {"precision": 0.8022047422670857, "recall": 0.807775, "f1-score": 0.8044242493386399, "support": 40000.0}, "accuracy": 0.807775}, "confusion-matrix": [[26636.0, 3364.0], [4325.0, 5675.0]]}}