{"features": "bow-pos", "classifier": "MultinomialNB", "folds": {"1": {"report": {"False": {"precision": 0.9296270232230823, "recall": 0.8844994978239036, "f1-score": 0.90650197289415, "support": 2987}, "True": {"precision": 0.7020725388601037, "recall": 0.8025666337611056, "f1-score": 0.7489636112390604, "support": 1013}, "accuracy": 0.86375, "macro avg": {"precision": 0.815849781041593, "recall": 0.8435330657925046, "f1-score": 0.8277327920666052, "support": 4000}, "weighted avg": {"precision": 0.871998850058158, "recall": 0.86375, "f1-score": 0.8666053828049987, "support": 4000}}, "confusion-matrix": [[2642, 345], [200, 813]]}, "2": {"report": {"False": {"precision": 0.9294361812521619, "recall": 0.8929877035559987, "f1-score": 0.9108474576271185, "support": 3009}, "True": {"precision": 0.7096483318304779, "recall": 0.7941473259334006, "f1-score": 0.7495238095238096, "support": 991}, "accuracy": 0.8685, "macro avg": {"precision": 0.81954225654132, "recall": 0.8435675147446997, "f1-score": 0.830185633575464, "support": 4000}, "weighted avg": {"precision": 0.8749837415579398, "recall": 0.8685, "f1-score": 0.8708795238095237, "support": 4000}}, "confusion-matrix": [[2687, 322], [204, 787]]}, "3": {"report": {"False": {"precision": 0.9261422191686706, "recall": 0.9001669449081803, "f1-score": 0.9129698611581443, "support": 2995}, "True": {"precision": 0.7254361799816346, "recall": 0.7860696517412935, "f1-score": 0.7545367717287489, "support": 1005}, "accuracy": 0.8715, "macro avg": {"precision": 0.8257891995751525, "recall": 0.843118298324737, "f1-score": 0.8337533164434465, "support": 4000}, "weighted avg": {"precision": 0.8757148268229278, "recall": 0.8715, "f1-score": 0.8731635474390087, "support": 4000}}, "confusion-matrix": [[2696, 299], [215, 790]]}, "4": {"report": {"False": {"precision": 0.9344318571918984, "recall": 0.9037184594953519, "f1-score": 0.9188185654008437, "support": 3012}, "True": {"precision": 0.7332106715731371, "recall": 0.8066801619433198, "f1-score": 0.7681927710843374, "support": 988}, "accuracy": 0.87975, "macro avg": {"precision": 0.8338212643825178, "recall": 0.8551993107193359, "f1-score": 0.8435056682425905, "support": 4000}, "weighted avg": {"precision": 0.8847302243440642, "recall": 0.87975, "f1-score": 0.8816139942046666, "support": 4000}}, "confusion-matrix": [[2722, 290], [191, 797]]}, "5": {"report": {"False": {"precision": 0.9324747650539505, "recall": 0.8888520238885202, "f1-score": 0.910140988618991, "support": 3014}, "True": {"precision": 0.7027506654835848, "recall": 0.8032454361054767, "f1-score": 0.7496450544249882, "support": 986}, "accuracy": 0.86775, "macro avg": {"precision": 0.8176127152687677, "recall": 0.8460487299969985, "f1-score": 0.8298930215219895, "support": 4000}, "weighted avg": {"precision": 0.8758477745098553, "recall": 0.86775, "f1-score": 0.8705787408401693, "support": 4000}}, "confusion-matrix": [[2679, 335], [194, 792]]}, "6": {"report": {"False": {"precision": 0.9270868824531516, "recall": 0.9024875621890547, "f1-score": 0.9146218487394958, "support": 3015}, "True": {"precision": 0.723943661971831, "recall": 0.782741116751269, "f1-score": 0.7521951219512195, "support": 985}, "accuracy": 0.873, "macro avg": {"precision": 0.8255152722124913, "recall": 0.8426143394701618, "f1-score": 0.8334084853453576, "support": 4000}, "weighted avg": {"precision": 0.8770628644096264, "recall": 0.873, "f1-score": 0.8746242672678828, "support": 4000}}, "confusion-matrix": [[2721, 294], [214, 771]]}, "7": {"report": {"False": {"precision": 0.9216573816155988, "recall": 0.8900470746469401, "f1-score": 0.9055764625384878, "support": 2974}, "True": {"precision": 0.7101063829787234, "recall": 0.7807017543859649, "f1-score": 0.7437325905292479, "support": 1026}, "accuracy": 0.862, "macro avg": {"precision": 0.8158818822971612, "recall": 0.8353744145164526, "f1-score": 0.8246545265338678, "support": 4000}, "weighted avg": {"precision": 0.8673945504652403, "recall": 0.862, "f1-score": 0.8640635093681178, "support": 4000}}, "confusion-matrix": [[2647, 327], [225, 801]]}, "8": {"report": {"False": {"precision": 0.931497175141243, "recall": 0.8855320577374958, "f1-score": 0.9079332300808811, "support": 2979}, "True": {"precision": 0.7080479452054794, "recall": 0.8099902056807052, "f1-score": 0.7555961626313386, "support": 1021}, "accuracy": 0.86625, "macro avg": {"precision": 0.8197725601733612, "recall": 0.8477611317091005, "f1-score": 0.8317646963561098, "support": 4000}, "weighted avg": {"precision": 0.8744617592001394, "recall": 0.86625, "f1-score": 0.8690491936143854, "support": 4000}}, "confusion-matrix": [[2638, 341], [194, 827]]}, "9": {"report": {"False": {"precision": 0.9255861365953109, "recall": 0.9049833887043189, "f1-score": 0.9151688224424661, "support": 3010}, "True": {"precision": 0.7294228949858089, "recall": 0.7787878787878788, "f1-score": 0.7532975085490963, "support": 990}, "accuracy": 0.87375, "macro avg": {"precision": 0.8275045157905598, "recall": 0.8418856337460989, "f1-score": 0.8342331654957812, "support": 4000}, "weighted avg": {"precision": 0.8770357342969591, "recall": 0.87375, "f1-score": 0.875105672253857, "support": 4000}}, "confusion-matrix": [[2724, 286], [219, 771]]}, "10": {"report": {"False": {"precision": 0.9262720664589823, "recall": 0.8905158069883528, "f1-score": 0.9080420766881574, "support": 3005}, "True": {"precision": 0.7038703870387039, "recall": 0.785929648241206, "f1-score": 0.7426400759734093, "support": 995}, "accuracy": 0.8645, "macro avg": {"precision": 0.8150712267488431, "recall": 0.8382227276147793, "f1-score": 0.8253410763307834, "support": 4000}, "weighted avg": {"precision": 0.870949648703188, "recall": 0.8645, "f1-score": 0.8668983290103638, "support": 4000}}, "confusion-matrix": [[2676, 329], [213, 782]]}}, "overall": {"report": {"False": {"precision": 0.9284211688154048, "recall": 0.8943790519938115, "f1-score": 0.9110621286188737, "support": 30000.0}, "True": {"precision": 0.7148509659909484, "recall": 0.7930859813331621, "f1-score": 0.7518323477635256, "support": 10000.0}, "macro avg": {"precision": 0.8216360674031767, "recall": 0.8437325166634869, "f1-score": 0.8314472381911996, "support": 40000.0}, "weighted avg": {"precision": 0.8750179974368099, "recall": 0.8690750000000002, "f1-score": 0.8712582160612975, "support": 40000.0}, "accuracy": 0.8690750000000002}, "confusion-matrix": [[26832.0, 3168.0], [2069.0, 7931.0]]}}