{"features": "bow-pos", "classifier": "MultinomialNB", "folds": {"1": {"report": {"False": {"precision": 0.9036186499652052, "recall": 0.8694342149313693, "f1-score": 0.8861968947278621, "support": 2987}, "True": {"precision": 0.6536412078152753, "recall": 0.7265547877591313, "f1-score": 0.6881720430107527, "support": 1013}, "accuracy": 0.83325, "macro avg": {"precision": 0.7786299288902403, "recall": 0.7979945013452503, "f1-score": 0.7871844688693075, "support": 4000}, "weighted avg": {"precision": 0.8403118627407354, "recall": 0.83325, "f1-score": 0.8360471010305041, "support": 4000}}, "confusion-matrix": [[2597, 390], [277, 736]]}, "2": {"report": {"False": {"precision": 0.9061533172911653, "recall": 0.8760385510136258, "f1-score": 0.890841500506928, "support": 3009}, "True": {"precision": 0.6581118240146654, "recall": 0.7245206861755802, "f1-score": 0.6897214217098943, "support": 991}, "accuracy": 0.8385, "macro avg": {"precision": 0.7821325706529154, "recall": 0.8002796185946031, "f1-score": 0.7902814611084111, "support": 4000}, "weighted avg": {"precision": 0.8447010373319124, "recall": 0.8385, "f1-score": 0.8410140009849629, "support": 4000}}, "confusion-matrix": [[2636, 373], [273, 718]]}, "3": {"report": {"False": {"precision": 0.9047942876572594, "recall": 0.8884808013355593, "f1-score": 0.8965633423180592, "support": 2995}, "True": {"precision": 0.6846081208687441, "recall": 0.7213930348258707, "f1-score": 0.7025193798449613, "support": 1005}, "accuracy": 0.8465, "macro avg": {"precision": 0.7947012042630017, "recall": 0.804936918080715, "f1-score": 0.7995413610815103, "support": 4000}, "weighted avg": {"precision": 0.8494725132516451, "recall": 0.8465, "f1-score": 0.8478097967466933, "support": 4000}}, "confusion-matrix": [[2661, 334], [280, 725]]}, "4": {"report": {"False": {"precision": 0.9098668487538409, "recall": 0.8847941567065073, "f1-score": 0.8971553610503282, "support": 3012}, "True": {"precision": 0.6760037348272643, "recall": 0.7327935222672065, "f1-score": 0.7032540067994172, "support": 988}, "accuracy": 0.84725, "macro avg": {"precision": 0.7929352917905526, "recall": 0.8087938394868569, "f1-score": 0.8002046839248727, "support": 4000}, "weighted avg": {"precision": 0.8521026596139766, "recall": 0.84725, "f1-score": 0.8492617265503531, "support": 4000}}, "confusion-matrix": [[2665, 347], [264, 724]]}, "5": {"report": {"False": {"precision": 0.9129379118973292, "recall": 0.8732581287325812, "f1-score": 0.8926572833644226, "support": 3014}, "True": {"precision": 0.658012533572068, "recall": 0.7454361054766734, "f1-score": 0.6990014265335235, "support": 986}, "accuracy": 0.84175, "macro avg": {"precision": 0.7854752227346986, "recall": 0.8093471171046274, "f1-score": 0.795829354948973, "support": 4000}, "weighted avg": {"precision": 0.8500988061401523, "recall": 0.84175, "f1-score": 0.844921114655606, "support": 4000}}, "confusion-matrix": [[2632, 382], [251, 735]]}, "6": {"report": {"False": {"precision": 0.9102695325827362, "recall": 0.8849087893864013, "f1-score": 0.8974100235452405, "support": 3015}, "True": {"precision": 0.6753975678203928, "recall": 0.732994923857868, "f1-score": 0.7030185004868549, "support": 985}, "accuracy": 0.8475, "macro avg": {"precision": 0.7928335502015645, "recall": 0.8089518566221346, "f1-score": 0.8002142620160477, "support": 4000}, "weighted avg": {"precision": 0.8524323112600091, "recall": 0.8475, "f1-score": 0.849541110992113, "support": 4000}}, "confusion-matrix": [[2668, 347], [263, 722]]}, "7": {"report": {"False": {"precision": 0.9003126085446336, "recall": 0.8715534633490248, "f1-score": 0.8856996412096362, "support": 2974}, "True": {"precision": 0.6592328278322926, "recall": 0.7202729044834308, "f1-score": 0.6884024219841639, "support": 1026}, "accuracy": 0.83275, "macro avg": {"precision": 0.779772718188463, "recall": 0.7959131839162279, "f1-score": 0.7870510315969, "support": 4000}, "weighted avg": {"precision": 0.8384756447919182, "recall": 0.83275, "f1-score": 0.8350929044783025, "support": 4000}}, "confusion-matrix": [[2592, 382], [287, 739]]}, "8": {"report": {"False": {"precision": 0.9129975343430785, "recall": 0.8700906344410876, "f1-score": 0.8910278446201444, "support": 2979}, "True": {"precision": 0.6666666666666666, "recall": 0.7580803134182175, "f1-score": 0.7094408799266726, "support": 1021}, "accuracy": 0.8415, "macro avg": {"precision": 0.7898321005048725, "recall": 0.8140854739296526, "f1-score": 0.8002343622734085, "support": 4000}, "weighted avg": {"precision": 0.8501215803686744, "recall": 0.8415, "f1-score": 0.8446777718821358, "support": 4000}}, "confusion-matrix": [[2592, 387], [247, 774]]}, "9": {"report": {"False": {"precision": 0.9056476158268515, "recall": 0.8897009966777408, "f1-score": 0.8976034858387799, "support": 3010}, "True": {"precision": 0.6816874400767018, "recall": 0.7181818181818181, "f1-score": 0.6994589276930644, "support": 990}, "accuracy": 0.84725, "macro avg": {"precision": 0.7936675279517766, "recall": 0.8039414074297795, "f1-score": 0.7985312067659222, "support": 4000}, "weighted avg": {"precision": 0.8502174723286895, "recall": 0.84725, "f1-score": 0.8485627076977152, "support": 4000}}, "confusion-matrix": [[2678, 332], [279, 711]]}, "10": {"report": {"False": {"precision": 0.9077401520387007, "recall": 0.8742096505823628, "f1-score": 0.8906594338023395, "support": 3005}, "True": {"precision": 0.6582278481012658, "recall": 0.7316582914572864, "f1-score": 0.6930033317467872, "support": 995}, "accuracy": 0.83875, "macro avg": {"precision": 0.7829840000699833, "recall": 0.8029339710198247, "f1-score": 0.7918313827745633, "support": 4000}, "weighted avg": {"precision": 0.8456739664342637, "recall": 0.83875, "f1-score": 0.8414924784160207, "support": 4000}}, "confusion-matrix": [[2627, 378], [267, 728]]}}, "overall": {"report": {"False": {"precision": 0.9074338458900799, "recall": 0.878246938715626, "f1-score": 0.892581481098374, "support": 30000.0}, "True": {"precision": 0.6671589771595337, "recall": 0.7311886387903083, "f1-score": 0.6975992339736092, "support": 10000.0}, "macro avg": {"precision": 0.7872964115248069, "recall": 0.8047177887529673, "f1-score": 0.7950903575359916, "support": 40000.0}, "weighted avg": {"precision": 0.8473607854261976, "recall": 0.8414999999999999, "f1-score": 0.8438420713434406, "support": 40000.0}, "accuracy": 0.8414999999999999}, "confusion-matrix": [[26348.0, 3652.0], [2688.0, 7312.0]]}}