{"features": "bow-pos", "classifier": "DecisionTreeClassifier", "folds": {"3": {"report": {"False": {"precision": 0.8910923276983095, "recall": 0.9173360107095047, "f1-score": 0.9040237467018469, "support": 2988}, "True": {"precision": 0.7326839826839827, "recall": 0.6689723320158103, "f1-score": 0.6993801652892563, "support": 1012}, "accuracy": 0.8545, "macro avg": {"precision": 0.8118881551911461, "recall": 0.7931541713626575, "f1-score": 0.8017019559955516, "support": 4000}, "weighted avg": {"precision": 0.8510150164096848, "recall": 0.8545, "f1-score": 0.8522489206044616, "support": 4000}}, "confusion-matrix": [[2741, 247], [335, 677]]}, "8": {"report": {"False": {"precision": 0.886774193548387, "recall": 0.9117744610281924, "f1-score": 0.8991005723630416, "support": 3015}, "True": {"precision": 0.7044444444444444, "recall": 0.6436548223350254, "f1-score": 0.6726790450928383, "support": 985}, "accuracy": 0.84575, "macro avg": {"precision": 0.7956093189964157, "recall": 0.7777146416816089, "f1-score": 0.78588980872794, "support": 4000}, "weighted avg": {"precision": 0.8418754928315412, "recall": 0.84575, "f1-score": 0.8433442712727541, "support": 4000}}, "confusion-matrix": [[2749, 266], [351, 634]]}, "7": {"report": {"False": {"precision": 0.8884603021536484, "recall": 0.9237967914438503, "f1-score": 0.9057840406357529, "support": 2992}, "True": {"precision": 0.7435320584926884, "recall": 0.6557539682539683, "f1-score": 0.6968898260411175, "support": 1008}, "accuracy": 0.85625, "macro avg": {"precision": 0.8159961803231683, "recall": 0.7897753798489093, "f1-score": 0.8013369333384353, "support": 4000}, "weighted avg": {"precision": 0.8519383847510864, "recall": 0.85625, "f1-score": 0.8531426985579047, "support": 4000}}, "confusion-matrix": [[2764, 228], [347, 661]]}, "1": {"report": {"False": {"precision": 0.8917542184017828, "recall": 0.9253386190948133, "f1-score": 0.9082360570687419, "support": 3027}, "True": {"precision": 0.7369033760186263, "recall": 0.6505652620760535, "f1-score": 0.6910480349344977, "support": 973}, "accuracy": 0.8585, "macro avg": {"precision": 0.8143287972102046, "recall": 0.7879519405854334, "f1-score": 0.7996420460016198, "support": 4000}, "weighted avg": {"precision": 0.85408675099208, "recall": 0.8585, "f1-score": 0.855405070684587, "support": 4000}}, "confusion-matrix": [[2801, 226], [340, 633]]}, "10": {"report": {"False": {"precision": 0.8801402613962385, "recall": 0.9194139194139194, "f1-score": 0.8993485342019544, "support": 3003}, "True": {"precision": 0.7195828505214369, "recall": 0.6228686058174524, "f1-score": 0.667741935483871, "support": 997}, "accuracy": 0.8455, "macro avg": {"precision": 0.7998615559588377, "recall": 0.7711412626156859, "f1-score": 0.7835452348429126, "support": 4000}, "weighted avg": {"precision": 0.8401213267356942, "recall": 0.8455, "f1-score": 0.8416205894714721, "support": 4000}}, "confusion-matrix": [[2761, 242], [376, 621]]}, "4": {"report": {"False": {"precision": 0.8825242718446602, "recall": 0.9105175292153589, "f1-score": 0.8963023829087922, "support": 2995}, "True": {"precision": 0.7054945054945055, "recall": 0.6388059701492538, "f1-score": 0.670496083550914, "support": 1005}, "accuracy": 0.84225, "macro avg": {"precision": 0.7940093886695829, "recall": 0.7746617496823063, "f1-score": 0.783399233229853, "support": 4000}, "weighted avg": {"precision": 0.8380455430491839, "recall": 0.84225, "f1-score": 0.8395685501951252, "support": 4000}}, "confusion-matrix": [[2727, 268], [363, 642]]}, "5": {"report": {"False": {"precision": 0.8793267704033026, "recall": 0.9236157438292195, "f1-score": 0.900927281600781, "support": 2998}, "True": {"precision": 0.7309048178613397, "recall": 0.6207584830339321, "f1-score": 0.6713437668645441, "support": 1002}, "accuracy": 0.84775, "macro avg": {"precision": 0.8051157941323211, "recall": 0.7721871134315759, "f1-score": 0.7861355242326625, "support": 4000}, "weighted avg": {"precision": 0.8421470712915409, "recall": 0.84775, "f1-score": 0.8434166111593537, "support": 4000}}, "confusion-matrix": [[2769, 229], [380, 622]]}, "2": {"report": {"False": {"precision": 0.8895666131621188, "recall": 0.9175496688741722, "f1-score": 0.9033414832925837, "support": 3020}, "True": {"precision": 0.7186440677966102, "recall": 0.6489795918367347, "f1-score": 0.6820375335120644, "support": 980}, "accuracy": 0.85175, "macro avg": {"precision": 0.8041053404793645, "recall": 0.7832646303554535, "f1-score": 0.792689508402324, "support": 4000}, "weighted avg": {"precision": 0.8476905895475692, "recall": 0.85175, "f1-score": 0.8491220155963565, "support": 4000}}, "confusion-matrix": [[2771, 249], [344, 636]]}, "9": {"report": {"False": {"precision": 0.8821428571428571, "recall": 0.9111334674714956, "f1-score": 0.8964038271197623, "support": 2982}, "True": {"precision": 0.7119565217391305, "recall": 0.6434184675834971, "f1-score": 0.675954592363261, "support": 1018}, "accuracy": 0.843, "macro avg": {"precision": 0.7970496894409937, "recall": 0.7772759675274963, "f1-score": 0.7861792097415117, "support": 4000}, "weighted avg": {"precision": 0.8388304347826087, "recall": 0.843, "f1-score": 0.8402994968742328, "support": 4000}}, "confusion-matrix": [[2717, 265], [363, 655]]}, "6": {"report": {"False": {"precision": 0.8835683830764185, "recall": 0.9040268456375838, "f1-score": 0.8936805440371537, "support": 2980}, "True": {"precision": 0.6992639327024185, "recall": 0.6519607843137255, "f1-score": 0.6747843734145104, "support": 1020}, "accuracy": 0.83975, "macro avg": {"precision": 0.7914161578894185, "recall": 0.7779938149756547, "f1-score": 0.784232458725832, "support": 4000}, "weighted avg": {"precision": 0.8365707482310485, "recall": 0.83975, "f1-score": 0.8378620205283797, "support": 4000}}, "confusion-matrix": [[2694, 286], [355, 665]]}}, "overall": {"report": {"False": {"precision": 0.8855350198827724, "recall": 0.916450305671811, "f1-score": 0.900714846993041, "support": 30000.0}, "True": {"precision": 0.7203410557755184, "recall": 0.6445738287415452, "f1-score": 0.6802355356546876, "support": 10000.0}, "macro avg": {"precision": 0.8029380378291453, "recall": 0.7805120672066781, "f1-score": 0.7904751913238643, "support": 40000.0}, "weighted avg": {"precision": 0.8442321358622037, "recall": 0.8484999999999999, "f1-score": 0.8456030244944628, "support": 40000.0}, "accuracy": 0.8484999999999999}, "confusion-matrix": [[27494.0, 2506.0], [3554.0, 6446.0]]}}