{"features": "bow-pos", "classifier": "SVC", "folds": {"2": {"report": {"False": {"precision": 0.8613357292602576, "recall": 0.9557992688600864, "f1-score": 0.9061121613106491, "support": 3009}, "True": {"precision": 0.7987897125567323, "recall": 0.5327951564076691, "f1-score": 0.6392251815980631, "support": 991}, "accuracy": 0.851, "macro avg": {"precision": 0.830062720908495, "recall": 0.7442972126338777, "f1-score": 0.772668671454356, "support": 4000}, "weighted avg": {"precision": 0.8458399536219591, "recall": 0.851, "f1-score": 0.839990912086856, "support": 4000}}, "confusion-matrix": [[2876, 133], [463, 528]]}, "1": {"report": {"False": {"precision": 0.8641600970285022, "recall": 0.9541345831938399, "f1-score": 0.9069212410501193, "support": 2987}, "True": {"precision": 0.8048433048433048, "recall": 0.5577492596248766, "f1-score": 0.6588921282798834, "support": 1013}, "accuracy": 0.85375, "macro avg": {"precision": 0.8345017009359035, "recall": 0.7559419214093583, "f1-score": 0.7829066846650014, "support": 4000}, "weighted avg": {"precision": 0.849138119407601, "recall": 0.85375, "f1-score": 0.8441078682410571, "support": 4000}}, "confusion-matrix": [[2850, 137], [448, 565]]}, "4": {"report": {"False": {"precision": 0.8674231113765303, "recall": 0.9644754316069057, "f1-score": 0.9133783996227008, "support": 3012}, "True": {"precision": 0.8356374807987711, "recall": 0.5506072874493927, "f1-score": 0.6638194020744356, "support": 988}, "accuracy": 0.86225, "macro avg": {"precision": 0.8515302960876507, "recall": 0.7575413595281493, "f1-score": 0.7885989008485682, "support": 4000}, "weighted avg": {"precision": 0.8595720606238237, "recall": 0.86225, "f1-score": 0.8517373272282793, "support": 4000}}, "confusion-matrix": [[2905, 107], [444, 544]]}, "3": {"report": {"False": {"precision": 0.865052950075643, "recall": 0.9545909849749583, "f1-score": 0.9076190476190477, "support": 2995}, "True": {"precision": 0.8043165467625899, "recall": 0.5562189054726369, "f1-score": 0.6576470588235295, "support": 1005}, "accuracy": 0.8545, "macro avg": {"precision": 0.8346847484191164, "recall": 0.7554049452237976, "f1-score": 0.7826330532212886, "support": 4000}, "weighted avg": {"precision": 0.8497929287432383, "recall": 0.8545, "f1-score": 0.8448135854341736, "support": 4000}}, "confusion-matrix": [[2859, 136], [446, 559]]}, "5": {"report": {"False": {"precision": 0.871290127195639, "recall": 0.9545454545454546, "f1-score": 0.9110196326789107, "support": 3014}, "True": {"precision": 0.8037249283667621, "recall": 0.5689655172413793, "f1-score": 0.666270783847981, "support": 986}, "accuracy": 0.8595, "macro avg": {"precision": 0.8375075277812005, "recall": 0.761755485893417, "f1-score": 0.7886452082634459, "support": 4000}, "weighted avg": {"precision": 0.8546353056843209, "recall": 0.8595, "f1-score": 0.8506890414420866, "support": 4000}}, "confusion-matrix": [[2877, 137], [425, 561]]}, "6": {"report": {"False": {"precision": 0.8681681681681682, "recall": 0.9588723051409619, "f1-score": 0.9112687155240348, "support": 3015}, "True": {"precision": 0.8149253731343283, "recall": 0.5543147208121827, "f1-score": 0.6598187311178247, "support": 985}, "accuracy": 0.85925, "macro avg": {"precision": 0.8415467706512483, "recall": 0.7565935129765723, "f1-score": 0.7855437233209297, "support": 4000}, "weighted avg": {"precision": 0.8550571298910851, "recall": 0.85925, "f1-score": 0.8493491568640055, "support": 4000}}, "confusion-matrix": [[2891, 124], [439, 546]]}, "7": {"report": {"False": {"precision": 0.8626506024096385, "recall": 0.9630127774041695, "f1-score": 0.9100730854782333, "support": 2974}, "True": {"precision": 0.8382352941176471, "recall": 0.5555555555555556, "f1-score": 0.6682297772567409, "support": 1026}, "accuracy": 0.8585, "macro avg": {"precision": 0.8504429482636429, "recall": 0.7592841664798625, "f1-score": 0.7891514313674871, "support": 4000}, "weighted avg": {"precision": 0.8563880758327428, "recall": 0.8585, "f1-score": 0.8480402769194205, "support": 4000}}, "confusion-matrix": [[2864, 110], [456, 570]]}, "8": {"report": {"False": {"precision": 0.8637200736648251, "recall": 0.9446122860020141, "f1-score": 0.9023569023569025, "support": 2979}, "True": {"precision": 0.7776280323450134, "recall": 0.56513222331048, "f1-score": 0.6545660805445264, "support": 1021}, "accuracy": 0.84775, "macro avg": {"precision": 0.8206740530049192, "recall": 0.754872254656247, "f1-score": 0.7784614914507144, "support": 4000}, "weighted avg": {"precision": 0.8417450801179431, "recall": 0.84775, "f1-score": 0.8391082950892935, "support": 4000}}, "confusion-matrix": [[2814, 165], [444, 577]]}, "9": {"report": {"False": {"precision": 0.8710066305003014, "recall": 0.9601328903654485, "f1-score": 0.9134007585335018, "support": 3010}, "True": {"precision": 0.8240469208211144, "recall": 0.5676767676767677, "f1-score": 0.6722488038277512, "support": 990}, "accuracy": 0.863, "macro avg": {"precision": 0.8475267756607079, "recall": 0.7639048290211081, "f1-score": 0.7928247811806265, "support": 4000}, "weighted avg": {"precision": 0.8593841023547025, "recall": 0.863, "f1-score": 0.8537156497438285, "support": 4000}}, "confusion-matrix": [[2890, 120], [428, 562]]}, "10": {"report": {"False": {"precision": 0.8722950320024383, "recall": 0.9524126455906822, "f1-score": 0.9105949729557747, "support": 3005}, "True": {"precision": 0.8011126564673157, "recall": 0.578894472361809, "f1-score": 0.6721120186697782, "support": 995}, "accuracy": 0.8595, "macro avg": {"precision": 0.836703844234877, "recall": 0.7656535589762457, "f1-score": 0.7913534958127765, "support": 4000}, "weighted avg": {"precision": 0.8545884160880766, "recall": 0.8595, "f1-score": 0.8512723380771331, "support": 4000}}, "confusion-matrix": [[2862, 143], [419, 576]]}}, "overall": {"report": {"False": {"precision": 0.8667102521681944, "recall": 0.9562588627684521, "f1-score": 0.9092744917129874, "support": 30000.0}, "True": {"precision": 0.8103260250213579, "recall": 0.5587909865912749, "f1-score": 0.6612829966040514, "support": 10000.0}, "macro avg": {"precision": 0.8385181385947762, "recall": 0.7575249246798637, "f1-score": 0.7852787441585194, "support": 40000.0}, "weighted avg": {"precision": 0.8526141172365493, "recall": 0.8569000000000001, "f1-score": 0.8472824451126135, "support": 40000.0}, "accuracy": 0.8569000000000001}, "confusion-matrix": [[28688.0, 1312.0], [4412.0, 5588.0]]}}