{"features": "bow-pp", "classifier": "DecisionTreeClassifier", "folds": {"10": {"report": {"False": {"precision": 0.9345944212888746, "recall": 0.9655515071215635, "f1-score": 0.9498207885304659, "support": 3019}, "True": {"precision": 0.8819523269012486, "recall": 0.7920489296636085, "f1-score": 0.8345864661654135, "support": 981}, "accuracy": 0.923, "macro avg": {"precision": 0.9082733740950616, "recall": 0.878800218392586, "f1-score": 0.8922036273479397, "support": 4000}, "weighted avg": {"precision": 0.9216839476403093, "recall": 0.923, "f1-score": 0.9215595709704367, "support": 4000}}, "confusion-matrix": [[2915, 104], [204, 777]]}, "8": {"report": {"False": {"precision": 0.9267578125, "recall": 0.961499493414387, "f1-score": 0.9438090502237693, "support": 2961}, "True": {"precision": 0.8771551724137931, "recall": 0.7834456207892204, "f1-score": 0.8276563294356889, "support": 1039}, "accuracy": 0.91525, "macro avg": {"precision": 0.9019564924568966, "recall": 0.8724725571018037, "f1-score": 0.8857326898297291, "support": 4000}, "weighted avg": {"precision": 0.9138735267376078, "recall": 0.91525, "f1-score": 0.9136383809990654, "support": 4000}}, "confusion-matrix": [[2847, 114], [225, 814]]}, "2": {"report": {"False": {"precision": 0.9394329896907216, "recall": 0.9642857142857143, "f1-score": 0.9516971279373369, "support": 3024}, "True": {"precision": 0.8794642857142857, "recall": 0.8073770491803278, "f1-score": 0.8418803418803418, "support": 976}, "accuracy": 0.926, "macro avg": {"precision": 0.9094486377025037, "recall": 0.885831381733021, "f1-score": 0.8967887349088393, "support": 4000}, "weighted avg": {"precision": 0.9248006259204713, "recall": 0.926, "f1-score": 0.9249018321394301, "support": 4000}}, "confusion-matrix": [[2916, 108], [188, 788]]}, "5": {"report": {"False": {"precision": 0.9448073154800783, "recall": 0.9734185733512786, "f1-score": 0.9588995691083857, "support": 2972}, "True": {"precision": 0.9157782515991472, "recall": 0.835603112840467, "f1-score": 0.8738555442522888, "support": 1028}, "accuracy": 0.938, "macro avg": {"precision": 0.9302927835396128, "recall": 0.9045108430958728, "f1-score": 0.9163775566803373, "support": 4000}, "weighted avg": {"precision": 0.9373468460626792, "recall": 0.938, "f1-score": 0.9370432547203688, "support": 4000}}, "confusion-matrix": [[2893, 79], [169, 859]]}, "6": {"report": {"False": {"precision": 0.9337175792507204, "recall": 0.9694148936170213, "f1-score": 0.9512314467460447, "support": 3008}, "True": {"precision": 0.895096921322691, "recall": 0.7913306451612904, "f1-score": 0.8400214018191546, "support": 992}, "accuracy": 0.92525, "macro avg": {"precision": 0.9144072502867058, "recall": 0.8803727693891559, "f1-score": 0.8956264242825996, "support": 4000}, "weighted avg": {"precision": 0.9241396560845692, "recall": 0.92525, "f1-score": 0.9236513556041759, "support": 4000}}, "confusion-matrix": [[2916, 92], [207, 785]]}, "7": {"report": {"False": {"precision": 0.9366677492692432, "recall": 0.9613333333333334, "f1-score": 0.9488402697812139, "support": 3000}, "True": {"precision": 0.8740499457111836, "recall": 0.805, "f1-score": 0.8381051535658511, "support": 1000}, "accuracy": 0.92225, "macro avg": {"precision": 0.9053588474902134, "recall": 0.8831666666666667, "f1-score": 0.8934727116735326, "support": 4000}, "weighted avg": {"precision": 0.9210132983797283, "recall": 0.92225, "f1-score": 0.9211564907273733, "support": 4000}}, "confusion-matrix": [[2884, 116], [195, 805]]}, "9": {"report": {"False": {"precision": 0.9354219948849105, "recall": 0.9656765676567657, "f1-score": 0.9503085417343294, "support": 3030}, "True": {"precision": 0.8807339449541285, "recall": 0.7917525773195876, "f1-score": 0.8338762214983715, "support": 970}, "accuracy": 0.9235, "macro avg": {"precision": 0.9080779699195195, "recall": 0.8787145724881766, "f1-score": 0.8920923816163504, "support": 4000}, "weighted avg": {"precision": 0.9221601427766958, "recall": 0.9235, "f1-score": 0.9220737040771096, "support": 4000}}, "confusion-matrix": [[2926, 104], [202, 768]]}, "3": {"report": {"False": {"precision": 0.9377431906614786, "recall": 0.964964964964965, "f1-score": 0.9511593487913172, "support": 2997}, "True": {"precision": 0.8853711790393013, "recall": 0.8085742771684945, "f1-score": 0.8452318916102136, "support": 1003}, "accuracy": 0.92575, "macro avg": {"precision": 0.91155718485039, "recall": 0.8867696210667297, "f1-score": 0.8981956202007655, "support": 4000}, "weighted avg": {"precision": 0.9246109087472176, "recall": 0.92575, "f1-score": 0.9245980389031555, "support": 4000}}, "confusion-matrix": [[2892, 105], [192, 811]]}, "4": {"report": {"False": {"precision": 0.9420949902407287, "recall": 0.9630861323578317, "f1-score": 0.9524749218878474, "support": 3007}, "True": {"precision": 0.8801295896328294, "recall": 0.8207452165156093, "f1-score": 0.8494007295466388, "support": 993}, "accuracy": 0.92775, "macro avg": {"precision": 0.9111122899367791, "recall": 0.8919156744367205, "f1-score": 0.9009378257172431, "support": 4000}, "weighted avg": {"precision": 0.9267120795398177, "recall": 0.92775, "f1-score": 0.9268867536391424, "support": 4000}}, "confusion-matrix": [[2896, 111], [178, 815]]}, "1": {"report": {"False": {"precision": 0.937949052906597, "recall": 0.9631120053655265, "f1-score": 0.9503639973527466, "support": 2982}, "True": {"precision": 0.8827292110874201, "recall": 0.8133595284872298, "f1-score": 0.8466257668711656, "support": 1018}, "accuracy": 0.925, "macro avg": {"precision": 0.9103391319970086, "recall": 0.8882357669263782, "f1-score": 0.898494882111956, "support": 4000}, "weighted avg": {"precision": 0.9238956031636165, "recall": 0.925, "f1-score": 0.9239626176951843, "support": 4000}}, "confusion-matrix": [[2872, 110], [190, 828]]}}, "overall": {"report": {"False": {"precision": 0.9369187096173353, "recall": 0.9652343185468387, "f1-score": 0.9508605062093457, "support": 30000.0}, "True": {"precision": 0.885246082837603, "recall": 0.8049236957125835, "f1-score": 0.8431239846645129, "support": 10000.0}, "macro avg": {"precision": 0.9110823962274692, "recall": 0.8850790071297112, "f1-score": 0.8969922454369292, "support": 40000.0}, "weighted avg": {"precision": 0.9240236635052714, "recall": 0.9251750000000001, "f1-score": 0.9239471999475442, "support": 40000.0}, "accuracy": 0.9251750000000001}, "confusion-matrix": [[28957.0, 1043.0], [1950.0, 8050.0]]}}