{"features": "bow-pp", "classifier": "MultinomialNB", "folds": {"1": {"report": {"False": {"precision": 0.9388029589778076, "recall": 0.9347171074656846, "f1-score": 0.9367555779231673, "support": 2987}, "True": {"precision": 0.8099415204678363, "recall": 0.8203356367226061, "f1-score": 0.815105443845022, "support": 1013}, "accuracy": 0.90575, "macro avg": {"precision": 0.874372239722822, "recall": 0.8775263720941453, "f1-score": 0.8759305108840947, "support": 4000}, "weighted avg": {"precision": 0.9061687996751574, "recall": 0.90575, "f1-score": 0.9059476814678772, "support": 4000}}, "confusion-matrix": [[2792, 195], [182, 831]]}, "2": {"report": {"False": {"precision": 0.9376237623762376, "recall": 0.9441674975074775, "f1-score": 0.9408842523596621, "support": 3009}, "True": {"precision": 0.8268041237113402, "recall": 0.8092835519677094, "f1-score": 0.8179500254971954, "support": 991}, "accuracy": 0.91075, "macro avg": {"precision": 0.8822139430437889, "recall": 0.8767255247375935, "f1-score": 0.8794171389284288, "support": 4000}, "weighted avg": {"precision": 0.9101681968970092, "recall": 0.91075, "f1-score": 0.9104272976544859, "support": 4000}}, "confusion-matrix": [[2841, 168], [189, 802]]}, "3": {"report": {"False": {"precision": 0.9319907560250907, "recall": 0.9425709515859766, "f1-score": 0.9372509960159362, "support": 2995}, "True": {"precision": 0.8228630278063852, "recall": 0.7950248756218905, "f1-score": 0.8087044534412955, "support": 1005}, "accuracy": 0.9055, "macro avg": {"precision": 0.877426891915738, "recall": 0.8687979136039335, "f1-score": 0.8729777247286159, "support": 4000}, "weighted avg": {"precision": 0.904572414310141, "recall": 0.9055, "f1-score": 0.9049536771940577, "support": 4000}}, "confusion-matrix": [[2823, 172], [206, 799]]}, "4": {"report": {"False": {"precision": 0.9405973088283558, "recall": 0.951527224435591, "f1-score": 0.9460306981350058, "support": 3012}, "True": {"precision": 0.8467995802728226, "recall": 0.8168016194331984, "f1-score": 0.8315301391035549, "support": 988}, "accuracy": 0.91825, "macro avg": {"precision": 0.8936984445505892, "recall": 0.8841644219343947, "f1-score": 0.8887804186192804, "support": 4000}, "weighted avg": {"precision": 0.9174292698751391, "recall": 0.91825, "f1-score": 0.9177490600542374, "support": 4000}}, "confusion-matrix": [[2866, 146], [181, 807]]}, "5": {"report": {"False": {"precision": 0.9404722314599269, "recall": 0.9382879893828799, "f1-score": 0.9393788407241322, "support": 3014}, "True": {"precision": 0.8126888217522659, "recall": 0.8184584178498986, "f1-score": 0.8155634158665993, "support": 986}, "accuracy": 0.90875, "macro avg": {"precision": 0.8765805266060964, "recall": 0.8783732036163893, "f1-score": 0.8774711282953658, "support": 4000}, "weighted avg": {"precision": 0.9089736209669884, "recall": 0.90875, "f1-score": 0.9088583384967505, "support": 4000}}, "confusion-matrix": [[2828, 186], [179, 807]]}, "6": {"report": {"False": {"precision": 0.9372948128693368, "recall": 0.9469320066334992, "f1-score": 0.942088764230325, "support": 3015}, "True": {"precision": 0.8322851153039832, "recall": 0.8060913705583757, "f1-score": 0.8189788550799381, "support": 985}, "accuracy": 0.91225, "macro avg": {"precision": 0.88478996408666, "recall": 0.8765116885959374, "f1-score": 0.8805338096551315, "support": 4000}, "weighted avg": {"precision": 0.9114361748438684, "recall": 0.91225, "f1-score": 0.9117729491020422, "support": 4000}}, "confusion-matrix": [[2855, 160], [191, 794]]}, "7": {"report": {"False": {"precision": 0.9331559694047223, "recall": 0.9435104236718225, "f1-score": 0.9383046313325532, "support": 2974}, "True": {"precision": 0.8308157099697885, "recall": 0.804093567251462, "f1-score": 0.8172362555720655, "support": 1026}, "accuracy": 0.90775, "macro avg": {"precision": 0.8819858396872554, "recall": 0.8738019954616423, "f1-score": 0.8777704434523093, "support": 4000}, "weighted avg": {"precision": 0.9069056928596618, "recall": 0.90775, "f1-score": 0.907250592949988, "support": 4000}}, "confusion-matrix": [[2806, 168], [201, 825]]}, "8": {"report": {"False": {"precision": 0.9385342789598109, "recall": 0.9328633769721383, "f1-score": 0.9356902356902357, "support": 2979}, "True": {"precision": 0.8075072184793071, "recall": 0.821743388834476, "f1-score": 0.8145631067961164, "support": 1021}, "accuracy": 0.9045, "macro avg": {"precision": 0.8730207487195589, "recall": 0.8773033829033071, "f1-score": 0.875126671243176, "support": 4000}, "weighted avg": {"precision": 0.9050896217721622, "recall": 0.9045, "f1-score": 0.9047725360400118, "support": 4000}}, "confusion-matrix": [[2779, 200], [182, 839]]}, "9": {"report": {"False": {"precision": 0.9348821989528796, "recall": 0.9491694352159469, "f1-score": 0.9419716452357402, "support": 3010}, "True": {"precision": 0.8379237288135594, "recall": 0.798989898989899, "f1-score": 0.8179937952430197, "support": 990}, "accuracy": 0.912, "macro avg": {"precision": 0.8864029638832195, "recall": 0.874079667102923, "f1-score": 0.87998272023938, "support": 4000}, "weighted avg": {"precision": 0.9108849775933978, "recall": 0.912, "f1-score": 0.9112871273625419, "support": 4000}}, "confusion-matrix": [[2857, 153], [199, 791]]}, "10": {"report": {"False": {"precision": 0.9349405548216645, "recall": 0.9420965058236273, "f1-score": 0.9385048897729156, "support": 3005}, "True": {"precision": 0.8209876543209876, "recall": 0.8020100502512563, "f1-score": 0.8113879003558719, "support": 995}, "accuracy": 0.90725, "macro avg": {"precision": 0.877964104571326, "recall": 0.8720532780374417, "f1-score": 0.8749463950643938, "support": 4000}, "weighted avg": {"precision": 0.906594770822121, "recall": 0.90725, "f1-score": 0.9068845386554261, "support": 4000}}, "confusion-matrix": [[2831, 174], [197, 798]]}}, "overall": {"report": {"False": {"precision": 0.9368294832675833, "recall": 0.9425842518694644, "f1-score": 0.9396860531419673, "support": 30000.0}, "True": {"precision": 0.8248616500898276, "recall": 0.8092832377480772, "f1-score": 0.8169013390800679, "support": 10000.0}, "macro avg": {"precision": 0.8808455666787054, "recall": 0.8759337448087707, "f1-score": 0.8782936961110176, "support": 40000.0}, "weighted avg": {"precision": 0.9088223539615647, "recall": 0.909275, "f1-score": 0.9089903798977419, "support": 40000.0}, "accuracy": 0.909275}, "confusion-matrix": [[28278.0, 1722.0], [1907.0, 8093.0]]}}