{"features": "bow-pp-pos", "classifier": "DecisionTreeClassifier", "folds": {"2": {"report": {"False": {"precision": 0.9513406156901688, "recall": 0.9637826961770624, "f1-score": 0.9575212393803099, "support": 2982}, "True": {"precision": 0.8896833503575077, "recall": 0.8555992141453831, "f1-score": 0.8723084626940412, "support": 1018}, "accuracy": 0.93625, "macro avg": {"precision": 0.9205119830238382, "recall": 0.9096909551612227, "f1-score": 0.9149148510371755, "support": 4000}, "weighted avg": {"precision": 0.9356488416630065, "recall": 0.93625, "f1-score": 0.9358345877136545, "support": 4000}}, "confusion-matrix": [[2874, 108], [147, 871]]}, "5": {"report": {"False": {"precision": 0.9467280499835581, "recall": 0.964166108506363, "f1-score": 0.9553675128588021, "support": 2986}, "True": {"precision": 0.8884254431699687, "recall": 0.8402366863905325, "f1-score": 0.8636594019260009, "support": 1014}, "accuracy": 0.93275, "macro avg": {"precision": 0.9175767465767635, "recall": 0.9022013974484477, "f1-score": 0.9095134573924015, "support": 4000}, "weighted avg": {"precision": 0.9319483391563131, "recall": 0.93275, "f1-score": 0.9321195067373369, "support": 4000}}, "confusion-matrix": [[2879, 107], [162, 852]]}, "10": {"report": {"False": {"precision": 0.9523020867837032, "recall": 0.9583333333333334, "f1-score": 0.9553081907293571, "support": 3000}, "True": {"precision": 0.872579001019368, "recall": 0.856, "f1-score": 0.8642099949520444, "support": 1000}, "accuracy": 0.93275, "macro avg": {"precision": 0.9124405439015356, "recall": 0.9071666666666667, "f1-score": 0.9097590928407008, "support": 4000}, "weighted avg": {"precision": 0.9323713153426195, "recall": 0.93275, "f1-score": 0.932533641785029, "support": 4000}}, "confusion-matrix": [[2875, 125], [144, 856]]}, "7": {"report": {"False": {"precision": 0.9582374219006906, "recall": 0.96044825313118, "f1-score": 0.9593415637860082, "support": 3034}, "True": {"precision": 0.8748696558915537, "recall": 0.8685300207039337, "f1-score": 0.8716883116883117, "support": 966}, "accuracy": 0.93825, "macro avg": {"precision": 0.9165535388961221, "recall": 0.9144891369175568, "f1-score": 0.91551493773716, "support": 4000}, "weighted avg": {"precision": 0.938104106409484, "recall": 0.93825, "f1-score": 0.9381733034044145, "support": 4000}}, "confusion-matrix": [[2914, 120], [127, 839]]}, "8": {"report": {"False": {"precision": 0.9497838377120054, "recall": 0.9609690444145357, "f1-score": 0.9553437029603612, "support": 2972}, "True": {"precision": 0.8831822759315207, "recall": 0.853112840466926, "f1-score": 0.867887184562098, "support": 1028}, "accuracy": 0.93325, "macro avg": {"precision": 0.916483056821763, "recall": 0.9070409424407309, "f1-score": 0.9116154437612296, "support": 4000}, "weighted avg": {"precision": 0.9326672363344207, "recall": 0.93325, "f1-score": 0.9328673777320076, "support": 4000}}, "confusion-matrix": [[2856, 116], [151, 877]]}, "9": {"report": {"False": {"precision": 0.9554308352591614, "recall": 0.9624210176255404, "f1-score": 0.9589131875414182, "support": 3007}, "True": {"precision": 0.8836251287332647, "recall": 0.8640483383685801, "f1-score": 0.8737270875763747, "support": 993}, "accuracy": 0.938, "macro avg": {"precision": 0.919527981996213, "recall": 0.9132346779970603, "f1-score": 0.9163201375588965, "support": 4000}, "weighted avg": {"precision": 0.9376050686141076, "recall": 0.938, "f1-score": 0.9377657382250961, "support": 4000}}, "confusion-matrix": [[2894, 113], [135, 858]]}, "4": {"report": {"False": {"precision": 0.9533201840894149, "recall": 0.9605829744948658, "f1-score": 0.9569377990430622, "support": 3019}, "True": {"precision": 0.8757828810020877, "recall": 0.855249745158002, "f1-score": 0.8653945332645694, "support": 981}, "accuracy": 0.93475, "macro avg": {"precision": 0.9145515325457513, "recall": 0.9079163598264339, "f1-score": 0.9111661661538157, "support": 4000}, "weighted avg": {"precision": 0.9343041605072478, "recall": 0.93475, "f1-score": 0.9344868131108869, "support": 4000}}, "confusion-matrix": [[2900, 119], [142, 839]]}, "6": {"report": {"False": {"precision": 0.9565943238731218, "recall": 0.963673057517659, "f1-score": 0.9601206434316354, "support": 2973}, "True": {"precision": 0.8925373134328358, "recall": 0.8734177215189873, "f1-score": 0.8828740157480315, "support": 1027}, "accuracy": 0.9405, "macro avg": {"precision": 0.9245658186529788, "recall": 0.9185453895183231, "f1-score": 0.9214973295898334, "support": 4000}, "weighted avg": {"precision": 0.9401476864425784, "recall": 0.9405, "f1-score": 0.94028757177387, "support": 4000}}, "confusion-matrix": [[2865, 108], [130, 897]]}, "3": {"report": {"False": {"precision": 0.9448298645523621, "recall": 0.9590878604963112, "f1-score": 0.9519054751206523, "support": 2982}, "True": {"precision": 0.8746145940390545, "recall": 0.8359528487229863, "f1-score": 0.8548468106479156, "support": 1018}, "accuracy": 0.92775, "macro avg": {"precision": 0.9097222292957083, "recall": 0.8975203546096487, "f1-score": 0.9033761428842839, "support": 4000}, "weighted avg": {"precision": 0.9269600782067252, "recall": 0.92775, "f1-score": 0.9272040450123409, "support": 4000}}, "confusion-matrix": [[2860, 122], [167, 851]]}, "1": {"report": {"False": {"precision": 0.9552726085537055, "recall": 0.960919540229885, "f1-score": 0.9580877537655533, "support": 3045}, "True": {"precision": 0.8729989327641409, "recall": 0.856544502617801, "f1-score": 0.864693446088795, "support": 955}, "accuracy": 0.936, "macro avg": {"precision": 0.9141357706589233, "recall": 0.908732021423843, "f1-score": 0.9113905999271741, "support": 4000}, "weighted avg": {"precision": 0.935629768458947, "recall": 0.936, "f1-score": 0.9357898628077272, "support": 4000}}, "confusion-matrix": [[2926, 119], [137, 818]]}}, "overall": {"report": {"False": {"precision": 0.9523839828397891, "recall": 0.9614383885926735, "f1-score": 0.956884706861716, "support": 30000.0}, "True": {"precision": 0.8808298576341302, "recall": 0.8558691918093132, "f1-score": 0.8681289249148183, "support": 10000.0}, "macro avg": {"precision": 0.9166069202369597, "recall": 0.9086537902009933, "f1-score": 0.9125068158882671, "support": 40000.0}, "weighted avg": {"precision": 0.934538660113545, "recall": 0.9350249999999999, "f1-score": 0.9347062448302363, "support": 40000.0}, "accuracy": 0.9350249999999999}, "confusion-matrix": [[28843.0, 1157.0], [1442.0, 8558.0]]}}