{"features": "bow-pp-pos", "classifier": "MultinomialNB", "folds": {"1": {"report": {"False": {"precision": 0.9210437139952559, "recall": 0.9099430867090726, "f1-score": 0.915459750757831, "support": 2987}, "True": {"precision": 0.7435653002859867, "recall": 0.769990128331688, "f1-score": 0.7565470417070804, "support": 1013}, "accuracy": 0.8745, "macro avg": {"precision": 0.8323045071406212, "recall": 0.8399666075203803, "f1-score": 0.8360033962324558, "support": 4000}, "weighted avg": {"precision": 0.8760973057233834, "recall": 0.8745, "f1-score": 0.8752151071907284, "support": 4000}}, "confusion-matrix": [[2718, 269], [233, 780]]}, "2": {"report": {"False": {"precision": 0.9266331658291457, "recall": 0.9192422731804586, "f1-score": 0.9229229229229229, "support": 3009}, "True": {"precision": 0.7605911330049261, "recall": 0.7790110998990918, "f1-score": 0.7696909272183451, "support": 991}, "accuracy": 0.8845, "macro avg": {"precision": 0.8436121494170359, "recall": 0.8491266865397752, "f1-score": 0.846306925070634, "support": 4000}, "weighted avg": {"precision": 0.8854962521969453, "recall": 0.8845, "f1-score": 0.8849596959871138, "support": 4000}}, "confusion-matrix": [[2766, 243], [219, 772]]}, "3": {"report": {"False": {"precision": 0.919732441471572, "recall": 0.9181969949916527, "f1-score": 0.9189640768588138, "support": 2995}, "True": {"precision": 0.7574257425742574, "recall": 0.7611940298507462, "f1-score": 0.7593052109181141, "support": 1005}, "accuracy": 0.87875, "macro avg": {"precision": 0.8385790920229147, "recall": 0.8396955124211996, "f1-score": 0.8391346438884639, "support": 4000}, "weighted avg": {"precision": 0.8789528833736217, "recall": 0.87875, "f1-score": 0.878849786791213, "support": 4000}}, "confusion-matrix": [[2750, 245], [240, 765]]}, "4": {"report": {"False": {"precision": 0.925115970841617, "recall": 0.9269588313413014, "f1-score": 0.9260364842454395, "support": 3012}, "True": {"precision": 0.7759674134419552, "recall": 0.771255060728745, "f1-score": 0.7736040609137056, "support": 988}, "accuracy": 0.8885, "macro avg": {"precision": 0.8505416921417861, "recall": 0.8491069460350231, "f1-score": 0.8498202725795725, "support": 4000}, "weighted avg": {"precision": 0.8882762771639006, "recall": 0.8885, "f1-score": 0.8883856756825012, "support": 4000}}, "confusion-matrix": [[2792, 220], [226, 762]]}, "5": {"report": {"False": {"precision": 0.9238287832827772, "recall": 0.9094226940942269, "f1-score": 0.9165691355960541, "support": 3014}, "True": {"precision": 0.7357212003872217, "recall": 0.77079107505071, "f1-score": 0.7528479445269936, "support": 986}, "accuracy": 0.87525, "macro avg": {"precision": 0.8297749918349995, "recall": 0.8401068845724684, "f1-score": 0.8347085400615238, "support": 4000}, "weighted avg": {"precision": 0.8774602640990228, "recall": 0.87525, "f1-score": 0.8762118619975306, "support": 4000}}, "confusion-matrix": [[2741, 273], [226, 760]]}, "6": {"report": {"False": {"precision": 0.9243081027009002, "recall": 0.9194029850746268, "f1-score": 0.9218490189557698, "support": 3015}, "True": {"precision": 0.7572427572427572, "recall": 0.7695431472081218, "f1-score": 0.7633434038267876, "support": 985}, "accuracy": 0.8825, "macro avg": {"precision": 0.8407754299718287, "recall": 0.8444730661413743, "f1-score": 0.8425962113912786, "support": 4000}, "weighted avg": {"precision": 0.8831682613818325, "recall": 0.8825, "f1-score": 0.882817011230258, "support": 4000}}, "confusion-matrix": [[2772, 243], [227, 758]]}, "7": {"report": {"False": {"precision": 0.9217009787377658, "recall": 0.9182918628110289, "f1-score": 0.919993262590534, "support": 2974}, "True": {"precision": 0.7656702025072324, "recall": 0.7738791423001949, "f1-score": 0.7697527872031023, "support": 1026}, "accuracy": 0.88125, "macro avg": {"precision": 0.8436855906224991, "recall": 0.846085502555612, "f1-score": 0.8448730248968181, "support": 4000}, "weighted avg": {"precision": 0.881679084634634, "recall": 0.88125, "f1-score": 0.8814565806536577, "support": 4000}}, "confusion-matrix": [[2731, 243], [232, 794]]}, "8": {"report": {"False": {"precision": 0.9237576582709326, "recall": 0.9110439744880833, "f1-score": 0.9173567686327531, "support": 2979}, "True": {"precision": 0.7504708097928436, "recall": 0.7806072477962782, "f1-score": 0.7652424387902064, "support": 1021}, "accuracy": 0.87775, "macro avg": {"precision": 0.8371142340318881, "recall": 0.8458256111421807, "f1-score": 0.8412996037114797, "support": 4000}, "weighted avg": {"precision": 0.8795261901969003, "recall": 0.87775, "f1-score": 0.878529585940443, "support": 4000}}, "confusion-matrix": [[2714, 265], [224, 797]]}, "9": {"report": {"False": {"precision": 0.9202635914332784, "recall": 0.9279069767441861, "f1-score": 0.9240694789081886, "support": 3010}, "True": {"precision": 0.7751295336787565, "recall": 0.7555555555555555, "f1-score": 0.7652173913043477, "support": 990}, "accuracy": 0.88525, "macro avg": {"precision": 0.8476965625560174, "recall": 0.8417312661498708, "f1-score": 0.8446434351062682, "support": 4000}, "weighted avg": {"precision": 0.8843429121390342, "recall": 0.88525, "f1-score": 0.8847535872262379, "support": 4000}}, "confusion-matrix": [[2793, 217], [242, 748]]}, "10": {"report": {"False": {"precision": 0.9242934051144011, "recall": 0.9141430948419301, "f1-score": 0.9191902292119792, "support": 3005}, "True": {"precision": 0.7490272373540856, "recall": 0.7738693467336684, "f1-score": 0.7612456747404844, "support": 995}, "accuracy": 0.87925, "macro avg": {"precision": 0.8366603212342434, "recall": 0.8440062207877992, "f1-score": 0.8402179519762318, "support": 4000}, "weighted avg": {"precision": 0.8806959458840227, "recall": 0.87925, "f1-score": 0.879901521287195, "support": 4000}}, "confusion-matrix": [[2747, 258], [225, 770]]}}, "overall": {"report": {"False": {"precision": 0.9230677811677646, "recall": 0.9174552774276569, "f1-score": 0.9202411128680288, "support": 30000.0}, "True": {"precision": 0.7570811330270023, "recall": 0.7705695833454799, "f1-score": 0.7636796881149167, "support": 10000.0}, "macro avg": {"precision": 0.8400744570973835, "recall": 0.8440124303865684, "f1-score": 0.8419604004914726, "support": 40000.0}, "weighted avg": {"precision": 0.8815695376793297, "recall": 0.8807500000000001, "f1-score": 0.8811080413986879, "support": 40000.0}, "accuracy": 0.8807500000000001}, "confusion-matrix": [[27524.0, 2476.0], [2294.0, 7706.0]]}}