{"features": "bow-pos-emot", "classifier": "MultinomialNB", "folds": {"1": {"report": {"False": {"precision": 0.9313274336283186, "recall": 0.8808168731168396, "f1-score": 0.9053682037164488, "support": 2987}, "True": {"precision": 0.6970212765957446, "recall": 0.8084896347482725, "f1-score": 0.7486288848263253, "support": 1013}, "accuracy": 0.8625, "macro avg": {"precision": 0.8141743551120316, "recall": 0.8446532539325561, "f1-score": 0.826998544271387, "support": 4000}, "weighted avg": {"precision": 0.8719893993598192, "recall": 0.8625, "f1-score": 0.865673971207525, "support": 4000}}, "confusion-matrix": [[2631, 356], [194, 819]]}, "2": {"report": {"False": {"precision": 0.9286708420320111, "recall": 0.8870056497175142, "f1-score": 0.9073601903790584, "support": 3009}, "True": {"precision": 0.6980461811722913, "recall": 0.79313824419778, "f1-score": 0.7425602267359471, "support": 991}, "accuracy": 0.86375, "macro avg": {"precision": 0.8133585116021512, "recall": 0.8400719469576471, "f1-score": 0.8249602085575027, "support": 4000}, "weighted avg": {"precision": 0.8715335823040156, "recall": 0.86375, "f1-score": 0.8665309993864776, "support": 4000}}, "confusion-matrix": [[2669, 340], [205, 786]]}, "3": {"report": {"False": {"precision": 0.9261559696342305, "recall": 0.896160267111853, "f1-score": 0.9109112506363481, "support": 2995}, "True": {"precision": 0.7177858439201452, "recall": 0.7870646766169154, "f1-score": 0.7508305647840532, "support": 1005}, "accuracy": 0.86875, "macro avg": {"precision": 0.8219709067771879, "recall": 0.8416124718643843, "f1-score": 0.8308709077102007, "support": 4000}, "weighted avg": {"precision": 0.8738029755485666, "recall": 0.86875, "f1-score": 0.870690978315959, "support": 4000}}, "confusion-matrix": [[2684, 311], [214, 791]]}, "4": {"report": {"False": {"precision": 0.9335399449035813, "recall": 0.900066401062417, "f1-score": 0.9164976335361732, "support": 3012}, "True": {"precision": 0.7253649635036497, "recall": 0.8046558704453441, "f1-score": 0.7629558541266794, "support": 988}, "accuracy": 0.8765, "macro avg": {"precision": 0.8294524542036155, "recall": 0.8523611357538805, "f1-score": 0.8397267438314263, "support": 4000}, "weighted avg": {"precision": 0.8821207244977982, "recall": 0.8765, "f1-score": 0.8785728140220281, "support": 4000}}, "confusion-matrix": [[2711, 301], [193, 795]]}, "5": {"report": {"False": {"precision": 0.932937478169752, "recall": 0.8861977438619775, "f1-score": 0.9089671601157053, "support": 3014}, "True": {"precision": 0.6983289357959542, "recall": 0.8052738336713996, "f1-score": 0.7479981158737635, "support": 986}, "accuracy": 0.86625, "macro avg": {"precision": 0.8156332069828531, "recall": 0.8457357887666885, "f1-score": 0.8284826379947344, "support": 4000}, "weighted avg": {"precision": 0.8751064724746109, "recall": 0.86625, "f1-score": 0.8692882907100666, "support": 4000}}, "confusion-matrix": [[2671, 343], [192, 794]]}, "6": {"report": {"False": {"precision": 0.9271477663230241, "recall": 0.8948590381426202, "f1-score": 0.910717299578059, "support": 3015}, "True": {"precision": 0.7091743119266055, "recall": 0.7847715736040609, "f1-score": 0.7450602409638554, "support": 985}, "accuracy": 0.86775, "macro avg": {"precision": 0.8181610391248149, "recall": 0.8398153058733406, "f1-score": 0.8278887702709572, "support": 4000}, "weighted avg": {"precision": 0.873471803177906, "recall": 0.86775, "f1-score": 0.8699242488943114, "support": 4000}}, "confusion-matrix": [[2698, 317], [212, 773]]}, "7": {"report": {"False": {"precision": 0.9255094869992972, "recall": 0.8856758574310692, "f1-score": 0.9051546391752577, "support": 2974}, "True": {"precision": 0.7053726169844021, "recall": 0.7933723196881092, "f1-score": 0.7467889908256881, "support": 1026}, "accuracy": 0.862, "macro avg": {"precision": 0.8154410519918497, "recall": 0.8395240885595892, "f1-score": 0.8259718150004729, "support": 4000}, "weighted avg": {"precision": 0.8690443798404766, "recall": 0.862, "f1-score": 0.8645338503735932, "support": 4000}}, "confusion-matrix": [[2634, 340], [212, 814]]}, "8": {"report": {"False": {"precision": 0.9311568488289567, "recall": 0.8808324941255455, "f1-score": 0.9052958426772468, "support": 2979}, "True": {"precision": 0.6996615905245347, "recall": 0.8099902056807052, "f1-score": 0.7507943713118476, "support": 1021}, "accuracy": 0.86275, "macro avg": {"precision": 0.8154092196767457, "recall": 0.8454113499031254, "f1-score": 0.8280451069945471, "support": 4000}, "weighted avg": {"precision": 0.872067684146753, "recall": 0.86275, "f1-score": 0.8658593421112287, "support": 4000}}, "confusion-matrix": [[2624, 355], [194, 827]]}, "9": {"report": {"False": {"precision": 0.9246691550729556, "recall": 0.9053156146179402, "f1-score": 0.914890045324828, "support": 3010}, "True": {"precision": 0.7293447293447294, "recall": 0.7757575757575758, "f1-score": 0.7518355359765052, "support": 990}, "accuracy": 0.87325, "macro avg": {"precision": 0.8270069422088424, "recall": 0.8405365951877579, "f1-score": 0.8333627906506667, "support": 4000}, "weighted avg": {"precision": 0.8763263597052195, "recall": 0.87325, "f1-score": 0.8745340542611181, "support": 4000}}, "confusion-matrix": [[2725, 285], [222, 768]]}, "10": {"report": {"False": {"precision": 0.925642807505212, "recall": 0.886522462562396, "f1-score": 0.9056603773584905, "support": 3005}, "True": {"precision": 0.696078431372549, "recall": 0.7849246231155779, "f1-score": 0.7378365611714691, "support": 995}, "accuracy": 0.86125, "macro avg": {"precision": 0.8108606194388805, "recall": 0.8357235428389869, "f1-score": 0.8217484692649798, "support": 4000}, "weighted avg": {"precision": 0.8685386689422121, "recall": 0.86125, "f1-score": 0.863914203081969, "support": 4000}}, "confusion-matrix": [[2664, 341], [214, 781]]}}, "overall": {"report": {"False": {"precision": 0.9286757733097339, "recall": 0.8903452401750173, "f1-score": 0.9090822642497616, "support": 30000.0}, "True": {"precision": 0.7076178881140607, "recall": 0.794743855752574, "f1-score": 0.7485289346596133, "support": 10000.0}, "macro avg": {"precision": 0.8181468307118973, "recall": 0.8425445479637957, "f1-score": 0.8288055994546875, "support": 40000.0}, "weighted avg": {"precision": 0.8734002049997377, "recall": 0.866475, "f1-score": 0.8689522752364278, "support": 40000.0}, "accuracy": 0.866475}, "confusion-matrix": [[26711.0, 3289.0], [2052.0, 7948.0]]}}