{"features": "bow-emot", "classifier": "DecisionTreeClassifier", "folds": {"2": {"report": {"False": {"precision": 0.9062091503267974, "recall": 0.9197346600331675, "f1-score": 0.9129218106995884, "support": 3015}, "True": {"precision": 0.7425531914893617, "recall": 0.7086294416243655, "f1-score": 0.7251948051948053, "support": 985}, "accuracy": 0.86775, "macro avg": {"precision": 0.8243811709080795, "recall": 0.8141820508287665, "f1-score": 0.8190583079471969, "support": 4000}, "weighted avg": {"precision": 0.8659088704630789, "recall": 0.86775, "f1-score": 0.8666940355940356, "support": 4000}}, "confusion-matrix": [[2773, 242], [287, 698]]}, "4": {"report": {"False": {"precision": 0.9060773480662984, "recall": 0.9204357873885771, "f1-score": 0.9132001310186701, "support": 3029}, "True": {"precision": 0.7388949079089924, "recall": 0.7023686920700309, "f1-score": 0.7201689545934531, "support": 971}, "accuracy": 0.8675, "macro avg": {"precision": 0.8224861279876454, "recall": 0.811402239729304, "f1-score": 0.8166845428060616, "support": 4000}, "weighted avg": {"precision": 0.8654938107181124, "recall": 0.8675, "f1-score": 0.8663418129414486, "support": 4000}}, "confusion-matrix": [[2788, 241], [289, 682]]}, "9": {"report": {"False": {"precision": 0.8891432308698496, "recall": 0.9264054514480409, "f1-score": 0.9073919572834974, "support": 2935}, "True": {"precision": 0.7707006369426752, "recall": 0.6816901408450704, "f1-score": 0.7234678624813153, "support": 1065}, "accuracy": 0.86125, "macro avg": {"precision": 0.8299219339062625, "recall": 0.8040477961465556, "f1-score": 0.8154299098824064, "support": 4000}, "weighted avg": {"precision": 0.8576078902367394, "recall": 0.86125, "f1-score": 0.8584221670424165, "support": 4000}}, "confusion-matrix": [[2719, 216], [339, 726]]}, "1": {"report": {"False": {"precision": 0.9123323519790645, "recall": 0.9244282399734836, "f1-score": 0.9183404675666776, "support": 3017}, "True": {"precision": 0.7582184517497349, "recall": 0.7273652085452695, "f1-score": 0.7424714434060228, "support": 983}, "accuracy": 0.876, "macro avg": {"precision": 0.8352754018643997, "recall": 0.8258967242593765, "f1-score": 0.8304059554863502, "support": 4000}, "weighted avg": {"precision": 0.8744588609977068, "recall": 0.876, "f1-score": 0.8751206548791968, "support": 4000}}, "confusion-matrix": [[2789, 228], [268, 715]]}, "6": {"report": {"False": {"precision": 0.9063523248199084, "recall": 0.926992632283992, "f1-score": 0.9165562913907284, "support": 2986}, "True": {"precision": 0.7695560253699789, "recall": 0.717948717948718, "f1-score": 0.7428571428571429, "support": 1014}, "accuracy": 0.874, "macro avg": {"precision": 0.8379541750949436, "recall": 0.822470675116355, "f1-score": 0.8297067171239356, "support": 4000}, "weighted avg": {"precision": 0.8716744629093512, "recall": 0.874, "f1-score": 0.8725235572374644, "support": 4000}}, "confusion-matrix": [[2768, 218], [286, 728]]}, "5": {"report": {"False": {"precision": 0.8947194719471947, "recall": 0.9094263669909426, "f1-score": 0.9020129762102812, "support": 2981}, "True": {"precision": 0.7216494845360825, "recall": 0.6869479882237488, "f1-score": 0.7038712921065863, "support": 1019}, "accuracy": 0.85275, "macro avg": {"precision": 0.8081844782416385, "recall": 0.7981871776073457, "f1-score": 0.8029421341584337, "support": 4000}, "weighted avg": {"precision": 0.850629892654214, "recall": 0.85275, "f1-score": 0.8515363821848649, "support": 4000}}, "confusion-matrix": [[2711, 270], [319, 700]]}, "7": {"report": {"False": {"precision": 0.907037643207856, "recall": 0.9248998664886515, "f1-score": 0.9158816724508344, "support": 2996}, "True": {"precision": 0.7619047619047619, "recall": 0.7171314741035857, "f1-score": 0.7388404309902514, "support": 1004}, "accuracy": 0.87275, "macro avg": {"precision": 0.8344712025563089, "recall": 0.8210156702961187, "f1-score": 0.827361051720543, "support": 4000}, "weighted avg": {"precision": 0.8706092900007794, "recall": 0.87275, "f1-score": 0.8714443208442281, "support": 4000}}, "confusion-matrix": [[2771, 225], [284, 720]]}, "8": {"report": {"False": {"precision": 0.8947889182058048, "recall": 0.9079651941097724, "f1-score": 0.9013289036544851, "support": 2988}, "True": {"precision": 0.7159090909090909, "recall": 0.6847826086956522, "f1-score": 0.7000000000000001, "support": 1012}, "accuracy": 0.8515, "macro avg": {"precision": 0.8053490045574478, "recall": 0.7963739014027122, "f1-score": 0.8006644518272426, "support": 4000}, "weighted avg": {"precision": 0.8495323218997362, "recall": 0.8515, "f1-score": 0.8503926910299004, "support": 4000}}, "confusion-matrix": [[2713, 275], [319, 693]]}, "3": {"report": {"False": {"precision": 0.9016181229773462, "recall": 0.9146421536441235, "f1-score": 0.9080834419817472, "support": 3046}, "True": {"precision": 0.7142857142857143, "recall": 0.6813417190775681, "f1-score": 0.6974248927038627, "support": 954}, "accuracy": 0.859, "macro avg": {"precision": 0.8079519186315303, "recall": 0.7979919363608459, "f1-score": 0.8027541673428049, "support": 4000}, "weighted avg": {"precision": 0.856939343504392, "recall": 0.859, "f1-score": 0.8578413779789716, "support": 4000}}, "confusion-matrix": [[2786, 260], [304, 650]]}, "10": {"report": {"False": {"precision": 0.8993089832181639, "recall": 0.9088792816760891, "f1-score": 0.904068805822031, "support": 3007}, "True": {"precision": 0.7148803329864725, "recall": 0.6918429003021148, "f1-score": 0.7031729785056295, "support": 993}, "accuracy": 0.855, "macro avg": {"precision": 0.8070946581023182, "recall": 0.8003610909891019, "f1-score": 0.8036208921638303, "support": 4000}, "weighted avg": {"precision": 0.8535245707981465, "recall": 0.855, "f1-score": 0.8541964166907344, "support": 4000}}, "confusion-matrix": [[2733, 274], [306, 687]]}}, "overall": {"report": {"False": {"precision": 0.9017587545618284, "recall": 0.9183809634036841, "f1-score": 0.909978645807854, "support": 30000.0}, "True": {"precision": 0.7408552598082865, "recall": 0.7000048891436124, "f1-score": 0.7197469802839069, "support": 10000.0}, "macro avg": {"precision": 0.8213070071850573, "recall": 0.8091929262736481, "f1-score": 0.8148628130458805, "support": 40000.0}, "weighted avg": {"precision": 0.8616379314182255, "recall": 0.8637500000000001, "f1-score": 0.8624513416423263, "support": 40000.0}, "accuracy": 0.8637500000000001}, "confusion-matrix": [[27551.0, 2449.0], [3001.0, 6999.0]]}}