{"features": "bow-emot", "classifier": "DecisionTreeClassifier", "folds": {"2": {"report": {"False": {"precision": 0.8740888005301524, "recall": 0.8767032236623463, "f1-score": 0.8753940600630495, "support": 3009}, "True": {"precision": 0.6221995926680245, "recall": 0.6165489404641776, "f1-score": 0.619361378611252, "support": 991}, "accuracy": 0.81225, "macro avg": {"precision": 0.7481441965990885, "recall": 0.746626082063262, "f1-score": 0.7473777193371507, "support": 4000}, "weighted avg": {"precision": 0.8116832492823102, "recall": 0.81225, "f1-score": 0.8119619632333667, "support": 4000}}, "confusion-matrix": [[2638, 371], [380, 611]]}, "1": {"report": {"False": {"precision": 0.8716683119447186, "recall": 0.8868429862738534, "f1-score": 0.8791901759044142, "support": 2987}, "True": {"precision": 0.6482830385015609, "recall": 0.6150049358341559, "f1-score": 0.6312056737588653, "support": 1013}, "accuracy": 0.818, "macro avg": {"precision": 0.7599756752231397, "recall": 0.7509239610540046, "f1-score": 0.7551979248316397, "support": 4000}, "weighted avg": {"precision": 0.8150959914452389, "recall": 0.818, "f1-score": 0.816388100736054, "support": 4000}}, "confusion-matrix": [[2649, 338], [390, 623]]}, "4": {"report": {"False": {"precision": 0.8737704918032787, "recall": 0.8847941567065073, "f1-score": 0.8792477730122071, "support": 3012}, "True": {"precision": 0.6347368421052632, "recall": 0.6103238866396761, "f1-score": 0.6222910216718267, "support": 988}, "accuracy": 0.817, "macro avg": {"precision": 0.754253666954271, "recall": 0.7475590216730916, "f1-score": 0.7507693973420169, "support": 4000}, "weighted avg": {"precision": 0.8147291803278688, "recall": 0.817, "f1-score": 0.8157794554311332, "support": 4000}}, "confusion-matrix": [[2665, 347], [385, 603]]}, "3": {"report": {"False": {"precision": 0.8783649052841476, "recall": 0.8824707846410684, "f1-score": 0.8804130579613592, "support": 2995}, "True": {"precision": 0.644803229061554, "recall": 0.6358208955223881, "f1-score": 0.6402805611222445, "support": 1005}, "accuracy": 0.8205, "macro avg": {"precision": 0.7615840671728508, "recall": 0.7591458400817283, "f1-score": 0.7603468095418018, "support": 4000}, "weighted avg": {"precision": 0.8196825341332209, "recall": 0.8205, "f1-score": 0.8200797681305316, "support": 4000}}, "confusion-matrix": [[2643, 352], [366, 639]]}, "6": {"report": {"False": {"precision": 0.880650406504065, "recall": 0.8981757877280265, "f1-score": 0.8893267651888341, "support": 3015}, "True": {"precision": 0.6681081081081081, "recall": 0.6274111675126903, "f1-score": 0.6471204188481675, "support": 985}, "accuracy": 0.8315, "macro avg": {"precision": 0.7743792573060866, "recall": 0.7627934776203584, "f1-score": 0.7682235920185008, "support": 4000}, "weighted avg": {"precision": 0.8283118655240607, "recall": 0.8315, "f1-score": 0.8296834524024449, "support": 4000}}, "confusion-matrix": [[2708, 307], [367, 618]]}, "5": {"report": {"False": {"precision": 0.87865833607366, "recall": 0.8865295288652952, "f1-score": 0.8825763831544179, "support": 3014}, "True": {"precision": 0.643378519290928, "recall": 0.6257606490872211, "f1-score": 0.6344473007712081, "support": 986}, "accuracy": 0.82225, "macro avg": {"precision": 0.761018427682294, "recall": 0.7561450889762582, "f1-score": 0.758511841962813, "support": 4000}, "weighted avg": {"precision": 0.8206618612367166, "recall": 0.82225, "f1-score": 0.8214125643469568, "support": 4000}}, "confusion-matrix": [[2672, 342], [369, 617]]}, "7": {"report": {"False": {"precision": 0.8732347007397444, "recall": 0.8732347007397444, "f1-score": 0.8732347007397444, "support": 2974}, "True": {"precision": 0.6325536062378168, "recall": 0.6325536062378168, "f1-score": 0.6325536062378168, "support": 1026}, "accuracy": 0.8115, "macro avg": {"precision": 0.7528941534887805, "recall": 0.7528941534887805, "f1-score": 0.7528941534887805, "support": 4000}, "weighted avg": {"precision": 0.8115, "recall": 0.8115, "f1-score": 0.8115, "support": 4000}}, "confusion-matrix": [[2597, 377], [377, 649]]}, "9": {"report": {"False": {"precision": 0.8842070338420703, "recall": 0.8853820598006644, "f1-score": 0.8847941567065072, "support": 3010}, "True": {"precision": 0.6501014198782962, "recall": 0.6474747474747474, "f1-score": 0.6487854251012145, "support": 990}, "accuracy": 0.8265, "macro avg": {"precision": 0.7671542268601832, "recall": 0.7664284036377059, "f1-score": 0.7667897909038608, "support": 4000}, "weighted avg": {"precision": 0.8262658943860361, "recall": 0.8265, "f1-score": 0.8263819956341972, "support": 4000}}, "confusion-matrix": [[2665, 345], [349, 641]]}, "8": {"report": {"False": {"precision": 0.8719839142091153, "recall": 0.8734474655924807, "f1-score": 0.8727150763038738, "support": 2979}, "True": {"precision": 0.6289370078740157, "recall": 0.6258570029382958, "f1-score": 0.6273932253313698, "support": 1021}, "accuracy": 0.81025, "macro avg": {"precision": 0.7504604610415655, "recall": 0.7496522342653882, "f1-score": 0.7500541508176217, "support": 4000}, "weighted avg": {"precision": 0.809946191367081, "recall": 0.81025, "f1-score": 0.8100966738431422, "support": 4000}}, "confusion-matrix": [[2602, 377], [382, 639]]}, "10": {"report": {"False": {"precision": 0.8775781769793746, "recall": 0.8778702163061564, "f1-score": 0.8777241723506903, "support": 3005}, "True": {"precision": 0.630784708249497, "recall": 0.6301507537688442, "f1-score": 0.6304675716440421, "support": 995}, "accuracy": 0.81625, "macro avg": {"precision": 0.7541814426144358, "recall": 0.7540104850375002, "f1-score": 0.7540958719973663, "support": 4000}, "weighted avg": {"precision": 0.8161883016328174, "recall": 0.81625, "f1-score": 0.8162190929249116, "support": 4000}}, "confusion-matrix": [[2638, 367], [368, 627]]}}, "overall": {"report": {"False": {"precision": 0.8764205077910328, "recall": 0.8825450910316143, "f1-score": 0.8794616321385098, "support": 30000.0}, "True": {"precision": 0.6403886071975065, "recall": 0.6266906585480013, "f1-score": 0.6333906183098008, "support": 10000.0}, "macro avg": {"precision": 0.7584045574942695, "recall": 0.7546178747898078, "f1-score": 0.7564261252241552, "support": 40000.0}, "weighted avg": {"precision": 0.817406506933535, "recall": 0.8186, "f1-score": 0.8179503066682738, "support": 40000.0}, "accuracy": 0.8186}, "confusion-matrix": [[26477.0, 3523.0], [3733.0, 6267.0]]}}