{"features": "emot", "classifier": "SVC", "folds": {"1": {"report": {"False": {"precision": 0.7487424547283702, "recall": 0.9966521593572146, "f1-score": 0.8550911963234238, "support": 2987}, "True": {"precision": 0.5833333333333334, "recall": 0.013820335636722606, "f1-score": 0.027000964320154294, "support": 1013}, "accuracy": 0.74775, "macro avg": {"precision": 0.6660378940308518, "recall": 0.5052362474969686, "f1-score": 0.44104608032178905, "support": 4000}, "weighted avg": {"precision": 0.7068525947350772, "recall": 0.74775, "f1-score": 0.6453773450685958, "support": 4000}}, "confusion-matrix": [[2977, 10], [999, 14]]}, "2": {"report": {"False": {"precision": 0.7547169811320755, "recall": 0.9970089730807578, "f1-score": 0.859106529209622, "support": 3009}, "True": {"precision": 0.64, "recall": 0.016145307769929364, "f1-score": 0.031496062992125984, "support": 991}, "accuracy": 0.754, "macro avg": {"precision": 0.6973584905660377, "recall": 0.5065771404253435, "f1-score": 0.445301296100874, "support": 4000}, "weighted avg": {"precision": 0.7262958490566038, "recall": 0.754, "f1-score": 0.6540660362042374, "support": 4000}}, "confusion-matrix": [[3000, 9], [975, 16]]}, "3": {"report": {"False": {"precision": 0.7515090543259557, "recall": 0.9976627712854758, "f1-score": 0.857265815521446, "support": 2995}, "True": {"precision": 0.7083333333333334, "recall": 0.01691542288557214, "f1-score": 0.033041788143828965, "support": 1005}, "accuracy": 0.75125, "macro avg": {"precision": 0.7299211938296446, "recall": 0.5072890970855239, "f1-score": 0.4451538018326375, "support": 4000}, "weighted avg": {"precision": 0.7406611544265594, "recall": 0.75125, "f1-score": 0.6501795286428197, "support": 4000}}, "confusion-matrix": [[2988, 7], [988, 17]]}, "5": {"report": {"False": {"precision": 0.75673633845379, "recall": 0.9970139349701393, "f1-score": 0.8604151753758053, "support": 3014}, "True": {"precision": 0.6896551724137931, "recall": 0.02028397565922921, "f1-score": 0.03940886699507389, "support": 986}, "accuracy": 0.75625, "macro avg": {"precision": 0.7231957554337916, "recall": 0.5086489553146842, "f1-score": 0.44991202118543955, "support": 4000}, "weighted avg": {"precision": 0.7402008310249307, "recall": 0.75625, "f1-score": 0.6580371203599549, "support": 4000}}, "confusion-matrix": [[3005, 9], [966, 20]]}, "4": {"report": {"False": {"precision": 0.7552306528863121, "recall": 0.9946879150066401, "f1-score": 0.8585757271815445, "support": 3012}, "True": {"precision": 0.5151515151515151, "recall": 0.01720647773279352, "f1-score": 0.03330068560235064, "support": 988}, "accuracy": 0.75325, "macro avg": {"precision": 0.6351910840189137, "recall": 0.5059471963697169, "f1-score": 0.4459382063919476, "support": 4000}, "weighted avg": {"precision": 0.6959311058658172, "recall": 0.75325, "f1-score": 0.6547327919114837, "support": 4000}}, "confusion-matrix": [[2996, 16], [971, 17]]}, "7": {"report": {"False": {"precision": 0.7455413212760613, "recall": 0.9979825151311366, "f1-score": 0.8534867002156722, "support": 2974}, "True": {"precision": 0.6842105263157895, "recall": 0.012670565302144249, "f1-score": 0.024880382775119614, "support": 1026}, "accuracy": 0.74525, "macro avg": {"precision": 0.7148759237959255, "recall": 0.5053265402166404, "f1-score": 0.4391835414953959, "support": 4000}, "weighted avg": {"precision": 0.7298099723687516, "recall": 0.74525, "f1-score": 0.6409491797921704, "support": 4000}}, "confusion-matrix": [[2968, 6], [1013, 13]]}, "6": {"report": {"False": {"precision": 0.755533199195171, "recall": 0.996351575456053, "f1-score": 0.859390645115148, "support": 3015}, "True": {"precision": 0.5416666666666666, "recall": 0.013197969543147208, "f1-score": 0.02576808721506442, "support": 985}, "accuracy": 0.75425, "macro avg": {"precision": 0.6485999329309189, "recall": 0.5047747724996001, "f1-score": 0.4425793661651062, "support": 4000}, "weighted avg": {"precision": 0.7028685655600269, "recall": 0.75425, "f1-score": 0.6541110902322524, "support": 4000}}, "confusion-matrix": [[3004, 11], [972, 13]]}, "8": {"report": {"False": {"precision": 0.7467908381575635, "recall": 0.9959718026183283, "f1-score": 0.8535673187571922, "support": 2979}, "True": {"precision": 0.5555555555555556, "recall": 0.014691478942213516, "f1-score": 0.028625954198473278, "support": 1021}, "accuracy": 0.7455, "macro avg": {"precision": 0.6511731968565595, "recall": 0.5053316407802709, "f1-score": 0.4410966364778327, "support": 4000}, "weighted avg": {"precision": 0.697978032273401, "recall": 0.7455, "f1-score": 0.6430010354535791, "support": 4000}}, "confusion-matrix": [[2967, 12], [1006, 15]]}, "9": {"report": {"False": {"precision": 0.7541436464088398, "recall": 0.9976744186046511, "f1-score": 0.8589816933638443, "support": 3010}, "True": {"precision": 0.6111111111111112, "recall": 0.011111111111111112, "f1-score": 0.021825396825396828, "support": 990}, "accuracy": 0.7535, "macro avg": {"precision": 0.6826273787599755, "recall": 0.5043927648578811, "f1-score": 0.4404035450946206, "support": 4000}, "weighted avg": {"precision": 0.7187430939226519, "recall": 0.7535, "f1-score": 0.6517855099705786, "support": 4000}}, "confusion-matrix": [[3003, 7], [979, 11]]}, "10": {"report": {"False": {"precision": 0.7526368658965344, "recall": 0.9973377703826956, "f1-score": 0.8578789179905539, "support": 3005}, "True": {"precision": 0.5555555555555556, "recall": 0.010050251256281407, "f1-score": 0.019743336623889437, "support": 995}, "accuracy": 0.75175, "macro avg": {"precision": 0.6540962107260451, "recall": 0.5036940108194885, "f1-score": 0.43881112730722166, "support": 4000}, "weighted avg": {"precision": 0.703612889949216, "recall": 0.75175, "f1-score": 0.6493926921255961, "support": 4000}}, "confusion-matrix": [[2997, 8], [985, 10]]}}, "overall": {"report": {"False": {"precision": 0.7521581352460674, "recall": 0.9968343835893092, "f1-score": 0.8573759719054251, "support": 30000.0}, "True": {"precision": 0.6084572769436652, "recall": 0.014609289583914432, "f1-score": 0.028509152569147732, "support": 10000.0}, "macro avg": {"precision": 0.6803077060948663, "recall": 0.5057218365866119, "f1-score": 0.44294256223728645, "support": 40000.0}, "weighted avg": {"precision": 0.7162954089183036, "recall": 0.751275, "f1-score": 0.6501632329761268, "support": 40000.0}, "accuracy": 0.751275}, "confusion-matrix": [[29905.0, 95.0], [9854.0, 146.0]]}}