{"features": "emot", "classifier": "MultinomialNB", "folds": {"1": {"report": {"False": {"precision": 0.7494871794871795, "recall": 0.9785738198861734, "f1-score": 0.8488456512269493, "support": 2987}, "True": {"precision": 0.36, "recall": 0.035538005923000986, "f1-score": 0.06469002695417789, "support": 1013}, "accuracy": 0.73975, "macro avg": {"precision": 0.5547435897435897, "recall": 0.5070559129045872, "f1-score": 0.4567678390905636, "support": 4000}, "weighted avg": {"precision": 0.6508495512820512, "recall": 0.73975, "f1-score": 0.65025823937987, "support": 4000}}, "confusion-matrix": [[2923, 64], [977, 36]]}, "2": {"report": {"False": {"precision": 0.7586649550706034, "recall": 0.9820538384845464, "f1-score": 0.8560254924681345, "support": 3009}, "True": {"precision": 0.4857142857142857, "recall": 0.05146316851664985, "f1-score": 0.09306569343065693, "support": 991}, "accuracy": 0.7515, "macro avg": {"precision": 0.6221896203924445, "recall": 0.5167585035005982, "f1-score": 0.47454559294939574, "support": 4000}, "weighted avg": {"precision": 0.6910414267375756, "recall": 0.7515, "f1-score": 0.6670022022565995, "support": 4000}}, "confusion-matrix": [[2955, 54], [940, 51]]}, "3": {"report": {"False": {"precision": 0.7534633145202668, "recall": 0.9806343906510852, "f1-score": 0.8521688669664877, "support": 2995}, "True": {"precision": 0.43137254901960786, "recall": 0.04378109452736319, "f1-score": 0.07949412827461608, "support": 1005}, "accuracy": 0.74525, "macro avg": {"precision": 0.5924179317699374, "recall": 0.5122077425892242, "f1-score": 0.4658314976205519, "support": 4000}, "weighted avg": {"precision": 0.6725380096882262, "recall": 0.74525, "f1-score": 0.6580343388701551, "support": 4000}}, "confusion-matrix": [[2937, 58], [961, 44]]}, "4": {"report": {"False": {"precision": 0.7578005115089514, "recall": 0.9837317397078353, "f1-score": 0.8561109505923145, "support": 3012}, "True": {"precision": 0.45555555555555555, "recall": 0.04149797570850203, "f1-score": 0.07606679035250463, "support": 988}, "accuracy": 0.751, "macro avg": {"precision": 0.6066780335322535, "recall": 0.5126148577081687, "f1-score": 0.46608887047240954, "support": 4000}, "weighted avg": {"precision": 0.6831460073884627, "recall": 0.751, "f1-score": 0.6634400430130815, "support": 4000}}, "confusion-matrix": [[2963, 49], [947, 41]]}, "5": {"report": {"False": {"precision": 0.7576765609007164, "recall": 0.982415394824154, "f1-score": 0.8555330829240103, "support": 3014}, "True": {"precision": 0.42391304347826086, "recall": 0.03955375253549696, "f1-score": 0.07235621521335805, "support": 986}, "accuracy": 0.75, "macro avg": {"precision": 0.5907948021894887, "recall": 0.5109845736798254, "f1-score": 0.46394464906868416, "support": 4000}, "weighted avg": {"precision": 0.6754038538560811, "recall": 0.75, "f1-score": 0.6624799850333345, "support": 4000}}, "confusion-matrix": [[2961, 53], [947, 39]]}, "6": {"report": {"False": {"precision": 0.7588145120081757, "recall": 0.9850746268656716, "f1-score": 0.8572665608312887, "support": 3015}, "True": {"precision": 0.47674418604651164, "recall": 0.0416243654822335, "f1-score": 0.07656395891690009, "support": 985}, "accuracy": 0.75275, "macro avg": {"precision": 0.6177793490273437, "recall": 0.5133494961739525, "f1-score": 0.4669152598740944, "support": 4000}, "weighted avg": {"precision": 0.689354694240116, "recall": 0.75275, "f1-score": 0.6650185451098705, "support": 4000}}, "confusion-matrix": [[2970, 45], [944, 41]]}, "7": {"report": {"False": {"precision": 0.7497433264887063, "recall": 0.9821788836583726, "f1-score": 0.8503639010189229, "support": 2974}, "True": {"precision": 0.49038461538461536, "recall": 0.049707602339181284, "f1-score": 0.0902654867256637, "support": 1026}, "accuracy": 0.743, "macro avg": {"precision": 0.6200639709366609, "recall": 0.5159432429987769, "f1-score": 0.4703146938722933, "support": 4000}, "weighted avg": {"precision": 0.683217817090507, "recall": 0.743, "f1-score": 0.655398657752702, "support": 4000}}, "confusion-matrix": [[2921, 53], [975, 51]]}, "8": {"report": {"False": {"precision": 0.7486409526274916, "recall": 0.9707955689828801, "f1-score": 0.84536685179772, "support": 2979}, "True": {"precision": 0.36496350364963503, "recall": 0.04897159647404505, "f1-score": 0.08635578583765112, "support": 1021}, "accuracy": 0.7355, "macro avg": {"precision": 0.5568022281385634, "recall": 0.5098835827284626, "f1-score": 0.46586131881768555, "support": 4000}, "weighted avg": {"precision": 0.6507072837758937, "recall": 0.7355, "f1-score": 0.6516292772114125, "support": 4000}}, "confusion-matrix": [[2892, 87], [971, 50]]}, "9": {"report": {"False": {"precision": 0.7565418163160595, "recall": 0.979734219269103, "f1-score": 0.8537927041111755, "support": 3010}, "True": {"precision": 0.4019607843137255, "recall": 0.04141414141414142, "f1-score": 0.0750915750915751, "support": 990}, "accuracy": 0.7475, "macro avg": {"precision": 0.5792513003148925, "recall": 0.5105741803416222, "f1-score": 0.46444213960137526, "support": 4000}, "weighted avg": {"precision": 0.6687830108954819, "recall": 0.7475, "f1-score": 0.6610641746788244, "support": 4000}}, "confusion-matrix": [[2949, 61], [949, 41]]}, "10": {"report": {"False": {"precision": 0.7557095201437003, "recall": 0.9800332778702163, "f1-score": 0.8533758330918575, "support": 3005}, "True": {"precision": 0.4174757281553398, "recall": 0.04321608040201005, "f1-score": 0.07832422586520947, "support": 995}, "accuracy": 0.747, "macro avg": {"precision": 0.5865926241495201, "recall": 0.5116246791361132, "f1-score": 0.4658500294785335, "support": 4000}, "weighted avg": {"precision": 0.6715738643865957, "recall": 0.747, "f1-score": 0.6605817457942288, "support": 4000}}, "confusion-matrix": [[2945, 60], [952, 43]]}}, "overall": {"report": {"False": {"precision": 0.7546542649071851, "recall": 0.9805225760200038, "f1-score": 0.8528849895028863, "support": 30000.0}, "True": {"precision": 0.43080842513175377, "recall": 0.043676778332262425, "f1-score": 0.07922738866623132, "support": 10000.0}, "macro avg": {"precision": 0.5927313450194694, "recall": 0.5120996771761331, "f1-score": 0.4660561890845587, "support": 40000.0}, "weighted avg": {"precision": 0.6736615519340992, "recall": 0.746325, "f1-score": 0.6594907209100078, "support": 40000.0}, "accuracy": 0.746325}, "confusion-matrix": [[29416.0, 584.0], [9563.0, 437.0]]}}