{
    "overall": {
        "report": {
            "accuracy": 0.74535,
            "False": {
                "precision": 0.7586823519861113,
                "recall": 0.9685333333333334,
                "f1-score": 0.8508579765445823,
                "support": 3000.0
            },
            "True": {
                "precision": 0.4460859944223238,
                "recall": 0.07579999999999999,
                "f1-score": 0.12950918584027232,
                "support": 1000.0
            },
            "weighted avg": {
                "precision": 0.6805332625951646,
                "recall": 0.7453500000000001,
                "f1-score": 0.6705207788685048,
                "support": 4000.0
            }
        },
        "confusion-matrix": [
            [
                2905.6,
                94.4
            ],
            [
                924.2,
                75.8
            ]
        ]
    },
    "features": "emot",
    "classifier": "BayesianNetworks"
}