{"features": "emot", "classifier": "DecisionTreeClassifier", "folds": {"1": {"report": {"False": {"precision": 0.7659457979742678, "recall": 0.9367258118513558, "f1-score": 0.8427710843373494, "support": 2987}, "True": {"precision": 0.4553314121037464, "recall": 0.15597235932872655, "f1-score": 0.23235294117647057, "support": 1013}, "accuracy": 0.739, "macro avg": {"precision": 0.6106386050390071, "recall": 0.5463490855900413, "f1-score": 0.53756201275691, "support": 4000}, "weighted avg": {"precision": 0.6872827047525583, "recall": 0.739, "f1-score": 0.6881826895818568, "support": 4000}}, "confusion-matrix": [[2798, 189], [855, 158]]}, "2": {"report": {"False": {"precision": 0.7692934782608696, "recall": 0.940844134263875, "f1-score": 0.8464643444461055, "support": 3009}, "True": {"precision": 0.44375, "recall": 0.1432896064581231, "f1-score": 0.21662852784134246, "support": 991}, "accuracy": 0.74325, "macro avg": {"precision": 0.6065217391304347, "recall": 0.5420668703609991, "f1-score": 0.531546436143724, "support": 4000}, "weighted avg": {"precision": 0.6886400815217392, "recall": 0.74325, "f1-score": 0.6904225208822754, "support": 4000}}, "confusion-matrix": [[2831, 178], [849, 142]]}, "3": {"report": {"False": {"precision": 0.7709923664122137, "recall": 0.9442404006677796, "f1-score": 0.8488668767822303, "support": 2995}, "True": {"precision": 0.49698795180722893, "recall": 0.16417910447761194, "f1-score": 0.24682124158563953, "support": 1005}, "accuracy": 0.74825, "macro avg": {"precision": 0.6339901591097213, "recall": 0.5542097525726958, "f1-score": 0.5478440591839349, "support": 4000}, "weighted avg": {"precision": 0.7021487572427112, "recall": 0.74825, "f1-score": 0.6976029109390869, "support": 4000}}, "confusion-matrix": [[2828, 167], [840, 165]]}, "4": {"report": {"False": {"precision": 0.7696887686062246, "recall": 0.9442231075697212, "f1-score": 0.8480691814522141, "support": 3012}, "True": {"precision": 0.4491803278688525, "recall": 0.13866396761133604, "f1-score": 0.2119102861562258, "support": 988}, "accuracy": 0.74525, "macro avg": {"precision": 0.6094345482375385, "recall": 0.5414435375905287, "f1-score": 0.52998973380422, "support": 4000}, "weighted avg": {"precision": 0.6905231837440937, "recall": 0.74525, "f1-score": 0.690937934314105, "support": 4000}}, "confusion-matrix": [[2844, 168], [851, 137]]}, "5": {"report": {"False": {"precision": 0.770617149098853, "recall": 0.9362972793629728, "f1-score": 0.8454164170161773, "support": 3014}, "True": {"precision": 0.4319526627218935, "recall": 0.14807302231237324, "f1-score": 0.2205438066465257, "support": 986}, "accuracy": 0.742, "macro avg": {"precision": 0.6012849059103733, "recall": 0.542185150837673, "f1-score": 0.5329801118313515, "support": 4000}, "weighted avg": {"precision": 0.6871363532069324, "recall": 0.742, "f1-score": 0.6913853185600581, "support": 4000}}, "confusion-matrix": [[2822, 192], [840, 146]]}, "6": {"report": {"False": {"precision": 0.7733114574788078, "recall": 0.9379767827529022, "f1-score": 0.8477218225419665, "support": 3015}, "True": {"precision": 0.45481049562682213, "recall": 0.15837563451776648, "f1-score": 0.23493975903614456, "support": 985}, "accuracy": 0.746, "macro avg": {"precision": 0.614060976552815, "recall": 0.5481762086353343, "f1-score": 0.5413307907890555, "support": 4000}, "weighted avg": {"precision": 0.6948805956227564, "recall": 0.746, "f1-score": 0.6968242394036579, "support": 4000}}, "confusion-matrix": [[2828, 187], [829, 156]]}, "7": {"report": {"False": {"precision": 0.7621240856136549, "recall": 0.9458641560188299, "f1-score": 0.8441110277569392, "support": 2974}, "True": {"precision": 0.47896440129449835, "recall": 0.1442495126705653, "f1-score": 0.22172284644194756, "support": 1026}, "accuracy": 0.74025, "macro avg": {"precision": 0.6205442434540767, "recall": 0.5450568343446975, "f1-score": 0.5329169370994434, "support": 4000}, "weighted avg": {"precision": 0.6894936265857912, "recall": 0.74025, "f1-score": 0.6844684592496438, "support": 4000}}, "confusion-matrix": [[2813, 161], [878, 148]]}, "8": {"report": {"False": {"precision": 0.7627677100494233, "recall": 0.932527693856999, "f1-score": 0.8391481649297688, "support": 2979}, "True": {"precision": 0.43854748603351956, "recall": 0.15377081292850148, "f1-score": 0.22770123277737492, "support": 1021}, "accuracy": 0.73375, "macro avg": {"precision": 0.6006575980414715, "recall": 0.5431492533927502, "f1-score": 0.5334246988535719, "support": 4000}, "weighted avg": {"precision": 0.680010497869364, "recall": 0.73375, "f1-score": 0.6830763354978702, "support": 4000}}, "confusion-matrix": [[2778, 201], [864, 157]]}, "9": {"report": {"False": {"precision": 0.7760660247592848, "recall": 0.9372093023255814, "f1-score": 0.8490594431903687, "support": 3010}, "True": {"precision": 0.4821917808219178, "recall": 0.17777777777777778, "f1-score": 0.25977859778597784, "support": 990}, "accuracy": 0.74925, "macro avg": {"precision": 0.6291289027906013, "recall": 0.5574935400516796, "f1-score": 0.5544190204881733, "support": 4000}, "weighted avg": {"precision": 0.7033321493847865, "recall": 0.74925, "f1-score": 0.703212433952782, "support": 4000}}, "confusion-matrix": [[2821, 189], [814, 176]]}, "10": {"report": {"False": {"precision": 0.7760044028618602, "recall": 0.9384359400998337, "f1-score": 0.849525530953457, "support": 3005}, "True": {"precision": 0.49453551912568305, "recall": 0.18190954773869347, "f1-score": 0.2659808963997061, "support": 995}, "accuracy": 0.75025, "macro avg": {"precision": 0.6352699609937716, "recall": 0.5601727439192635, "f1-score": 0.5577532136765815, "support": 4000}, "weighted avg": {"precision": 0.7059890180324863, "recall": 0.75025, "f1-score": 0.7043688031082114, "support": 4000}}, "confusion-matrix": [[2820, 185], [814, 181]]}}, "overall": {"report": {"False": {"precision": 0.7696811241115459, "recall": 0.9394344608769849, "f1-score": 0.8461153893406577, "support": 30000.0}, "True": {"precision": 0.46262520374041616, "recall": 0.15662613458214752, "f1-score": 0.23383801358473547, "support": 10000.0}, "macro avg": {"precision": 0.6161531639259812, "recall": 0.5480302977295664, "f1-score": 0.5399767014626965, "support": 40000.0}, "weighted avg": {"precision": 0.692943696796322, "recall": 0.743725, "f1-score": 0.6930481645489548, "support": 40000.0}, "accuracy": 0.743725}, "confusion-matrix": [[28183.0, 1817.0], [8434.0, 1566.0]]}}