{"features": "pos", "classifier": "SVC", "folds": {"1": {"report": {"False": {"precision": 0.7783711615487316, "recall": 0.9758955473719451, "f1-score": 0.8660130718954249, "support": 2987}, "True": {"precision": 0.7176470588235294, "recall": 0.18065153010858837, "f1-score": 0.28864353312302843, "support": 1013}, "accuracy": 0.7745, "macro avg": {"precision": 0.7480091101861306, "recall": 0.5782735387402667, "f1-score": 0.5773283025092266, "support": 4000}, "weighted avg": {"precision": 0.7629927825335742, "recall": 0.7745, "f1-score": 0.7197942362013154, "support": 4000}}, "confusion-matrix": [[2915, 72], [830, 183]]}, "2": {"report": {"False": {"precision": 0.7816582244734738, "recall": 0.9744101030242606, "f1-score": 0.8674556213017752, "support": 3009}, "True": {"precision": 0.6907630522088354, "recall": 0.17356205852674067, "f1-score": 0.27741935483870966, "support": 991}, "accuracy": 0.776, "macro avg": {"precision": 0.7362106383411546, "recall": 0.5739860807755006, "f1-score": 0.5724374880702424, "support": 4000}, "weighted avg": {"precision": 0.7591389455449096, "recall": 0.776, "f1-score": 0.7212741362855507, "support": 4000}}, "confusion-matrix": [[2932, 77], [819, 172]]}, "3": {"report": {"False": {"precision": 0.7814266487213998, "recall": 0.9692821368948247, "f1-score": 0.8652757078986587, "support": 2995}, "True": {"precision": 0.6771929824561403, "recall": 0.19203980099502488, "f1-score": 0.2992248062015504, "support": 1005}, "accuracy": 0.774, "macro avg": {"precision": 0.7293098155887701, "recall": 0.5806609689449248, "f1-score": 0.5822502570501046, "support": 4000}, "weighted avg": {"precision": 0.7552379400722534, "recall": 0.774, "f1-score": 0.7230554188472603, "support": 4000}}, "confusion-matrix": [[2903, 92], [812, 193]]}, "4": {"report": {"False": {"precision": 0.7866131191432396, "recall": 0.9754316069057105, "f1-score": 0.8709055876685935, "support": 3012}, "True": {"precision": 0.720754716981132, "recall": 0.19331983805668015, "f1-score": 0.3048683160415004, "support": 988}, "accuracy": 0.78225, "macro avg": {"precision": 0.7536839180621858, "recall": 0.5843757224811953, "f1-score": 0.5878869518550469, "support": 4000}, "weighted avg": {"precision": 0.7703460938091989, "recall": 0.78225, "f1-score": 0.7310943815767015, "support": 4000}}, "confusion-matrix": [[2938, 74], [797, 191]]}, "5": {"report": {"False": {"precision": 0.786271870794078, "recall": 0.96914399469144, "f1-score": 0.868182493684054, "support": 3014}, "True": {"precision": 0.6736842105263158, "recall": 0.1947261663286004, "f1-score": 0.3021243115656963, "support": 986}, "accuracy": 0.77825, "macro avg": {"precision": 0.7299780406601969, "recall": 0.5819350805100202, "f1-score": 0.5851534026248751, "support": 4000}, "weighted avg": {"precision": 0.7585190125380746, "recall": 0.77825, "f1-score": 0.7286491517918788, "support": 4000}}, "confusion-matrix": [[2921, 93], [794, 192]]}, "6": {"report": {"False": {"precision": 0.7858678130037614, "recall": 0.9701492537313433, "f1-score": 0.8683390233041414, "support": 3015}, "True": {"precision": 0.6762589928057554, "recall": 0.19086294416243654, "f1-score": 0.2977038796516231, "support": 985}, "accuracy": 0.77825, "macro avg": {"precision": 0.7310634029047585, "recall": 0.58050609894689, "f1-score": 0.5830214514778822, "support": 4000}, "weighted avg": {"precision": 0.7588766410300025, "recall": 0.77825, "f1-score": 0.7278201191797088, "support": 4000}}, "confusion-matrix": [[2925, 90], [797, 188]]}, "7": {"report": {"False": {"precision": 0.7742879957412829, "recall": 0.9781439139206456, "f1-score": 0.8643589362650423, "support": 2974}, "True": {"precision": 0.7325102880658436, "recall": 0.17348927875243664, "f1-score": 0.28053585500394007, "support": 1026}, "accuracy": 0.77175, "macro avg": {"precision": 0.7533991419035633, "recall": 0.5758165963365411, "f1-score": 0.5724473956344912, "support": 4000}, "weighted avg": {"precision": 0.7635720137225328, "recall": 0.77175, "f1-score": 0.7146083159215697, "support": 4000}}, "confusion-matrix": [[2909, 65], [848, 178]]}, "8": {"report": {"False": {"precision": 0.7744198596869941, "recall": 0.9634105404498153, "f1-score": 0.8586387434554974, "support": 2979}, "True": {"precision": 0.6292517006802721, "recall": 0.1811949069539667, "f1-score": 0.2813688212927757, "support": 1021}, "accuracy": 0.76375, "macro avg": {"precision": 0.7018357801836331, "recall": 0.5723027237018911, "f1-score": 0.5700037823741365, "support": 4000}, "weighted avg": {"precision": 0.7373656871005283, "recall": 0.76375, "f1-score": 0.7112905958234627, "support": 4000}}, "confusion-matrix": [[2870, 109], [836, 185]]}, "10": {"report": {"False": {"precision": 0.7806970509383379, "recall": 0.9690515806988352, "f1-score": 0.8647364513734225, "support": 3005}, "True": {"precision": 0.6555555555555556, "recall": 0.17788944723618091, "f1-score": 0.2798418972332016, "support": 995}, "accuracy": 0.77225, "macro avg": {"precision": 0.7181263032469467, "recall": 0.573470513967508, "f1-score": 0.572289174303312, "support": 4000}, "weighted avg": {"precision": 0.7495681039618708, "recall": 0.77225, "f1-score": 0.7192439310310426, "support": 4000}}, "confusion-matrix": [[2912, 93], [818, 177]]}, "9": {"report": {"False": {"precision": 0.7817258883248731, "recall": 0.9720930232558139, "f1-score": 0.8665778172664, "support": 3010}, "True": {"precision": 0.6731517509727627, "recall": 0.17474747474747473, "f1-score": 0.2774659182036888, "support": 990}, "accuracy": 0.77475, "macro avg": {"precision": 0.727438819648818, "recall": 0.5734202490016443, "f1-score": 0.5720218677350444, "support": 4000}, "weighted avg": {"precision": 0.7548537893302257, "recall": 0.77475, "f1-score": 0.7207726222483791, "support": 4000}}, "confusion-matrix": [[2926, 84], [817, 173]]}}, "overall": {"report": {"False": {"precision": 0.7811339632376172, "recall": 0.9717011700944636, "f1-score": 0.8660483454113009, "support": 30000.0}, "True": {"precision": 0.6846770309076143, "recall": 0.183248344586813, "f1-score": 0.28891966931557145, "support": 10000.0}, "macro avg": {"precision": 0.7329054970726159, "recall": 0.5774747573406382, "f1-score": 0.5774840073634361, "support": 40000.0}, "weighted avg": {"precision": 0.7570471009643172, "recall": 0.774575, "f1-score": 0.721760290890687, "support": 40000.0}, "accuracy": 0.774575}, "confusion-matrix": [[29151.0, 849.0], [8168.0, 1832.0]]}}