{"features": "pos", "classifier": "DecisionTreeClassifier", "folds": {"1": {"report": {"False": {"precision": 0.8234523419587291, "recall": 0.8416471375962504, "f1-score": 0.8324503311258278, "support": 2987}, "True": {"precision": 0.5005279831045406, "recall": 0.46791707798617965, "f1-score": 0.4836734693877551, "support": 1013}, "accuracy": 0.747, "macro avg": {"precision": 0.6619901625316349, "recall": 0.654782107791215, "f1-score": 0.6580619002567915, "support": 4000}, "weighted avg": {"precision": 0.7416717480789058, "recall": 0.747, "f1-score": 0.7441225908906608, "support": 4000}}, "confusion-matrix": [[2514, 473], [539, 474]]}, "2": {"report": {"False": {"precision": 0.8224833280406478, "recall": 0.8607510800930541, "f1-score": 0.8411822020136408, "support": 3009}, "True": {"precision": 0.5076380728554641, "recall": 0.43592330978809285, "f1-score": 0.4690553745928339, "support": 991}, "accuracy": 0.7555, "macro avg": {"precision": 0.665060700448056, "recall": 0.6483371949405735, "f1-score": 0.6551187883032373, "support": 4000}, "weighted avg": {"precision": 0.7444804160685186, "recall": 0.7555, "f1-score": 0.7489877805201358, "support": 4000}}, "confusion-matrix": [[2590, 419], [559, 432]]}, "3": {"report": {"False": {"precision": 0.8215102974828375, "recall": 0.8390651085141904, "f1-score": 0.8301949124545756, "support": 2995}, "True": {"precision": 0.487778958554729, "recall": 0.45671641791044776, "f1-score": 0.47173689619732784, "support": 1005}, "accuracy": 0.743, "macro avg": {"precision": 0.6546446280187833, "recall": 0.6478907632123191, "f1-score": 0.6509659043259517, "support": 4000}, "weighted avg": {"precision": 0.7376602985771502, "recall": 0.743, "f1-score": 0.7401323358699421, "support": 4000}}, "confusion-matrix": [[2513, 482], [546, 459]]}, "4": {"report": {"False": {"precision": 0.8232484076433121, "recall": 0.8582337317397079, "f1-score": 0.8403771131339403, "support": 3012}, "True": {"precision": 0.5034883720930232, "recall": 0.4382591093117409, "f1-score": 0.4686147186147186, "support": 988}, "accuracy": 0.7545, "macro avg": {"precision": 0.6633683898681677, "recall": 0.6482464205257243, "f1-score": 0.6544959158743294, "support": 4000}, "weighted avg": {"precision": 0.7442676788623908, "recall": 0.7545, "f1-score": 0.7485518016876924, "support": 4000}}, "confusion-matrix": [[2585, 427], [555, 433]]}, "5": {"report": {"False": {"precision": 0.8198517563648082, "recall": 0.8440610484406105, "f1-score": 0.8317802844531634, "support": 3014}, "True": {"precision": 0.4760312151616499, "recall": 0.4330628803245436, "f1-score": 0.45353159851301117, "support": 986}, "accuracy": 0.74275, "macro avg": {"precision": 0.6479414857632291, "recall": 0.6385619643825771, "f1-score": 0.6426559414830872, "support": 4000}, "weighted avg": {"precision": 0.7350999929582297, "recall": 0.74275, "f1-score": 0.7385419833689159, "support": 4000}}, "confusion-matrix": [[2544, 470], [559, 427]]}, "6": {"report": {"False": {"precision": 0.8282368249837345, "recall": 0.8444444444444444, "f1-score": 0.8362621120052554, "support": 3015}, "True": {"precision": 0.49352051835853133, "recall": 0.4639593908629442, "f1-score": 0.478283621140764, "support": 985}, "accuracy": 0.75075, "macro avg": {"precision": 0.6608786716711329, "recall": 0.6542019176536943, "f1-score": 0.6572728665730097, "support": 4000}, "weighted avg": {"precision": 0.7458129344772783, "recall": 0.75075, "f1-score": 0.7481099086298744, "support": 4000}}, "confusion-matrix": [[2546, 469], [528, 457]]}, "7": {"report": {"False": {"precision": 0.823069403714565, "recall": 0.8493611297915266, "f1-score": 0.8360086049975177, "support": 2974}, "True": {"precision": 0.518796992481203, "recall": 0.47076023391812866, "f1-score": 0.49361267245784357, "support": 1026}, "accuracy": 0.75225, "macro avg": {"precision": 0.6709331980978841, "recall": 0.6600606818548276, "f1-score": 0.6648106387276806, "support": 4000}, "weighted avg": {"precision": 0.7450235302332077, "recall": 0.75225, "f1-score": 0.7481840483010912, "support": 4000}}, "confusion-matrix": [[2526, 448], [543, 483]]}, "8": {"report": {"False": {"precision": 0.8186274509803921, "recall": 0.8408862034239678, "f1-score": 0.8296075509190262, "support": 2979}, "True": {"precision": 0.4957446808510638, "recall": 0.4564152791380999, "f1-score": 0.47526772055073946, "support": 1021}, "accuracy": 0.74275, "macro avg": {"precision": 0.657186065915728, "recall": 0.6486507412810338, "f1-score": 0.6524376357348828, "support": 4000}, "weighted avg": {"precision": 0.736211623904881, "recall": 0.74275, "f1-score": 0.7391623092175209, "support": 4000}}, "confusion-matrix": [[2505, 474], [555, 466]]}, "9": {"report": {"False": {"precision": 0.8233766233766234, "recall": 0.8425249169435216, "f1-score": 0.8328407224958949, "support": 3010}, "True": {"precision": 0.48478260869565215, "recall": 0.4505050505050505, "f1-score": 0.46701570680628274, "support": 990}, "accuracy": 0.7455, "macro avg": {"precision": 0.6540796160361377, "recall": 0.6465149837242861, "f1-score": 0.6499282146510889, "support": 4000}, "weighted avg": {"precision": 0.739574604743083, "recall": 0.7455, "f1-score": 0.742299031112716, "support": 4000}}, "confusion-matrix": [[2536, 474], [544, 446]]}, "10": {"report": {"False": {"precision": 0.8268156424581006, "recall": 0.8372712146422628, "f1-score": 0.8320105820105821, "support": 3005}, "True": {"precision": 0.4890282131661442, "recall": 0.47035175879396984, "f1-score": 0.4795081967213115, "support": 995}, "accuracy": 0.746, "macro avg": {"precision": 0.6579219278121224, "recall": 0.6538114867181164, "f1-score": 0.6557593893659468, "support": 4000}, "weighted avg": {"precision": 0.7427910194217264, "recall": 0.746, "f1-score": 0.744325613669876, "support": 4000}}, "confusion-matrix": [[2516, 489], [527, 468]]}}, "overall": {"report": {"False": {"precision": 0.8230672077003749, "recall": 0.8458246015629536, "f1-score": 0.8342714415609424, "support": 30000.0}, "True": {"precision": 0.4957337615322001, "recall": 0.4543870508539197, "f1-score": 0.47402999749825875, "support": 10000.0}, "macro avg": {"precision": 0.6594004846162876, "recall": 0.6501058262084367, "f1-score": 0.6541507195296006, "support": 40000.0}, "weighted avg": {"precision": 0.7412593847325372, "recall": 0.748, "f1-score": 0.7442417403268424, "support": 40000.0}, "accuracy": 0.748}, "confusion-matrix": [[25375.0, 4625.0], [5455.0, 4545.0]]}}