{"features": "pos", "classifier": "MultinomialNB", "folds": {"1": {"report": {"False": {"precision": 0.7831603229527105, "recall": 0.9092735185805155, "f1-score": 0.8415182029434547, "support": 2987}, "True": {"precision": 0.4906015037593985, "recall": 0.25765054294175715, "f1-score": 0.3378640776699029, "support": 1013}, "accuracy": 0.74425, "macro avg": {"precision": 0.6368809133560545, "recall": 0.5834620307611363, "f1-score": 0.5896911403066788, "support": 4000}, "weighted avg": {"precision": 0.7090698019920043, "recall": 0.74425, "f1-score": 0.7139677957179277, "support": 4000}}, "confusion-matrix": [[2716, 271], [752, 261]]}, "2": {"report": {"False": {"precision": 0.786735277301315, "recall": 0.9145895646394151, "f1-score": 0.8458583064392192, "support": 3009}, "True": {"precision": 0.48804780876494025, "recall": 0.2472250252270434, "f1-score": 0.3281982585398527, "support": 991}, "accuracy": 0.74925, "macro avg": {"precision": 0.6373915430331276, "recall": 0.5809072949332292, "f1-score": 0.587028282489536, "support": 4000}, "weighted avg": {"precision": 0.7127354569714281, "recall": 0.74925, "f1-score": 0.7176080295721512, "support": 4000}}, "confusion-matrix": [[2752, 257], [746, 245]]}, "3": {"report": {"False": {"precision": 0.7889881810319977, "recall": 0.9138564273789649, "f1-score": 0.8468440594059405, "support": 2995}, "True": {"precision": 0.5141242937853108, "recall": 0.2716417910447761, "f1-score": 0.35546874999999994, "support": 1005}, "accuracy": 0.7525, "macro avg": {"precision": 0.6515562374086543, "recall": 0.5927491092118705, "f1-score": 0.6011564047029703, "support": 4000}, "weighted avg": {"precision": 0.7199286293612677, "recall": 0.7525, "f1-score": 0.7233860129176979, "support": 4000}}, "confusion-matrix": [[2737, 258], [732, 273]]}, "4": {"report": {"False": {"precision": 0.7873971047402781, "recall": 0.9209827357237715, "f1-score": 0.8489671002295331, "support": 3012}, "True": {"precision": 0.5010482180293501, "recall": 0.24190283400809717, "f1-score": 0.3262798634812286, "support": 988}, "accuracy": 0.75325, "macro avg": {"precision": 0.6442226613848141, "recall": 0.5814427848659344, "f1-score": 0.5876234818553809, "support": 4000}, "weighted avg": {"precision": 0.7166689297226789, "recall": 0.75325, "f1-score": 0.719863352752702, "support": 4000}}, "confusion-matrix": [[2774, 238], [749, 239]]}, "5": {"report": {"False": {"precision": 0.7933932193567081, "recall": 0.9084273390842734, "f1-score": 0.8470224284609436, "support": 3014}, "True": {"precision": 0.4972677595628415, "recall": 0.2768762677484787, "f1-score": 0.355700325732899, "support": 986}, "accuracy": 0.75275, "macro avg": {"precision": 0.6453304894597749, "recall": 0.592651803416376, "f1-score": 0.6013613770969213, "support": 4000}, "weighted avg": {"precision": 0.72039829351752, "recall": 0.75275, "f1-score": 0.7259115301384806, "support": 4000}}, "confusion-matrix": [[2738, 276], [713, 273]]}, "6": {"report": {"False": {"precision": 0.7877385772122614, "recall": 0.9034825870646767, "f1-score": 0.8416499304804573, "support": 3015}, "True": {"precision": 0.46309963099630996, "recall": 0.2548223350253807, "f1-score": 0.32874918140144077, "support": 985}, "accuracy": 0.74375, "macro avg": {"precision": 0.6254191041042857, "recall": 0.5791524610450287, "f1-score": 0.5851995559409491, "support": 4000}, "weighted avg": {"precision": 0.7077962367065834, "recall": 0.74375, "f1-score": 0.7153481210197494, "support": 4000}}, "confusion-matrix": [[2724, 291], [734, 251]]}, "7": {"report": {"False": {"precision": 0.7830566685746995, "recall": 0.9199731002017485, "f1-score": 0.8460111317254174, "support": 2974}, "True": {"precision": 0.5296442687747036, "recall": 0.26120857699805067, "f1-score": 0.34986945169712796, "support": 1026}, "accuracy": 0.751, "macro avg": {"precision": 0.6563504686747015, "recall": 0.5905908385998996, "f1-score": 0.5979402917112727, "support": 4000}, "weighted avg": {"precision": 0.7180563880260006, "recall": 0.751, "f1-score": 0.7187507907981611, "support": 4000}}, "confusion-matrix": [[2736, 238], [758, 268]]}, "8": {"report": {"False": {"precision": 0.783021582733813, "recall": 0.9133937562940584, "f1-score": 0.8431980167338086, "support": 2979}, "True": {"precision": 0.5085714285714286, "recall": 0.2615083251714006, "f1-score": 0.34540750323415265, "support": 1021}, "accuracy": 0.747, "macro avg": {"precision": 0.6457965056526207, "recall": 0.5874510407327295, "f1-score": 0.5943027599839806, "support": 4000}, "weighted avg": {"precision": 0.7129681808838644, "recall": 0.747, "f1-score": 0.7161369881630214, "support": 4000}}, "confusion-matrix": [[2721, 258], [754, 267]]}, "9": {"report": {"False": {"precision": 0.7922899884925202, "recall": 0.9149501661129568, "f1-score": 0.849213691026827, "support": 3010}, "True": {"precision": 0.5114503816793893, "recall": 0.27070707070707073, "f1-score": 0.35402906208718626, "support": 990}, "accuracy": 0.7555, "macro avg": {"precision": 0.6518701850859547, "recall": 0.5928286184100138, "f1-score": 0.6016213765570066, "support": 4000}, "weighted avg": {"precision": 0.7227821858062703, "recall": 0.7555, "f1-score": 0.7266554953642659, "support": 4000}}, "confusion-matrix": [[2754, 256], [722, 268]]}, "10": {"report": {"False": {"precision": 0.7876312718786465, "recall": 0.8985024958402662, "f1-score": 0.8394217316959427, "support": 3005}, "True": {"precision": 0.46678321678321677, "recall": 0.26834170854271355, "f1-score": 0.3407785577536694, "support": 995}, "accuracy": 0.74175, "macro avg": {"precision": 0.6272072443309316, "recall": 0.5834221021914898, "f1-score": 0.590100144724806, "support": 4000}, "weighted avg": {"precision": 0.7078203181736583, "recall": 0.74175, "f1-score": 0.7153842421778022, "support": 4000}}, "confusion-matrix": [[2700, 305], [728, 267]]}}, "overall": {"report": {"False": {"precision": 0.787341219427495, "recall": 0.9117431690920647, "f1-score": 0.8449704599141544, "support": 30000.0}, "True": {"precision": 0.49706385107068896, "recall": 0.26118844774147687, "f1-score": 0.34223450315974596, "support": 10000.0}, "macro avg": {"precision": 0.6422025352490921, "recall": 0.5864658084167708, "f1-score": 0.5936024815369503, "support": 40000.0}, "weighted avg": {"precision": 0.7148224421161276, "recall": 0.7491, "f1-score": 0.719301235862196, "support": 40000.0}, "accuracy": 0.7491}, "confusion-matrix": [[27352.0, 2648.0], [7388.0, 2612.0]]}}