{"features": "pos-emot", "classifier": "DecisionTreeClassifier", "folds": {"1": {"report": {"False": {"precision": 0.8303571428571429, "recall": 0.8406427854034147, "f1-score": 0.8354683081018134, "support": 2987}, "True": {"precision": 0.5122950819672131, "recall": 0.49358341559723595, "f1-score": 0.5027652086475616, "support": 1013}, "accuracy": 0.75275, "macro avg": {"precision": 0.671326112412178, "recall": 0.6671131005003254, "f1-score": 0.6691167583746875, "support": 4000}, "weighted avg": {"precision": 0.7498079259367681, "recall": 0.75275, "f1-score": 0.7512112481650242, "support": 4000}}, "confusion-matrix": [[2511, 476], [513, 500]]}, "2": {"report": {"False": {"precision": 0.8367279894875165, "recall": 0.8464606181455633, "f1-score": 0.8415661655377499, "support": 3009}, "True": {"precision": 0.5167364016736402, "recall": 0.49848637739656915, "f1-score": 0.507447354904982, "support": 991}, "accuracy": 0.76025, "macro avg": {"precision": 0.6767321955805783, "recall": 0.6724734977710662, "f1-score": 0.6745067602213659, "support": 4000}, "weighted avg": {"precision": 0.7574500736066286, "recall": 0.76025, "f1-score": 0.7587882302034816, "support": 4000}}, "confusion-matrix": [[2547, 462], [497, 494]]}, "3": {"report": {"False": {"precision": 0.8415081748415082, "recall": 0.8420701168614357, "f1-score": 0.841789052069426, "support": 2995}, "True": {"precision": 0.5284147557328016, "recall": 0.527363184079602, "f1-score": 0.5278884462151395, "support": 1005}, "accuracy": 0.763, "macro avg": {"precision": 0.684961465287155, "recall": 0.6847166504705189, "f1-score": 0.6848387491422827, "support": 4000}, "weighted avg": {"precision": 0.7628434532904457, "recall": 0.763, "f1-score": 0.7629215248485366, "support": 4000}}, "confusion-matrix": [[2522, 473], [475, 530]]}, "4": {"report": {"False": {"precision": 0.8451827242524917, "recall": 0.8446215139442231, "f1-score": 0.844902025905015, "support": 3012}, "True": {"precision": 0.5272727272727272, "recall": 0.52834008097166, "f1-score": 0.5278058645096056, "support": 988}, "accuracy": 0.7665, "macro avg": {"precision": 0.6862277257626095, "recall": 0.6864807974579415, "f1-score": 0.6863539452073103, "support": 4000}, "weighted avg": {"precision": 0.7666589549984899, "recall": 0.7665, "f1-score": 0.7665792740403488, "support": 4000}}, "confusion-matrix": [[2544, 468], [466, 522]]}, "5": {"report": {"False": {"precision": 0.8382157123834887, "recall": 0.8354346383543464, "f1-score": 0.8368228647391159, "support": 3014}, "True": {"precision": 0.5020080321285141, "recall": 0.5070993914807302, "f1-score": 0.5045408678102926, "support": 986}, "accuracy": 0.7545, "macro avg": {"precision": 0.6701118722560013, "recall": 0.6712670149175384, "f1-score": 0.6706818662747043, "support": 4000}, "weighted avg": {"precision": 0.7553405192006375, "recall": 0.7545, "f1-score": 0.7549153524961609, "support": 4000}}, "confusion-matrix": [[2518, 496], [486, 500]]}, "6": {"report": {"False": {"precision": 0.8374091209517515, "recall": 0.8404643449419569, "f1-score": 0.8389339513325608, "support": 3015}, "True": {"precision": 0.5061601642710473, "recall": 0.500507614213198, "f1-score": 0.5033180193976519, "support": 985}, "accuracy": 0.75675, "macro avg": {"precision": 0.6717846426113994, "recall": 0.6704859795775775, "f1-score": 0.6711259853651064, "support": 4000}, "weighted avg": {"precision": 0.755839065369128, "recall": 0.75675, "f1-score": 0.7562885280935895, "support": 4000}}, "confusion-matrix": [[2534, 481], [492, 493]]}, "7": {"report": {"False": {"precision": 0.8316599732262383, "recall": 0.8355749831876261, "f1-score": 0.8336128815833612, "support": 2974}, "True": {"precision": 0.516798418972332, "recall": 0.5097465886939572, "f1-score": 0.5132482826300294, "support": 1026}, "accuracy": 0.752, "macro avg": {"precision": 0.6742291960992852, "recall": 0.6726607859407916, "f1-score": 0.6734305821066953, "support": 4000}, "weighted avg": {"precision": 0.7508979845601114, "recall": 0.752, "f1-score": 0.7514393619518317, "support": 4000}}, "confusion-matrix": [[2485, 489], [503, 523]]}, "8": {"report": {"False": {"precision": 0.8294392523364486, "recall": 0.8341725411211816, "f1-score": 0.8317991631799163, "support": 2979}, "True": {"precision": 0.5079681274900398, "recall": 0.49951028403525954, "f1-score": 0.5037037037037037, "support": 1021}, "accuracy": 0.74875, "macro avg": {"precision": 0.6687036899132441, "recall": 0.6668414125782205, "f1-score": 0.66775143344181, "support": 4000}, "weighted avg": {"precision": 0.7473837477194026, "recall": 0.74875, "f1-score": 0.7480527971486131, "support": 4000}}, "confusion-matrix": [[2485, 494], [511, 510]]}, "9": {"report": {"False": {"precision": 0.8411398624303963, "recall": 0.8531561461794019, "f1-score": 0.847105393369619, "support": 3010}, "True": {"precision": 0.5332629355860612, "recall": 0.51010101010101, "f1-score": 0.5214248838409912, "support": 990}, "accuracy": 0.76825, "macro avg": {"precision": 0.6872013990082287, "recall": 0.681628578140206, "f1-score": 0.6842651386053051, "support": 4000}, "weighted avg": {"precision": 0.7649403230364233, "recall": 0.76825, "f1-score": 0.7664994672612836, "support": 4000}}, "confusion-matrix": [[2568, 442], [485, 505]]}, "10": {"report": {"False": {"precision": 0.8362611866092144, "recall": 0.8396006655574043, "f1-score": 0.8379275988043839, "support": 3005}, "True": {"precision": 0.5096642929806714, "recall": 0.5035175879396985, "f1-score": 0.506572295247725, "support": 995}, "accuracy": 0.756, "macro avg": {"precision": 0.6729627397949429, "recall": 0.6715591267485514, "f1-score": 0.6722499470260545, "support": 4000}, "weighted avg": {"precision": 0.7550202093191144, "recall": 0.756, "f1-score": 0.755502967044665, "support": 4000}}, "confusion-matrix": [[2523, 482], [494, 501]]}}, "overall": {"report": {"False": {"precision": 0.8367901139376197, "recall": 0.8412198353696555, "f1-score": 0.8389927404622961, "support": 30000.0}, "True": {"precision": 0.5160580938075048, "recall": 0.507825553450892, "f1-score": 0.5118714926907683, "support": 10000.0}, "macro avg": {"precision": 0.6764241038725622, "recall": 0.6745226944102738, "f1-score": 0.6754321165765322, "support": 40000.0}, "weighted avg": {"precision": 0.756618225703715, "recall": 0.7578750000000001, "f1-score": 0.7572198751253534, "support": 40000.0}, "accuracy": 0.7578750000000001}, "confusion-matrix": [[25237.0, 4763.0], [4922.0, 5078.0]]}}