{"features": "pos-emot", "classifier": "SVC", "folds": {"1": {"report": {"False": {"precision": 0.74675, "recall": 1.0, "f1-score": 0.8550164591383999, "support": 2987}, "True": {"precision": 0.0, "recall": 0.0, "f1-score": 0.0, "support": 1013}, "accuracy": 0.74675, "macro avg": {"precision": 0.373375, "recall": 0.5, "f1-score": 0.4275082295691999, "support": 4000}, "weighted avg": {"precision": 0.5576355625, "recall": 0.74675, "f1-score": 0.6384835408616001, "support": 4000}}, "confusion-matrix": [[2987, 0], [1013, 0]]}, "2": {"report": {"False": {"precision": 0.75225, "recall": 1.0, "f1-score": 0.8586103581110001, "support": 3009}, "True": {"precision": 0.0, "recall": 0.0, "f1-score": 0.0, "support": 991}, "accuracy": 0.75225, "macro avg": {"precision": 0.376125, "recall": 0.5, "f1-score": 0.42930517905550003, "support": 4000}, "weighted avg": {"precision": 0.5658800625, "recall": 0.75225, "f1-score": 0.6458896418889998, "support": 4000}}, "confusion-matrix": [[3009, 0], [991, 0]]}, "3": {"report": {"False": {"precision": 0.74875, "recall": 1.0, "f1-score": 0.856325947105075, "support": 2995}, "True": {"precision": 0.0, "recall": 0.0, "f1-score": 0.0, "support": 1005}, "accuracy": 0.74875, "macro avg": {"precision": 0.374375, "recall": 0.5, "f1-score": 0.4281629735525375, "support": 4000}, "weighted avg": {"precision": 0.5606265625, "recall": 0.74875, "f1-score": 0.6411740528949249, "support": 4000}}, "confusion-matrix": [[2995, 0], [1005, 0]]}, "4": {"report": {"False": {"precision": 0.753, "recall": 1.0, "f1-score": 0.8590986879634911, "support": 3012}, "True": {"precision": 0.0, "recall": 0.0, "f1-score": 0.0, "support": 988}, "accuracy": 0.753, "macro avg": {"precision": 0.3765, "recall": 0.5, "f1-score": 0.42954934398174555, "support": 4000}, "weighted avg": {"precision": 0.567009, "recall": 0.753, "f1-score": 0.6469013120365088, "support": 4000}}, "confusion-matrix": [[3012, 0], [988, 0]]}, "6": {"report": {"False": {"precision": 0.7539384846211553, "recall": 1.0, "f1-score": 0.8597091531223268, "support": 3015}, "True": {"precision": 1.0, "recall": 0.0010152284263959391, "f1-score": 0.002028397565922921, "support": 985}, "accuracy": 0.754, "macro avg": {"precision": 0.8769692423105777, "recall": 0.500507614213198, "f1-score": 0.4308687753441248, "support": 4000}, "weighted avg": {"precision": 0.8145311327831959, "recall": 0.754, "f1-score": 0.6485052670665623, "support": 4000}}, "confusion-matrix": [[3015, 0], [984, 1]]}, "5": {"report": {"False": {"precision": 0.7535, "recall": 1.0, "f1-score": 0.8594240091246079, "support": 3014}, "True": {"precision": 0.0, "recall": 0.0, "f1-score": 0.0, "support": 986}, "accuracy": 0.7535, "macro avg": {"precision": 0.37675, "recall": 0.5, "f1-score": 0.42971200456230396, "support": 4000}, "weighted avg": {"precision": 0.56776225, "recall": 0.7535, "f1-score": 0.6475759908753921, "support": 4000}}, "confusion-matrix": [[3014, 0], [986, 0]]}, "7": {"report": {"False": {"precision": 0.7436218109054528, "recall": 0.9996637525218561, "f1-score": 0.8528399311531842, "support": 2974}, "True": {"precision": 0.5, "recall": 0.0009746588693957114, "f1-score": 0.0019455252918287936, "support": 1026}, "accuracy": 0.7435, "macro avg": {"precision": 0.6218109054527263, "recall": 0.5003192056956259, "f1-score": 0.4273927282225065, "support": 4000}, "weighted avg": {"precision": 0.6811328164082041, "recall": 0.7435, "f1-score": 0.6345855160497467, "support": 4000}}, "confusion-matrix": [[2973, 1], [1025, 1]]}, "9": {"report": {"False": {"precision": 0.7526881720430108, "recall": 1.0, "f1-score": 0.8588957055214724, "support": 3010}, "True": {"precision": 1.0, "recall": 0.00101010101010101, "f1-score": 0.0020181634712411706, "support": 990}, "accuracy": 0.75275, "macro avg": {"precision": 0.8763440860215054, "recall": 0.5005050505050505, "f1-score": 0.4304569344963568, "support": 4000}, "weighted avg": {"precision": 0.8138978494623655, "recall": 0.75275, "f1-score": 0.6468185138640401, "support": 4000}}, "confusion-matrix": [[3010, 0], [989, 1]]}, "8": {"report": {"False": {"precision": 0.7449362340585146, "recall": 1.0, "f1-score": 0.8538263112639725, "support": 2979}, "True": {"precision": 1.0, "recall": 0.0009794319294809011, "f1-score": 0.0019569471624266144, "support": 1021}, "accuracy": 0.745, "macro avg": {"precision": 0.8724681170292573, "recall": 0.5004897159647405, "f1-score": 0.42789162921319956, "support": 4000}, "weighted avg": {"precision": 0.8100412603150787, "recall": 0.745, "f1-score": 0.6363866560770529, "support": 4000}}, "confusion-matrix": [[2979, 0], [1020, 1]]}, "10": {"report": {"False": {"precision": 0.75125, "recall": 1.0, "f1-score": 0.8579586009992862, "support": 3005}, "True": {"precision": 0.0, "recall": 0.0, "f1-score": 0.0, "support": 995}, "accuracy": 0.75125, "macro avg": {"precision": 0.375625, "recall": 0.5, "f1-score": 0.4289793004996431, "support": 4000}, "weighted avg": {"precision": 0.5643765625, "recall": 0.75125, "f1-score": 0.6445413990007138, "support": 4000}}, "confusion-matrix": [[3005, 0], [995, 0]]}}, "overall": {"report": {"False": {"precision": 0.7500684701628133, "recall": 0.9999663752521857, "f1-score": 0.8571705163502816, "support": 30000.0}, "True": {"precision": 0.35, "recall": 0.0003979420235373562, "f1-score": 0.00079490334914195, "support": 10000.0}, "macro avg": {"precision": 0.5500342350814067, "recall": 0.5001821586378615, "f1-score": 0.42898270984971176, "support": 40000.0}, "weighted avg": {"precision": 0.6502893058968844, "recall": 0.750075, "f1-score": 0.6430861890615541, "support": 40000.0}, "accuracy": 0.750075}, "confusion-matrix": [[29999.0, 1.0], [9996.0, 4.0]]}}