{"features": "pos-emot", "classifier": "SVC", "folds": {"1": {"report": {"False": {"precision": 0.7863387978142077, "recall": 0.9635085369936391, "f1-score": 0.8659545659696104, "support": 2987}, "True": {"precision": 0.6794117647058824, "recall": 0.228035538005923, "f1-score": 0.34146341463414637, "support": 1013}, "accuracy": 0.77725, "macro avg": {"precision": 0.732875281260045, "recall": 0.595772037499781, "f1-score": 0.6037089903018784, "support": 4000}, "weighted avg": {"precision": 0.7592595266795242, "recall": 0.77725, "f1-score": 0.7331271818939041, "support": 4000}}, "confusion-matrix": [[2878, 109], [782, 231]]}, "2": {"report": {"False": {"precision": 0.7890329551593733, "recall": 0.9707544034562978, "f1-score": 0.8705111011771719, "support": 3009}, "True": {"precision": 0.7046979865771812, "recall": 0.2119071644803229, "f1-score": 0.3258339798293251, "support": 991}, "accuracy": 0.78275, "macro avg": {"precision": 0.7468654708682773, "recall": 0.5913307839683104, "f1-score": 0.5981725405032485, "support": 4000}, "weighted avg": {"precision": 0.7681389666931352, "recall": 0.78275, "f1-score": 0.7355673443632429, "support": 4000}}, "confusion-matrix": [[2921, 88], [781, 210]]}, "3": {"report": {"False": {"precision": 0.7903050108932462, "recall": 0.968948247078464, "f1-score": 0.8705564721763911, "support": 2995}, "True": {"precision": 0.7164634146341463, "recall": 0.23383084577114427, "f1-score": 0.35258814703675917, "support": 1005}, "accuracy": 0.78425, "macro avg": {"precision": 0.7533842127636963, "recall": 0.6013895464248041, "f1-score": 0.6115723096065752, "support": 4000}, "weighted avg": {"precision": 0.7717523098331474, "recall": 0.78425, "f1-score": 0.7404169304850586, "support": 4000}}, "confusion-matrix": [[2902, 93], [770, 235]]}, "4": {"report": {"False": {"precision": 0.7924119241192412, "recall": 0.9707835325365206, "f1-score": 0.8725753506415996, "support": 3012}, "True": {"precision": 0.7161290322580646, "recall": 0.22469635627530365, "f1-score": 0.3420647149460709, "support": 988}, "accuracy": 0.7865, "macro avg": {"precision": 0.7542704781886529, "recall": 0.5977399444059122, "f1-score": 0.6073200327938353, "support": 4000}, "weighted avg": {"precision": 0.7735700498295306, "recall": 0.7865, "f1-score": 0.741539223624804, "support": 4000}}, "confusion-matrix": [[2924, 88], [766, 222]]}, "5": {"report": {"False": {"precision": 0.7950395203052603, "recall": 0.9678168546781686, "f1-score": 0.8729612449498727, "support": 3014}, "True": {"precision": 0.7069486404833837, "recall": 0.23732251521298176, "f1-score": 0.35535307517084286, "support": 986}, "accuracy": 0.78775, "macro avg": {"precision": 0.750994080394322, "recall": 0.6025696849455752, "f1-score": 0.6141571600603578, "support": 4000}, "weighted avg": {"precision": 0.7733251184291676, "recall": 0.78775, "f1-score": 0.7453708310993419, "support": 4000}}, "confusion-matrix": [[2917, 97], [752, 234]]}, "6": {"report": {"False": {"precision": 0.7928221859706363, "recall": 0.9671641791044776, "f1-score": 0.871358135365307, "support": 3015}, "True": {"precision": 0.6925465838509317, "recall": 0.2263959390862944, "f1-score": 0.34123947972456004, "support": 985}, "accuracy": 0.78475, "macro avg": {"precision": 0.742684384910784, "recall": 0.596780059095386, "f1-score": 0.6062988075449336, "support": 4000}, "weighted avg": {"precision": 0.7681293189486589, "recall": 0.78475, "f1-score": 0.740816416413773, "support": 4000}}, "confusion-matrix": [[2916, 99], [762, 223]]}, "8": {"report": {"False": {"precision": 0.7812414547443259, "recall": 0.9590466599530043, "f1-score": 0.8610608800482217, "support": 2979}, "True": {"precision": 0.6443148688046647, "recall": 0.21645445641527913, "f1-score": 0.32404692082111436, "support": 1021}, "accuracy": 0.7695, "macro avg": {"precision": 0.7127781617744953, "recall": 0.5877505581841417, "f1-score": 0.592553900434668, "support": 4000}, "weighted avg": {"precision": 0.7462909436832273, "recall": 0.7695, "f1-score": 0.7239880669555026, "support": 4000}}, "confusion-matrix": [[2857, 122], [800, 221]]}, "7": {"report": {"False": {"precision": 0.7836003258213413, "recall": 0.9704102219233356, "f1-score": 0.8670572329878323, "support": 2974}, "True": {"precision": 0.722397476340694, "recall": 0.22319688109161792, "f1-score": 0.34102755026061055, "support": 1026}, "accuracy": 0.77875, "macro avg": {"precision": 0.7529989010810176, "recall": 0.5968035515074768, "f1-score": 0.6040423916242215, "support": 4000}, "weighted avg": {"precision": 0.7679017949295553, "recall": 0.77875, "f1-score": 0.7321306193682999, "support": 4000}}, "confusion-matrix": [[2886, 88], [797, 229]]}, "9": {"report": {"False": {"precision": 0.7930283224400871, "recall": 0.9674418604651163, "f1-score": 0.8715953307392996, "support": 3010}, "True": {"precision": 0.7012195121951219, "recall": 0.23232323232323232, "f1-score": 0.3490136570561457, "support": 990}, "accuracy": 0.7855, "macro avg": {"precision": 0.7471239173176045, "recall": 0.5998825463941743, "f1-score": 0.6103044938977227, "support": 4000}, "weighted avg": {"precision": 0.7703056419044582, "recall": 0.7855, "f1-score": 0.7422563665027191, "support": 4000}}, "confusion-matrix": [[2912, 98], [760, 230]]}, "10": {"report": {"False": {"precision": 0.786987041036717, "recall": 0.9700499168053245, "f1-score": 0.8689819645252645, "support": 3005}, "True": {"precision": 0.6959459459459459, "recall": 0.207035175879397, "f1-score": 0.319132455460883, "support": 995}, "accuracy": 0.78025, "macro avg": {"precision": 0.7414664934913315, "recall": 0.5885425463423607, "f1-score": 0.5940572099930738, "support": 4000}, "weighted avg": {"precision": 0.7643405686328878, "recall": 0.78025, "f1-score": 0.7322068991454996, "support": 4000}}, "confusion-matrix": [[2915, 90], [789, 206]]}}, "overall": {"report": {"False": {"precision": 0.7890807538304436, "recall": 0.9675924412994348, "f1-score": 0.869261227858057, "support": 30000.0}, "True": {"precision": 0.6980075225796016, "recall": 0.22411981045414966, "f1-score": 0.3391763394940458, "support": 10000.0}, "macro avg": {"precision": 0.7435441382050226, "recall": 0.5958561258767923, "f1-score": 0.6042187836760515, "support": 40000.0}, "weighted avg": {"precision": 0.7663014239563293, "recall": 0.781725, "f1-score": 0.7367419879852146, "support": 40000.0}, "accuracy": 0.781725}, "confusion-matrix": [[29028.0, 972.0], [7759.0, 2241.0]]}}