{
    "overall": {
        "report": {
            "accuracy": 0.8873249999999999,
            "False": {
                "precision": 0.9396651115458905,
                "recall": 0.9081,
                "f1-score": 0.9236038997418735,
                "support": 3000.0
            },
            "True": {
                "precision": 0.7495407348762082,
                "recall": 0.8250000000000002,
                "f1-score": 0.7854084701548132,
                "support": 1000.0
            },
            "weighted avg": {
                "precision": 0.89213401737847,
                "recall": 0.887325,
                "f1-score": 0.8890550423451083,
                "support": 4000.0
            }
        },
        "confusion-matrix": [
            [
                2724.3,
                275.7
            ],
            [
                175.0,
                825.0
            ]
        ]
    },
    "features": "pp",
    "classifier": "BayesianNetworks"
}