{"features": "pp", "classifier": "DecisionTreeClassifier", "folds": {"1": {"report": {"False": {"precision": 0.9366609294320137, "recall": 0.9109474389019083, "f1-score": 0.9236252545824847, "support": 2987}, "True": {"precision": 0.7570776255707763, "recall": 0.8183613030602171, "f1-score": 0.786527514231499, "support": 1013}, "accuracy": 0.8875, "macro avg": {"precision": 0.8468692775013951, "recall": 0.8646543709810628, "f1-score": 0.8550763844069919, "support": 4000}, "weighted avg": {"precision": 0.8911814577291555, "recall": 0.8875, "f1-score": 0.8889052518385977, "support": 4000}}, "confusion-matrix": [[2721, 266], [184, 829]]}, "2": {"report": {"False": {"precision": 0.935251798561151, "recall": 0.9072781655034895, "f1-score": 0.9210526315789475, "support": 3009}, "True": {"precision": 0.7419056429232193, "recall": 0.8092835519677094, "f1-score": 0.7741312741312741, "support": 991}, "accuracy": 0.883, "macro avg": {"precision": 0.8385787207421851, "recall": 0.8582808587355995, "f1-score": 0.8475919528551108, "support": 4000}, "weighted avg": {"precision": 0.8873502885018534, "recall": 0.883, "f1-score": 0.8846528652712864, "support": 4000}}, "confusion-matrix": [[2730, 279], [189, 802]]}, "3": {"report": {"False": {"precision": 0.9350738577808313, "recall": 0.9088480801335559, "f1-score": 0.9217744666440907, "support": 2995}, "True": {"precision": 0.7493112947658402, "recall": 0.8119402985074626, "f1-score": 0.7793696275071633, "support": 1005}, "accuracy": 0.8845, "macro avg": {"precision": 0.8421925762733358, "recall": 0.8603941893205093, "f1-score": 0.8505720470756271, "support": 4000}, "weighted avg": {"precision": 0.8884010138233148, "recall": 0.8845, "f1-score": 0.8859952508109377, "support": 4000}}, "confusion-matrix": [[2722, 273], [189, 816]]}, "4": {"report": {"False": {"precision": 0.9367521367521368, "recall": 0.9096945551128818, "f1-score": 0.9230250968502611, "support": 3012}, "True": {"precision": 0.7469767441860465, "recall": 0.812753036437247, "f1-score": 0.7784779447406689, "support": 988}, "accuracy": 0.88575, "macro avg": {"precision": 0.8418644404690916, "recall": 0.8612237957750644, "f1-score": 0.850751520795465, "support": 4000}, "weighted avg": {"precision": 0.8898776147883125, "recall": 0.88575, "f1-score": 0.8873219502791918, "support": 4000}}, "confusion-matrix": [[2740, 272], [185, 803]]}, "5": {"report": {"False": {"precision": 0.9358361774744027, "recall": 0.9097544790975448, "f1-score": 0.9226110363391655, "support": 3014}, "True": {"precision": 0.7457943925233644, "recall": 0.8093306288032455, "f1-score": 0.7762645914396887, "support": 986}, "accuracy": 0.885, "macro avg": {"precision": 0.8408152849988836, "recall": 0.8595425539503951, "f1-score": 0.8494378138894272, "support": 4000}, "weighted avg": {"precision": 0.8889908774839718, "recall": 0.885, "f1-score": 0.8865366376714445, "support": 4000}}, "confusion-matrix": [[2742, 272], [188, 798]]}, "6": {"report": {"False": {"precision": 0.9423601637107776, "recall": 0.9164179104477612, "f1-score": 0.9292080040356482, "support": 3015}, "True": {"precision": 0.7640449438202247, "recall": 0.8284263959390863, "f1-score": 0.794934242571846, "support": 985}, "accuracy": 0.89475, "macro avg": {"precision": 0.8532025537655011, "recall": 0.8724221531934238, "f1-score": 0.862071123303747, "support": 4000}, "weighted avg": {"precision": 0.898450040812729, "recall": 0.89475, "f1-score": 0.896143090275187, "support": 4000}}, "confusion-matrix": [[2763, 252], [169, 816]]}, "7": {"report": {"False": {"precision": 0.9346924671734623, "recall": 0.9095494283792872, "f1-score": 0.921949556918882, "support": 2974}, "True": {"precision": 0.7567811934900542, "recall": 0.8157894736842105, "f1-score": 0.7851782363977485, "support": 1026}, "accuracy": 0.8855, "macro avg": {"precision": 0.8457368303317583, "recall": 0.8626694510317489, "f1-score": 0.8535638966583152, "support": 4000}, "weighted avg": {"precision": 0.8890582254736681, "recall": 0.8855, "f1-score": 0.8868677132052113, "support": 4000}}, "confusion-matrix": [[2705, 269], [189, 837]]}, "8": {"report": {"False": {"precision": 0.9389365351629503, "recall": 0.9187646861362874, "f1-score": 0.9287410926365796, "support": 2979}, "True": {"precision": 0.7769585253456222, "recall": 0.8256611165523996, "f1-score": 0.8005698005698006, "support": 1021}, "accuracy": 0.895, "macro avg": {"precision": 0.8579475302542863, "recall": 0.8722129013443435, "f1-score": 0.8646554466031902, "support": 4000}, "weighted avg": {"precision": 0.8975916481570774, "recall": 0.895, "f1-score": 0.8960253703365343, "support": 4000}}, "confusion-matrix": [[2737, 242], [178, 843]]}, "9": {"report": {"False": {"precision": 0.9402782490668476, "recall": 0.9205980066445183, "f1-score": 0.9303340607688433, "support": 3010}, "True": {"precision": 0.7730294396961064, "recall": 0.8222222222222222, "f1-score": 0.7968673519334312, "support": 990}, "accuracy": 0.89625, "macro avg": {"precision": 0.8566538443814771, "recall": 0.8714101144333702, "f1-score": 0.8636007063511373, "support": 4000}, "weighted avg": {"precision": 0.8988841687475893, "recall": 0.89625, "f1-score": 0.8973010503320789, "support": 4000}}, "confusion-matrix": [[2771, 239], [176, 814]]}, "10": {"report": {"False": {"precision": 0.9406691962745775, "recall": 0.9074875207986689, "f1-score": 0.923780487804878, "support": 3005}, "True": {"precision": 0.7475022706630337, "recall": 0.8271356783919598, "f1-score": 0.7853053435114504, "support": 995}, "accuracy": 0.8875, "macro avg": {"precision": 0.8440857334688056, "recall": 0.8673115995953143, "f1-score": 0.8545429156581642, "support": 4000}, "weighted avg": {"precision": 0.892618923528706, "recall": 0.8875, "f1-score": 0.8893347956618879, "support": 4000}}, "confusion-matrix": [[2727, 278], [172, 823]]}}, "overall": {"report": {"False": {"precision": 0.9376511511389151, "recall": 0.9119340271155905, "f1-score": 0.9246101688159779, "support": 30000.0}, "True": {"precision": 0.7559382072984289, "recall": 0.818090370556576, "f1-score": 0.7857625927034572, "support": 10000.0}, "macro avg": {"precision": 0.8467946792186719, "recall": 0.8650121988360832, "f1-score": 0.8551863807597175, "support": 40000.0}, "weighted avg": {"precision": 0.8922404259046379, "recall": 0.888475, "f1-score": 0.8899083975682357, "support": 40000.0}, "accuracy": 0.888475}, "confusion-matrix": [[27358.0, 2642.0], [1819.0, 8181.0]]}}