{"features": "pp", "classifier": "DecisionTreeClassifier", "folds": {"1": {"report": {"False": {"precision": 0.9366609294320137, "recall": 0.9109474389019083, "f1-score": 0.9236252545824847, "support": 2987}, "True": {"precision": 0.7570776255707763, "recall": 0.8183613030602171, "f1-score": 0.786527514231499, "support": 1013}, "accuracy": 0.8875, "macro avg": {"precision": 0.8468692775013951, "recall": 0.8646543709810628, "f1-score": 0.8550763844069919, "support": 4000}, "weighted avg": {"precision": 0.8911814577291555, "recall": 0.8875, "f1-score": 0.8889052518385977, "support": 4000}}, "confusion-matrix": [[2721, 266], [184, 829]]}, "2": {"report": {"False": {"precision": 0.935251798561151, "recall": 0.9072781655034895, "f1-score": 0.9210526315789475, "support": 3009}, "True": {"precision": 0.7419056429232193, "recall": 0.8092835519677094, "f1-score": 0.7741312741312741, "support": 991}, "accuracy": 0.883, "macro avg": {"precision": 0.8385787207421851, "recall": 0.8582808587355995, "f1-score": 0.8475919528551108, "support": 4000}, "weighted avg": {"precision": 0.8873502885018534, "recall": 0.883, "f1-score": 0.8846528652712864, "support": 4000}}, "confusion-matrix": [[2730, 279], [189, 802]]}, "3": {"report": {"False": {"precision": 0.9350738577808313, "recall": 0.9088480801335559, "f1-score": 0.9217744666440907, "support": 2995}, "True": {"precision": 0.7493112947658402, "recall": 0.8119402985074626, "f1-score": 0.7793696275071633, "support": 1005}, "accuracy": 0.8845, "macro avg": {"precision": 0.8421925762733358, "recall": 0.8603941893205093, "f1-score": 0.8505720470756271, "support": 4000}, "weighted avg": {"precision": 0.8884010138233148, "recall": 0.8845, "f1-score": 0.8859952508109377, "support": 4000}}, "confusion-matrix": [[2722, 273], [189, 816]]}, "4": {"report": {"False": {"precision": 0.9367521367521368, "recall": 0.9096945551128818, "f1-score": 0.9230250968502611, "support": 3012}, "True": {"precision": 0.7469767441860465, "recall": 0.812753036437247, "f1-score": 0.7784779447406689, "support": 988}, "accuracy": 0.88575, "macro avg": {"precision": 0.8418644404690916, "recall": 0.8612237957750644, "f1-score": 0.850751520795465, "support": 4000}, "weighted avg": {"precision": 0.8898776147883125, "recall": 0.88575, "f1-score": 0.8873219502791918, "support": 4000}}, "confusion-matrix": [[2740, 272], [185, 803]]}, "5": {"report": {"False": {"precision": 0.9358361774744027, "recall": 0.9097544790975448, "f1-score": 0.9226110363391655, "support": 3014}, "True": {"precision": 0.7457943925233644, "recall": 0.8093306288032455, "f1-score": 0.7762645914396887, "support": 986}, "accuracy": 0.885, "macro avg": {"precision": 0.8408152849988836, "recall": 0.8595425539503951, "f1-score": 0.8494378138894272, "support": 4000}, "weighted avg": {"precision": 0.8889908774839718, "recall": 0.885, "f1-score": 0.8865366376714445, "support": 4000}}, "confusion-matrix": [[2742, 272], [188, 798]]}, "6": {"report": {"False": {"precision": 0.9420388680531878, "recall": 0.9164179104477612, "f1-score": 0.9290517821116342, "support": 3015}, "True": {"precision": 0.7638238050609185, "recall": 0.8274111675126904, "f1-score": 0.794346978557505, "support": 985}, "accuracy": 0.8945, "macro avg": {"precision": 0.8529313365570532, "recall": 0.8719145389802259, "f1-score": 0.8616993803345696, "support": 4000}, "weighted avg": {"precision": 0.8981534087913414, "recall": 0.8945, "f1-score": 0.8958807242364298, "support": 4000}}, "confusion-matrix": [[2763, 252], [170, 815]]}, "7": {"report": {"False": {"precision": 0.9346924671734623, "recall": 0.9095494283792872, "f1-score": 0.921949556918882, "support": 2974}, "True": {"precision": 0.7567811934900542, "recall": 0.8157894736842105, "f1-score": 0.7851782363977485, "support": 1026}, "accuracy": 0.8855, "macro avg": {"precision": 0.8457368303317583, "recall": 0.8626694510317489, "f1-score": 0.8535638966583152, "support": 4000}, "weighted avg": {"precision": 0.8890582254736681, "recall": 0.8855, "f1-score": 0.8868677132052113, "support": 4000}}, "confusion-matrix": [[2705, 269], [189, 837]]}, "8": {"report": {"False": {"precision": 0.9389365351629503, "recall": 0.9187646861362874, "f1-score": 0.9287410926365796, "support": 2979}, "True": {"precision": 0.7769585253456222, "recall": 0.8256611165523996, "f1-score": 0.8005698005698006, "support": 1021}, "accuracy": 0.895, "macro avg": {"precision": 0.8579475302542863, "recall": 0.8722129013443435, "f1-score": 0.8646554466031902, "support": 4000}, "weighted avg": {"precision": 0.8975916481570774, "recall": 0.895, "f1-score": 0.8960253703365343, "support": 4000}}, "confusion-matrix": [[2737, 242], [178, 843]]}, "9": {"report": {"False": {"precision": 0.9402782490668476, "recall": 0.9205980066445183, "f1-score": 0.9303340607688433, "support": 3010}, "True": {"precision": 0.7730294396961064, "recall": 0.8222222222222222, "f1-score": 0.7968673519334312, "support": 990}, "accuracy": 0.89625, "macro avg": {"precision": 0.8566538443814771, "recall": 0.8714101144333702, "f1-score": 0.8636007063511373, "support": 4000}, "weighted avg": {"precision": 0.8988841687475893, "recall": 0.89625, "f1-score": 0.8973010503320789, "support": 4000}}, "confusion-matrix": [[2771, 239], [176, 814]]}, "10": {"report": {"False": {"precision": 0.9406487232574189, "recall": 0.9071547420965058, "f1-score": 0.9235981704218195, "support": 3005}, "True": {"precision": 0.7468239564428312, "recall": 0.8271356783919598, "f1-score": 0.7849308536003815, "support": 995}, "accuracy": 0.88725, "macro avg": {"precision": 0.843736339850125, "recall": 0.8671452102442327, "f1-score": 0.8542645120111005, "support": 4000}, "weighted avg": {"precision": 0.8924348125122903, "recall": 0.88725, "f1-score": 0.8891046753624867, "support": 4000}}, "confusion-matrix": [[2726, 279], [172, 823]]}}, "overall": {"report": {"False": {"precision": 0.9376169742714403, "recall": 0.911900749245374, "f1-score": 0.9245763148852706, "support": 30000.0}, "True": {"precision": 0.7558482620004779, "recall": 0.8179888477139364, "f1-score": 0.7856664173109161, "support": 10000.0}, "macro avg": {"precision": 0.8467326181359592, "recall": 0.8649447984796552, "f1-score": 0.8551213660980934, "support": 40000.0}, "weighted avg": {"precision": 0.8921923516008574, "recall": 0.888425, "f1-score": 0.8898591489344201, "support": 40000.0}, "accuracy": 0.888425}, "confusion-matrix": [[27357.0, 2643.0], [1820.0, 8180.0]]}}