{"features": "pp", "classifier": "SVC", "folds": {"1": {"report": {"False": {"precision": 0.9361044314668499, "recall": 0.9122865751590225, "f1-score": 0.924042048151916, "support": 2987}, "True": {"precision": 0.7594123048668503, "recall": 0.8163869693978283, "f1-score": 0.7868696479543292, "support": 1013}, "accuracy": 0.888, "macro avg": {"precision": 0.8477583681668501, "recall": 0.8643367722784254, "f1-score": 0.8554558480531227, "support": 4000}, "weighted avg": {"precision": 0.8913571504053999, "recall": 0.888, "f1-score": 0.8893031378018773, "support": 4000}}, "confusion-matrix": [[2725, 262], [186, 827]]}, "2": {"report": {"False": {"precision": 0.9355723098012337, "recall": 0.9072781655034895, "f1-score": 0.9212080310443732, "support": 3009}, "True": {"precision": 0.7421441774491682, "recall": 0.8102926337033299, "f1-score": 0.7747226242161118, "support": 991}, "accuracy": 0.88325, "macro avg": {"precision": 0.838858243625201, "recall": 0.8587853996034097, "f1-score": 0.8479653276302426, "support": 4000}, "weighted avg": {"precision": 0.8876504900110095, "recall": 0.88325, "f1-score": 0.8849162715026714, "support": 4000}}, "confusion-matrix": [[2730, 279], [188, 803]]}, "3": {"report": {"False": {"precision": 0.9360605018906841, "recall": 0.9091819699499165, "f1-score": 0.9224254742547426, "support": 2995}, "True": {"precision": 0.7506874427131073, "recall": 0.8149253731343283, "f1-score": 0.7814885496183206, "support": 1005}, "accuracy": 0.8855, "macro avg": {"precision": 0.8433739723018957, "recall": 0.8620536715421224, "f1-score": 0.8519570119365316, "support": 4000}, "weighted avg": {"precision": 0.8894855207723178, "recall": 0.8855, "f1-score": 0.8870150719398416, "support": 4000}}, "confusion-matrix": [[2723, 272], [186, 819]]}, "4": {"report": {"False": {"precision": 0.9361338797814208, "recall": 0.9100265604249668, "f1-score": 0.922895622895623, "support": 3012}, "True": {"precision": 0.7472014925373134, "recall": 0.8107287449392713, "f1-score": 0.7776699029126213, "support": 988}, "accuracy": 0.8855, "macro avg": {"precision": 0.841667686159367, "recall": 0.860377652682119, "f1-score": 0.8502827629041221, "support": 4000}, "weighted avg": {"precision": 0.8894675801321262, "recall": 0.8855, "f1-score": 0.8870248700598216, "support": 4000}}, "confusion-matrix": [[2741, 271], [187, 801]]}, "5": {"report": {"False": {"precision": 0.9353301565690946, "recall": 0.9117451891174518, "f1-score": 0.9233870967741935, "support": 3014}, "True": {"precision": 0.7495291902071564, "recall": 0.8073022312373225, "f1-score": 0.77734375, "support": 986}, "accuracy": 0.886, "macro avg": {"precision": 0.8424296733881255, "recall": 0.8595237101773872, "f1-score": 0.8503654233870968, "support": 4000}, "weighted avg": {"precision": 0.8895302183608768, "recall": 0.886, "f1-score": 0.8873874117943548, "support": 4000}}, "confusion-matrix": [[2748, 266], [190, 796]]}, "6": {"report": {"False": {"precision": 0.94141689373297, "recall": 0.9167495854063018, "f1-score": 0.9289195093261636, "support": 3015}, "True": {"precision": 0.7640977443609023, "recall": 0.8253807106598985, "f1-score": 0.7935578330893118, "support": 985}, "accuracy": 0.89425, "macro avg": {"precision": 0.8527573190469362, "recall": 0.8710651480331002, "f1-score": 0.8612386712077378, "support": 4000}, "weighted avg": {"precision": 0.8977520532000983, "recall": 0.89425, "f1-score": 0.895586696552839, "support": 4000}}, "confusion-matrix": [[2764, 251], [172, 813]]}, "7": {"report": {"False": {"precision": 0.9370242214532872, "recall": 0.9105581708137189, "f1-score": 0.9236016371077763, "support": 2974}, "True": {"precision": 0.7603603603603604, "recall": 0.8226120857699805, "f1-score": 0.7902621722846442, "support": 1026}, "accuracy": 0.888, "macro avg": {"precision": 0.8486922909068237, "recall": 0.8665851282918497, "f1-score": 0.8569319046962103, "support": 4000}, "weighted avg": {"precision": 0.8917099410829514, "recall": 0.888, "f1-score": 0.8894000643806429, "support": 4000}}, "confusion-matrix": [[2708, 266], [182, 844]]}, "8": {"report": {"False": {"precision": 0.9392795883361921, "recall": 0.9191003692514267, "f1-score": 0.9290804207668816, "support": 2979}, "True": {"precision": 0.7778801843317973, "recall": 0.8266405484818805, "f1-score": 0.801519468186135, "support": 1021}, "accuracy": 0.8955, "macro avg": {"precision": 0.8585798863339946, "recall": 0.8728704588666536, "f1-score": 0.8652999444765083, "support": 4000}, "weighted avg": {"precision": 0.8980823904640703, "recall": 0.8955, "f1-score": 0.896520487620646, "support": 4000}}, "confusion-matrix": [[2738, 241], [177, 844]]}, "9": {"report": {"False": {"precision": 0.9406377204884667, "recall": 0.9212624584717608, "f1-score": 0.9308492782813025, "support": 3010}, "True": {"precision": 0.7747148288973384, "recall": 0.8232323232323232, "f1-score": 0.7982370225269344, "support": 990}, "accuracy": 0.897, "macro avg": {"precision": 0.8576762746929025, "recall": 0.8722473908520421, "f1-score": 0.8645431504041184, "support": 4000}, "weighted avg": {"precision": 0.8995718048196625, "recall": 0.897, "f1-score": 0.8980277449820964, "support": 4000}}, "confusion-matrix": [[2773, 237], [175, 815]]}, "10": {"report": {"False": {"precision": 0.9406896551724138, "recall": 0.907820299500832, "f1-score": 0.9239627434377646, "support": 3005}, "True": {"precision": 0.7481818181818182, "recall": 0.8271356783919598, "f1-score": 0.7856801909307877, "support": 995}, "accuracy": 0.88775, "macro avg": {"precision": 0.844435736677116, "recall": 0.8674779889463959, "f1-score": 0.8548214671842762, "support": 4000}, "weighted avg": {"precision": 0.892803330721003, "recall": 0.88775, "f1-score": 0.8895649585016542, "support": 4000}}, "confusion-matrix": [[2728, 277], [172, 823]]}}, "overall": {"report": {"False": {"precision": 0.9378249358692612, "recall": 0.9126009343598888, "f1-score": 0.9250371862040737, "support": 30000.0}, "True": {"precision": 0.7574209543905812, "recall": 0.8184637298948123, "f1-score": 0.7867351161719196, "support": 10000.0}, "macro avg": {"precision": 0.8476229451299213, "recall": 0.8655323321273505, "f1-score": 0.8558861511879966, "support": 40000.0}, "weighted avg": {"precision": 0.8927410479969516, "recall": 0.8890750000000001, "f1-score": 0.8904746715136447, "support": 40000.0}, "accuracy": 0.8890750000000001}, "confusion-matrix": [[27378.0, 2622.0], [1815.0, 8185.0]]}}