{"features": "pp-emot", "classifier": "DecisionTreeClassifier", "folds": {"1": {"report": {"False": {"precision": 0.9081260364842454, "recall": 0.9166387679946435, "f1-score": 0.9123625458180606, "support": 2987}, "True": {"precision": 0.7472081218274111, "recall": 0.7265547877591313, "f1-score": 0.7367367367367368, "support": 1013}, "accuracy": 0.8685, "macro avg": {"precision": 0.8276670791558283, "recall": 0.8215967778768873, "f1-score": 0.8245496412773987, "support": 4000}, "weighted avg": {"precision": 0.867373574597402, "recall": 0.8685, "f1-score": 0.8678853096682153, "support": 4000}}, "confusion-matrix": [[2738, 249], [277, 736]]}, "2": {"report": {"False": {"precision": 0.9065606361829026, "recall": 0.909272183449651, "f1-score": 0.9079143852663016, "support": 3009}, "True": {"precision": 0.7219959266802444, "recall": 0.715438950554995, "f1-score": 0.7187024835276229, "support": 991}, "accuracy": 0.86125, "macro avg": {"precision": 0.8142782814315734, "recall": 0.812355567002323, "f1-score": 0.8133084343969623, "support": 4000}, "weighted avg": {"precision": 0.860834729403619, "recall": 0.86125, "f1-score": 0.8610371366105439, "support": 4000}}, "confusion-matrix": [[2736, 273], [282, 709]]}, "3": {"report": {"False": {"precision": 0.9066622691292876, "recall": 0.9178631051752921, "f1-score": 0.9122283059565289, "support": 2995}, "True": {"precision": 0.7458677685950413, "recall": 0.718407960199005, "f1-score": 0.7318803852002028, "support": 1005}, "accuracy": 0.86775, "macro avg": {"precision": 0.8262650188621645, "recall": 0.8181355326871486, "f1-score": 0.8220543455783659, "support": 4000}, "weighted avg": {"precision": 0.8662626508700583, "recall": 0.86775, "f1-score": 0.866915890866502, "support": 4000}}, "confusion-matrix": [[2749, 246], [283, 722]]}, "4": {"report": {"False": {"precision": 0.9151535160118851, "recall": 0.9203187250996016, "f1-score": 0.9177288528389339, "support": 3012}, "True": {"precision": 0.752832131822863, "recall": 0.7398785425101214, "f1-score": 0.7462991322103114, "support": 988}, "accuracy": 0.87575, "macro avg": {"precision": 0.8339928239173741, "recall": 0.8300986338048615, "f1-score": 0.8320139925246226, "support": 4000}, "weighted avg": {"precision": 0.8750601341171966, "recall": 0.87575, "f1-score": 0.8753857118436642, "support": 4000}}, "confusion-matrix": [[2772, 240], [257, 731]]}, "5": {"report": {"False": {"precision": 0.9055921052631579, "recall": 0.9134041141340411, "f1-score": 0.9094813346547738, "support": 3014}, "True": {"precision": 0.728125, "recall": 0.7089249492900609, "f1-score": 0.7183967112024666, "support": 986}, "accuracy": 0.863, "macro avg": {"precision": 0.816858552631579, "recall": 0.811164531712051, "f1-score": 0.8139390229286202, "support": 4000}, "weighted avg": {"precision": 0.8618464638157896, "recall": 0.863, "f1-score": 0.86237897497378, "support": 4000}}, "confusion-matrix": [[2753, 261], [287, 699]]}, "6": {"report": {"False": {"precision": 0.9107438016528926, "recall": 0.9137645107794361, "f1-score": 0.912251655629139, "support": 3015}, "True": {"precision": 0.7333333333333333, "recall": 0.7258883248730964, "f1-score": 0.7295918367346939, "support": 985}, "accuracy": 0.8675, "macro avg": {"precision": 0.822038567493113, "recall": 0.8198264178262662, "f1-score": 0.8209217461819165, "support": 4000}, "weighted avg": {"precision": 0.8670564738292011, "recall": 0.8675, "f1-score": 0.8672716752263818, "support": 4000}}, "confusion-matrix": [[2755, 260], [270, 715]]}, "7": {"report": {"False": {"precision": 0.9087579087579087, "recall": 0.9176193678547411, "f1-score": 0.9131671407060398, "support": 2974}, "True": {"precision": 0.7542627883650953, "recall": 0.732943469785575, "f1-score": 0.7434503213049926, "support": 1026}, "accuracy": 0.87025, "macro avg": {"precision": 0.8315103485615021, "recall": 0.825281418820158, "f1-score": 0.8283087310055162, "support": 4000}, "weighted avg": {"precision": 0.8691299103771521, "recall": 0.87025, "f1-score": 0.8696347765296711, "support": 4000}}, "confusion-matrix": [[2729, 245], [274, 752]]}, "8": {"report": {"False": {"precision": 0.906301550643352, "recall": 0.9221215172876804, "f1-score": 0.9141430948419301, "support": 2979}, "True": {"precision": 0.760577915376677, "recall": 0.7218413320274241, "f1-score": 0.7407035175879397, "support": 1021}, "accuracy": 0.871, "macro avg": {"precision": 0.8334397330100145, "recall": 0.8219814246575523, "f1-score": 0.827423306214935, "support": 4000}, "weighted avg": {"precision": 0.8691055927415333, "recall": 0.871, "f1-score": 0.869872642747849, "support": 4000}}, "confusion-matrix": [[2747, 232], [284, 737]]}, "9": {"report": {"False": {"precision": 0.9105211406096362, "recall": 0.9229235880398671, "f1-score": 0.9166804157729748, "support": 3010}, "True": {"precision": 0.7555321390937829, "recall": 0.7242424242424242, "f1-score": 0.739556472408458, "support": 990}, "accuracy": 0.87375, "macro avg": {"precision": 0.8330266398517095, "recall": 0.8235830061411457, "f1-score": 0.8281184440907163, "support": 4000}, "weighted avg": {"precision": 0.8721613627344625, "recall": 0.87375, "f1-score": 0.8728422397902569, "support": 4000}}, "confusion-matrix": [[2778, 232], [273, 717]]}, "10": {"report": {"False": {"precision": 0.9095127610208816, "recall": 0.913144758735441, "f1-score": 0.9113251411491199, "support": 3005}, "True": {"precision": 0.7344862665310274, "recall": 0.7256281407035176, "f1-score": 0.7300303336703741, "support": 995}, "accuracy": 0.8665, "macro avg": {"precision": 0.8219995137759546, "recall": 0.8193864497194793, "f1-score": 0.8206777374097469, "support": 4000}, "weighted avg": {"precision": 0.8659749205165304, "recall": 0.8665, "f1-score": 0.8662280577887819, "support": 4000}}, "confusion-matrix": [[2744, 261], [273, 722]]}}, "overall": {"report": {"False": {"precision": 0.908793172575615, "recall": 0.9167070638550395, "f1-score": 0.9127282872633803, "support": 30000.0}, "True": {"precision": 0.7434221391625476, "recall": 0.7239748881945351, "f1-score": 0.7335347930583799, "support": 10000.0}, "macro avg": {"precision": 0.8261076558690814, "recall": 0.8203409760247873, "f1-score": 0.82313154016088, "support": 40000.0}, "weighted avg": {"precision": 0.8674805813002946, "recall": 0.868525, "f1-score": 0.8679452416045645, "support": 40000.0}, "accuracy": 0.868525}, "confusion-matrix": [[27501.0, 2499.0], [2760.0, 7240.0]]}}