{"features": "pp-emot", "classifier": "SVC", "folds": {"1": {"report": {"False": {"precision": 0.9373925008599931, "recall": 0.9122865751590225, "f1-score": 0.9246691550729556, "support": 2987}, "True": {"precision": 0.7602927721866423, "recall": 0.8203356367226061, "f1-score": 0.7891737891737892, "support": 1013}, "accuracy": 0.889, "macro avg": {"precision": 0.8488426365233177, "recall": 0.8663111059408143, "f1-score": 0.8569214721233724, "support": 4000}, "weighted avg": {"precision": 0.8925419945734671, "recall": 0.889, "f1-score": 0.8903549536589916, "support": 4000}}, "confusion-matrix": [[2725, 262], [182, 831]]}, "2": {"report": {"False": {"precision": 0.9367914805908623, "recall": 0.9062811565304087, "f1-score": 0.9212837837837837, "support": 3009}, "True": {"precision": 0.7410468319559229, "recall": 0.8143289606458123, "f1-score": 0.7759615384615386, "support": 991}, "accuracy": 0.8835, "macro avg": {"precision": 0.8389191562733926, "recall": 0.8603050585881105, "f1-score": 0.8486226611226612, "support": 4000}, "weighted avg": {"precision": 0.888295743891556, "recall": 0.8835, "f1-score": 0.8852801975051975, "support": 4000}}, "confusion-matrix": [[2727, 282], [184, 807]]}, "3": {"report": {"False": {"precision": 0.9363386097728836, "recall": 0.9085141903171954, "f1-score": 0.9222165734621252, "support": 2995}, "True": {"precision": 0.7495429616087751, "recall": 0.8159203980099502, "f1-score": 0.7813244402096237, "support": 1005}, "accuracy": 0.88525, "macro avg": {"precision": 0.8429407856908293, "recall": 0.8622172941635728, "f1-score": 0.8517705068358744, "support": 4000}, "weighted avg": {"precision": 0.8894062031716514, "recall": 0.88525, "f1-score": 0.8868174249824341, "support": 4000}}, "confusion-matrix": [[2721, 274], [185, 820]]}, "4": {"report": {"False": {"precision": 0.9357704133925521, "recall": 0.9093625498007968, "f1-score": 0.9223775046304091, "support": 3012}, "True": {"precision": 0.7455731593662628, "recall": 0.8097165991902834, "f1-score": 0.7763221737020863, "support": 988}, "accuracy": 0.88475, "macro avg": {"precision": 0.8406717863794074, "recall": 0.8595395744955401, "f1-score": 0.8493498391662477, "support": 4000}, "weighted avg": {"precision": 0.8887916916480586, "recall": 0.88475, "f1-score": 0.8863018378911134, "support": 4000}}, "confusion-matrix": [[2739, 273], [188, 800]]}, "5": {"report": {"False": {"precision": 0.9365620736698499, "recall": 0.9110816191108162, "f1-score": 0.9236461486713757, "support": 3014}, "True": {"precision": 0.7490636704119851, "recall": 0.8113590263691683, "f1-score": 0.7789678675754625, "support": 986}, "accuracy": 0.8865, "macro avg": {"precision": 0.8428128720409175, "recall": 0.8612203227399923, "f1-score": 0.8513070081234191, "support": 4000}, "weighted avg": {"precision": 0.8903437172667862, "recall": 0.8865, "f1-score": 0.887982952381233, "support": 4000}}, "confusion-matrix": [[2746, 268], [186, 800]]}, "6": {"report": {"False": {"precision": 0.9420388680531878, "recall": 0.9164179104477612, "f1-score": 0.9290517821116342, "support": 3015}, "True": {"precision": 0.7638238050609185, "recall": 0.8274111675126904, "f1-score": 0.794346978557505, "support": 985}, "accuracy": 0.8945, "macro avg": {"precision": 0.8529313365570532, "recall": 0.8719145389802259, "f1-score": 0.8616993803345696, "support": 4000}, "weighted avg": {"precision": 0.8981534087913414, "recall": 0.8945, "f1-score": 0.8958807242364298, "support": 4000}}, "confusion-matrix": [[2763, 252], [170, 815]]}, "7": {"report": {"False": {"precision": 0.9376083188908145, "recall": 0.9095494283792872, "f1-score": 0.9233657620754395, "support": 2974}, "True": {"precision": 0.758744394618834, "recall": 0.8245614035087719, "f1-score": 0.7902849135917795, "support": 1026}, "accuracy": 0.88775, "macro avg": {"precision": 0.8481763567548243, "recall": 0.8670554159440296, "f1-score": 0.8568253378336095, "support": 4000}, "weighted avg": {"precision": 0.8917297223150515, "recall": 0.88775, "f1-score": 0.8892305244393807, "support": 4000}}, "confusion-matrix": [[2705, 269], [180, 846]]}, "8": {"report": {"False": {"precision": 0.9392587508579272, "recall": 0.9187646861362874, "f1-score": 0.9288986933650093, "support": 2979}, "True": {"precision": 0.7771639042357275, "recall": 0.8266405484818805, "f1-score": 0.8011390602752728, "support": 1021}, "accuracy": 0.89525, "macro avg": {"precision": 0.8582113275468273, "recall": 0.8727026173090839, "f1-score": 0.865018876820141, "support": 4000}, "weighted avg": {"precision": 0.8978840412576107, "recall": 0.89525, "f1-score": 0.896288047018854, "support": 4000}}, "confusion-matrix": [[2737, 242], [177, 844]]}, "9": {"report": {"False": {"precision": 0.9408967391304348, "recall": 0.920265780730897, "f1-score": 0.930466912999664, "support": 3010}, "True": {"precision": 0.7727272727272727, "recall": 0.8242424242424242, "f1-score": 0.7976539589442815, "support": 990}, "accuracy": 0.8965, "macro avg": {"precision": 0.8568120059288538, "recall": 0.8722541024866606, "f1-score": 0.8640604359719728, "support": 4000}, "weighted avg": {"precision": 0.8992747961956522, "recall": 0.8965, "f1-score": 0.8975957068709568, "support": 4000}}, "confusion-matrix": [[2770, 240], [174, 816]]}, "10": {"report": {"False": {"precision": 0.9412983425414365, "recall": 0.9071547420965058, "f1-score": 0.9239112014912726, "support": 3005}, "True": {"precision": 0.7472826086956522, "recall": 0.8291457286432161, "f1-score": 0.786088613625536, "support": 995}, "accuracy": 0.88775, "macro avg": {"precision": 0.8442904756185443, "recall": 0.8681502353698609, "f1-score": 0.8549999075584043, "support": 4000}, "weighted avg": {"precision": 0.8930369287472977, "recall": 0.88775, "f1-score": 0.8896278327596706, "support": 4000}}, "confusion-matrix": [[2726, 279], [170, 825]]}}, "overall": {"report": {"False": {"precision": 0.9383956097759942, "recall": 0.9119678638708978, "f1-score": 0.9249887517663667, "support": 30000.0}, "True": {"precision": 0.7565261380867994, "recall": 0.8203661893326804, "f1-score": 0.7871263334116875, "support": 10000.0}, "macro avg": {"precision": 0.8474608739313967, "recall": 0.8661670266017891, "f1-score": 0.8560575425890271, "support": 40000.0}, "weighted avg": {"precision": 0.8929458247858472, "recall": 0.8890750000000001, "f1-score": 0.890536020174426, "support": 40000.0}, "accuracy": 0.8890750000000001}, "confusion-matrix": [[27359.0, 2641.0], [1796.0, 8204.0]]}}