{"features": "pp-emot", "classifier": "MultinomialNB", "folds": {"1": {"report": {"False": {"precision": 0.8065971243304201, "recall": 0.957817207900904, "f1-score": 0.8757269666360575, "support": 2987}, "True": {"precision": 0.7218543046357616, "recall": 0.3228035538005923, "f1-score": 0.44611186903137784, "support": 1013}, "accuracy": 0.797, "macro avg": {"precision": 0.7642257144830908, "recall": 0.6403103808507481, "f1-score": 0.6609194178337177, "support": 4000}, "weighted avg": {"precision": 0.7851360052427478, "recall": 0.797, "f1-score": 0.7669269431676724, "support": 4000}}, "confusion-matrix": [[2861, 126], [686, 327]]}, "2": {"report": {"False": {"precision": 0.7998331943286072, "recall": 0.9561316051844466, "f1-score": 0.8710263396911899, "support": 3009}, "True": {"precision": 0.6724565756823822, "recall": 0.2734611503531786, "f1-score": 0.38880918220946914, "support": 991}, "accuracy": 0.787, "macro avg": {"precision": 0.7361448850054947, "recall": 0.6147963777688126, "f1-score": 0.6299177609503295, "support": 4000}, "weighted avg": {"precision": 0.7682756370590049, "recall": 0.787, "f1-score": 0.7515570389250936, "support": 4000}}, "confusion-matrix": [[2877, 132], [720, 271]]}, "3": {"report": {"False": {"precision": 0.8030812324929972, "recall": 0.9572621035058431, "f1-score": 0.8734196496572734, "support": 2995}, "True": {"precision": 0.7023255813953488, "recall": 0.3004975124378109, "f1-score": 0.42090592334494775, "support": 1005}, "accuracy": 0.79225, "macro avg": {"precision": 0.752703406944173, "recall": 0.628879807971827, "f1-score": 0.6471627865011106, "support": 4000}, "weighted avg": {"precision": 0.7777663751547131, "recall": 0.79225, "f1-score": 0.7597255759213016, "support": 4000}}, "confusion-matrix": [[2867, 128], [703, 302]]}, "4": {"report": {"False": {"precision": 0.8034377599112836, "recall": 0.9621513944223108, "f1-score": 0.8756609759782444, "support": 3012}, "True": {"precision": 0.7099236641221374, "recall": 0.2823886639676113, "f1-score": 0.40405503258508324, "support": 988}, "accuracy": 0.79425, "macro avg": {"precision": 0.7566807120167105, "recall": 0.622270029194961, "f1-score": 0.6398580042816638, "support": 4000}, "weighted avg": {"precision": 0.7803397782513645, "recall": 0.79425, "f1-score": 0.7591743079601336, "support": 4000}}, "confusion-matrix": [[2898, 114], [709, 279]]}, "5": {"report": {"False": {"precision": 0.8053616308293773, "recall": 0.9568679495686795, "f1-score": 0.8746019711902956, "support": 3014}, "True": {"precision": 0.6897374701670644, "recall": 0.29310344827586204, "f1-score": 0.41138790035587186, "support": 986}, "accuracy": 0.79325, "macro avg": {"precision": 0.7475495504982208, "recall": 0.6249856989222707, "f1-score": 0.6429949357730838, "support": 4000}, "weighted avg": {"precision": 0.7768602752261172, "recall": 0.79325, "f1-score": 0.7604197027296101, "support": 4000}}, "confusion-matrix": [[2884, 130], [697, 289]]}, "6": {"report": {"False": {"precision": 0.8084987419625385, "recall": 0.9592039800995025, "f1-score": 0.8774271844660194, "support": 3015}, "True": {"precision": 0.7092198581560284, "recall": 0.30456852791878175, "f1-score": 0.4261363636363636, "support": 985}, "accuracy": 0.798, "macro avg": {"precision": 0.7588593000592834, "recall": 0.6318862540091421, "f1-score": 0.6517817740511915, "support": 4000}, "weighted avg": {"precision": 0.7840513168251854, "recall": 0.798, "f1-score": 0.7662968198367166, "support": 4000}}, "confusion-matrix": [[2892, 123], [685, 300]]}, "7": {"report": {"False": {"precision": 0.7988888888888889, "recall": 0.9670477471418965, "f1-score": 0.8749619714024948, "support": 2974}, "True": {"precision": 0.755, "recall": 0.29434697855750486, "f1-score": 0.423562412342216, "support": 1026}, "accuracy": 0.7945, "macro avg": {"precision": 0.7769444444444444, "recall": 0.6306973628497007, "f1-score": 0.6492621918723553, "support": 4000}, "weighted avg": {"precision": 0.7876313888888888, "recall": 0.7945, "f1-score": 0.7591779845035332, "support": 4000}}, "confusion-matrix": [[2876, 98], [724, 302]]}, "8": {"report": {"False": {"precision": 0.7989328840213423, "recall": 0.9550184625713327, "f1-score": 0.8700305810397554, "support": 2979}, "True": {"precision": 0.6947608200455581, "recall": 0.2987267384916748, "f1-score": 0.4178082191780821, "support": 1021}, "accuracy": 0.7875, "macro avg": {"precision": 0.7468468520334501, "recall": 0.6268726005315037, "f1-score": 0.6439194001089188, "support": 4000}, "weighted avg": {"precision": 0.7723429646915234, "recall": 0.7875, "f1-score": 0.7546008231745633, "support": 4000}}, "confusion-matrix": [[2845, 134], [716, 305]]}, "9": {"report": {"False": {"precision": 0.8024485253199778, "recall": 0.958139534883721, "f1-score": 0.8734100545124167, "support": 3010}, "True": {"precision": 0.6896551724137931, "recall": 0.2828282828282828, "f1-score": 0.40114613180515757, "support": 990}, "accuracy": 0.791, "macro avg": {"precision": 0.7460518488668855, "recall": 0.6204839088560019, "f1-score": 0.6372780931587871, "support": 4000}, "weighted avg": {"precision": 0.7745321704756972, "recall": 0.791, "f1-score": 0.7565247336423702, "support": 4000}}, "confusion-matrix": [[2884, 126], [710, 280]]}, "10": {"report": {"False": {"precision": 0.8123233465234596, "recall": 0.956405990016639, "f1-score": 0.8784961027051812, "support": 3005}, "True": {"precision": 0.7164502164502164, "recall": 0.3326633165829146, "f1-score": 0.4543582704186685, "support": 995}, "accuracy": 0.80125, "macro avg": {"precision": 0.764386781486838, "recall": 0.6445346532997768, "f1-score": 0.6664271865619249, "support": 4000}, "weighted avg": {"precision": 0.7884749054177402, "recall": 0.80125, "f1-score": 0.7729918169239112, "support": 4000}}, "confusion-matrix": [[2874, 131], [664, 331]]}}, "overall": {"report": {"False": {"precision": 0.8039403328608893, "recall": 0.9586045975295276, "f1-score": 0.8744761797278928, "support": 30000.0}, "True": {"precision": 0.7061383663068291, "recall": 0.2985388173214214, "f1-score": 0.4194281304907238, "support": 10000.0}, "macro avg": {"precision": 0.7550393495838591, "recall": 0.6285717074254744, "f1-score": 0.6469521551093084, "support": 40000.0}, "weighted avg": {"precision": 0.7795410817232982, "recall": 0.7936, "f1-score": 0.7607395746784906, "support": 40000.0}, "accuracy": 0.7936}, "confusion-matrix": [[28758.0, 1242.0], [7014.0, 2986.0]]}}