{"features": "pp-pos", "classifier": "SVC", "folds": {"1": {"report": {"False": {"precision": 0.9277350284376046, "recall": 0.9283562102443924, "f1-score": 0.928045515394913, "support": 2987}, "True": {"precision": 0.7883283877349159, "recall": 0.786771964461994, "f1-score": 0.7875494071146245, "support": 1013}, "accuracy": 0.8925, "macro avg": {"precision": 0.8580317080862603, "recall": 0.8575640873531932, "f1-score": 0.8577974612547687, "support": 4000}, "weighted avg": {"precision": 0.8924302966796487, "recall": 0.8925, "f1-score": 0.8924648759729299, "support": 4000}}, "confusion-matrix": [[2773, 214], [216, 797]]}, "2": {"report": {"False": {"precision": 0.9284525790349417, "recall": 0.9272183449651047, "f1-score": 0.9278350515463917, "support": 3009}, "True": {"precision": 0.7798994974874371, "recall": 0.7830474268415741, "f1-score": 0.7814702920443102, "support": 991}, "accuracy": 0.8915, "macro avg": {"precision": 0.8541760382611894, "recall": 0.8551328859033394, "f1-score": 0.8546526717953509, "support": 4000}, "weighted avg": {"precision": 0.8916485530815474, "recall": 0.8915, "f1-score": 0.8915731823797509, "support": 4000}}, "confusion-matrix": [[2790, 219], [215, 776]]}, "3": {"report": {"False": {"precision": 0.928500166278683, "recall": 0.932220367278798, "f1-score": 0.9303565478173942, "support": 2995}, "True": {"precision": 0.7955689828801611, "recall": 0.7860696517412935, "f1-score": 0.7907907907907907, "support": 1005}, "accuracy": 0.8955, "macro avg": {"precision": 0.862034574579422, "recall": 0.8591450095100457, "f1-score": 0.8605736693040924, "support": 4000}, "weighted avg": {"precision": 0.8951012064498044, "recall": 0.8955, "f1-score": 0.8952906513644602, "support": 4000}}, "confusion-matrix": [[2792, 203], [215, 790]]}, "4": {"report": {"False": {"precision": 0.9280765423952491, "recall": 0.9339309428950863, "f1-score": 0.9309945391361907, "support": 3012}, "True": {"precision": 0.7946336429308566, "recall": 0.7793522267206477, "f1-score": 0.7869187531936639, "support": 988}, "accuracy": 0.89575, "macro avg": {"precision": 0.8613550926630529, "recall": 0.856641584807867, "f1-score": 0.8589566461649273, "support": 4000}, "weighted avg": {"precision": 0.8951161462275441, "recall": 0.89575, "f1-score": 0.8954078200083866, "support": 4000}}, "confusion-matrix": [[2813, 199], [218, 770]]}, "5": {"report": {"False": {"precision": 0.9297493403693932, "recall": 0.9353019243530193, "f1-score": 0.9325173668541185, "support": 3014}, "True": {"precision": 0.7985537190082644, "recall": 0.783975659229209, "f1-score": 0.7911975435005117, "support": 986}, "accuracy": 0.898, "macro avg": {"precision": 0.8641515296888288, "recall": 0.8596387917911141, "f1-score": 0.861857455177315, "support": 4000}, "weighted avg": {"precision": 0.8974096197038749, "recall": 0.898, "f1-score": 0.8976820303974543, "support": 4000}}, "confusion-matrix": [[2819, 195], [213, 773]]}, "6": {"report": {"False": {"precision": 0.9306243805748265, "recall": 0.9343283582089552, "f1-score": 0.9324726911618668, "support": 3015}, "True": {"precision": 0.7965056526207606, "recall": 0.7868020304568528, "f1-score": 0.7916241062308478, "support": 985}, "accuracy": 0.898, "macro avg": {"precision": 0.8635650165977935, "recall": 0.860565194332904, "f1-score": 0.8620483986963573, "support": 4000}, "weighted avg": {"precision": 0.8975976438161377, "recall": 0.898, "f1-score": 0.8977887271226034, "support": 4000}}, "confusion-matrix": [[2817, 198], [210, 775]]}, "7": {"report": {"False": {"precision": 0.9283810792804796, "recall": 0.9371217215870881, "f1-score": 0.9327309236947791, "support": 2974}, "True": {"precision": 0.812625250501002, "recall": 0.7904483430799221, "f1-score": 0.8013833992094861, "support": 1026}, "accuracy": 0.8995, "macro avg": {"precision": 0.8705031648907409, "recall": 0.863785032333505, "f1-score": 0.8670571614521325, "support": 4000}, "weighted avg": {"precision": 0.8986897091985436, "recall": 0.8995, "f1-score": 0.8990402836643013, "support": 4000}}, "confusion-matrix": [[2787, 187], [215, 811]]}, "8": {"report": {"False": {"precision": 0.92909211398277, "recall": 0.941255454850621, "f1-score": 0.9351342337835584, "support": 2979}, "True": {"precision": 0.8217922606924644, "recall": 0.7904015670910872, "f1-score": 0.8057913130304544, "support": 1021}, "accuracy": 0.90275, "macro avg": {"precision": 0.8754421873376173, "recall": 0.8658285109708541, "f1-score": 0.8704627734070064, "support": 4000}, "weighted avg": {"precision": 0.9017038264304196, "recall": 0.90275, "f1-score": 0.9021194532613286, "support": 4000}}, "confusion-matrix": [[2804, 175], [214, 807]]}, "9": {"report": {"False": {"precision": 0.930921052631579, "recall": 0.9401993355481728, "f1-score": 0.9355371900826446, "support": 3010}, "True": {"precision": 0.8125, "recall": 0.7878787878787878, "f1-score": 0.8, "support": 990}, "accuracy": 0.9025, "macro avg": {"precision": 0.8717105263157895, "recall": 0.8640390617134803, "f1-score": 0.8677685950413223, "support": 4000}, "weighted avg": {"precision": 0.9016118421052632, "recall": 0.9025, "f1-score": 0.90199173553719, "support": 4000}}, "confusion-matrix": [[2830, 180], [210, 780]]}, "10": {"report": {"False": {"precision": 0.9332447691796745, "recall": 0.9351081530782029, "f1-score": 0.9341755319148936, "support": 3005}, "True": {"precision": 0.8028311425682507, "recall": 0.7979899497487437, "f1-score": 0.8004032258064516, "support": 995}, "accuracy": 0.901, "macro avg": {"precision": 0.8680379558739626, "recall": 0.8665490514134733, "f1-score": 0.8672893788606726, "support": 4000}, "weighted avg": {"precision": 0.9008043795600827, "recall": 0.901, "f1-score": 0.9008996707704187, "support": 4000}}, "confusion-matrix": [[2810, 195], [201, 794]]}}, "overall": {"report": {"False": {"precision": 0.9294777052165202, "recall": 0.934504081300944, "f1-score": 0.931979959138675, "support": 30000.0}, "True": {"precision": 0.8003238536424112, "recall": 0.7872737607250112, "f1-score": 0.7937128830921141, "support": 10000.0}, "macro avg": {"precision": 0.8649007794294657, "recall": 0.8608889210129776, "f1-score": 0.8628464211153946, "support": 40000.0}, "weighted avg": {"precision": 0.8972113223252866, "recall": 0.8977, "f1-score": 0.8974258430478823, "support": 40000.0}, "accuracy": 0.8977}, "confusion-matrix": [[28035.0, 1965.0], [2127.0, 7873.0]]}}