{"features": "pp-pos-emot", "classifier": "SVC", "folds": {"1": {"report": {"False": {"precision": 0.9277350284376046, "recall": 0.9283562102443924, "f1-score": 0.928045515394913, "support": 2987}, "True": {"precision": 0.7883283877349159, "recall": 0.786771964461994, "f1-score": 0.7875494071146245, "support": 1013}, "accuracy": 0.8925, "macro avg": {"precision": 0.8580317080862603, "recall": 0.8575640873531932, "f1-score": 0.8577974612547687, "support": 4000}, "weighted avg": {"precision": 0.8924302966796487, "recall": 0.8925, "f1-score": 0.8924648759729299, "support": 4000}}, "confusion-matrix": [[2773, 214], [216, 797]]}, "2": {"report": {"False": {"precision": 0.9310344827586207, "recall": 0.9242273180458624, "f1-score": 0.9276184122748499, "support": 3009}, "True": {"precision": 0.7749259624876604, "recall": 0.7921291624621595, "f1-score": 0.7834331337325349, "support": 991}, "accuracy": 0.8915, "macro avg": {"precision": 0.8529802226231405, "recall": 0.858178240254011, "f1-score": 0.8555257730036924, "support": 4000}, "weighted avg": {"precision": 0.8923585968614903, "recall": 0.8915, "f1-score": 0.8918965095159914, "support": 4000}}, "confusion-matrix": [[2781, 228], [206, 785]]}, "3": {"report": {"False": {"precision": 0.9281198003327787, "recall": 0.9312186978297162, "f1-score": 0.9296666666666668, "support": 2995}, "True": {"precision": 0.792964824120603, "recall": 0.7850746268656716, "f1-score": 0.789, "support": 1005}, "accuracy": 0.8945, "macro avg": {"precision": 0.8605423122266909, "recall": 0.8581466623476939, "f1-score": 0.8593333333333334, "support": 4000}, "weighted avg": {"precision": 0.8941621125594696, "recall": 0.8945, "f1-score": 0.8943241666666668, "support": 4000}}, "confusion-matrix": [[2789, 206], [216, 789]]}, "4": {"report": {"False": {"precision": 0.9312749003984063, "recall": 0.9312749003984063, "f1-score": 0.9312749003984063, "support": 3012}, "True": {"precision": 0.7904858299595142, "recall": 0.7904858299595142, "f1-score": 0.7904858299595142, "support": 988}, "accuracy": 0.8965, "macro avg": {"precision": 0.8608803651789603, "recall": 0.8608803651789603, "f1-score": 0.8608803651789603, "support": 4000}, "weighted avg": {"precision": 0.8965, "recall": 0.8965, "f1-score": 0.8965, "support": 4000}}, "confusion-matrix": [[2805, 207], [207, 781]]}, "5": {"report": {"False": {"precision": 0.9304865938430983, "recall": 0.9326476443264764, "f1-score": 0.9315658657829328, "support": 3014}, "True": {"precision": 0.7926455566905005, "recall": 0.7870182555780934, "f1-score": 0.789821882951654, "support": 986}, "accuracy": 0.89675, "macro avg": {"precision": 0.8615660752667994, "recall": 0.8598329499522849, "f1-score": 0.8606938743672934, "support": 4000}, "weighted avg": {"precision": 0.896508778184983, "recall": 0.89675, "f1-score": 0.8966259740150225, "support": 4000}}, "confusion-matrix": [[2811, 203], [210, 776]]}, "6": {"report": {"False": {"precision": 0.9309319233311302, "recall": 0.9343283582089552, "f1-score": 0.9326270485019036, "support": 3015}, "True": {"precision": 0.7967145790554415, "recall": 0.7878172588832487, "f1-score": 0.7922409392547218, "support": 985}, "accuracy": 0.89825, "macro avg": {"precision": 0.8638232511932858, "recall": 0.8610728085461019, "f1-score": 0.8624339938783128, "support": 4000}, "weighted avg": {"precision": 0.8978809023032419, "recall": 0.89825, "f1-score": 0.898056969099785, "support": 4000}}, "confusion-matrix": [[2817, 198], [209, 776]]}, "8": {"report": {"False": {"precision": 0.9311377245508982, "recall": 0.9395770392749244, "f1-score": 0.9353383458646617, "support": 2979}, "True": {"precision": 0.8189134808853119, "recall": 0.7972575905974535, "f1-score": 0.807940446650124, "support": 1021}, "accuracy": 0.90325, "macro avg": {"precision": 0.875025602718105, "recall": 0.8684173149361889, "f1-score": 0.8716393962573928, "support": 4000}, "weighted avg": {"precision": 0.9024924863552573, "recall": 0.90325, "f1-score": 0.9028200320901509, "support": 4000}}, "confusion-matrix": [[2799, 180], [207, 814]]}, "10": {"report": {"False": {"precision": 0.9353117705901968, "recall": 0.9334442595673876, "f1-score": 0.9343770819453698, "support": 3005}, "True": {"precision": 0.8001998001998002, "recall": 0.8050251256281407, "f1-score": 0.8026052104208418, "support": 995}, "accuracy": 0.9015, "macro avg": {"precision": 0.8677557853949984, "recall": 0.8692346925977641, "f1-score": 0.8684911461831057, "support": 4000}, "weighted avg": {"precision": 0.9017026679555856, "recall": 0.9015, "f1-score": 0.9015988289036435, "support": 4000}}, "confusion-matrix": [[2805, 200], [194, 801]]}, "7": {"report": {"False": {"precision": 0.9303415941058272, "recall": 0.9340954942837929, "f1-score": 0.932214765100671, "support": 2974}, "True": {"precision": 0.8067061143984221, "recall": 0.797270955165692, "f1-score": 0.8019607843137256, "support": 1026}, "accuracy": 0.899, "macro avg": {"precision": 0.8685238542521246, "recall": 0.8656832247247425, "f1-score": 0.8670877747071983, "support": 4000}, "weighted avg": {"precision": 0.8986290935608776, "recall": 0.899, "f1-score": 0.8988046190288195, "support": 4000}}, "confusion-matrix": [[2778, 196], [208, 818]]}, "9": {"report": {"False": {"precision": 0.9298649983536385, "recall": 0.9382059800664452, "f1-score": 0.9340168678683645, "support": 3010}, "True": {"precision": 0.8068535825545171, "recall": 0.7848484848484848, "f1-score": 0.7956989247311828, "support": 990}, "accuracy": 0.90025, "macro avg": {"precision": 0.8683592904540778, "recall": 0.861527232457465, "f1-score": 0.8648578962997736, "support": 4000}, "weighted avg": {"precision": 0.8994196729433559, "recall": 0.90025, "f1-score": 0.899783176941912, "support": 4000}}, "confusion-matrix": [[2824, 186], [213, 777]]}}, "overall": {"report": {"False": {"precision": 0.9306238816702199, "recall": 0.932737590224636, "f1-score": 0.931674546979874, "support": 30000.0}, "True": {"precision": 0.7968738118086687, "recall": 0.7913699254450453, "f1-score": 0.7940736559128924, "support": 10000.0}, "macro avg": {"precision": 0.8637488467394444, "recall": 0.8620537578348406, "f1-score": 0.8628741014463831, "support": 40000.0}, "weighted avg": {"precision": 0.8972084607403911, "recall": 0.8974, "f1-score": 0.8972875152234924, "support": 40000.0}, "accuracy": 0.8974}, "confusion-matrix": [[27982.0, 2018.0], [2086.0, 7914.0]]}}