{"features": "pp-pos-emot", "classifier": "DecisionTreeClassifier", "folds": {"1": {"report": {"False": {"precision": 0.9033222591362127, "recall": 0.9102778707733512, "f1-score": 0.9067867266966817, "support": 2987}, "True": {"precision": 0.7292929292929293, "recall": 0.7127344521224087, "f1-score": 0.7209186220668997, "support": 1013}, "accuracy": 0.86025, "macro avg": {"precision": 0.816307594214571, "recall": 0.81150616144788, "f1-score": 0.8138526743817907, "support": 4000}, "weighted avg": {"precision": 0.8592493313534011, "recall": 0.86025, "f1-score": 0.8597156291991895, "support": 4000}}, "confusion-matrix": [[2719, 268], [291, 722]]}, "2": {"report": {"False": {"precision": 0.9004300363876944, "recall": 0.9046194749086075, "f1-score": 0.9025198938992043, "support": 3009}, "True": {"precision": 0.706243602865916, "recall": 0.6962663975782039, "f1-score": 0.701219512195122, "support": 991}, "accuracy": 0.853, "macro avg": {"precision": 0.8033368196268051, "recall": 0.8004429362434057, "f1-score": 0.8018697030471631, "support": 4000}, "weighted avg": {"precision": 0.8523203474826738, "recall": 0.853, "f1-score": 0.852647724332018, "support": 4000}}, "confusion-matrix": [[2722, 287], [301, 690]]}, "3": {"report": {"False": {"precision": 0.9023668639053254, "recall": 0.9165275459098498, "f1-score": 0.9093920821600132, "support": 2995}, "True": {"precision": 0.7390396659707724, "recall": 0.7044776119402985, "f1-score": 0.7213448802852775, "support": 1005}, "accuracy": 0.86325, "macro avg": {"precision": 0.8207032649380489, "recall": 0.8105025789250742, "f1-score": 0.8153684812226454, "support": 4000}, "weighted avg": {"precision": 0.8613309054242689, "recall": 0.86325, "f1-score": 0.8621452226889859, "support": 4000}}, "confusion-matrix": [[2745, 250], [297, 708]]}, "4": {"report": {"False": {"precision": 0.9035145888594165, "recall": 0.9047144754316069, "f1-score": 0.9041141340411413, "support": 3012}, "True": {"precision": 0.7083333333333334, "recall": 0.7054655870445344, "f1-score": 0.7068965517241379, "support": 988}, "accuracy": 0.8555, "macro avg": {"precision": 0.8059239610963749, "recall": 0.8050900312380707, "f1-score": 0.8055053428826395, "support": 4000}, "weighted avg": {"precision": 0.8553048187444741, "recall": 0.8555, "f1-score": 0.8554013912088415, "support": 4000}}, "confusion-matrix": [[2725, 287], [291, 697]]}, "5": {"report": {"False": {"precision": 0.9012143091565474, "recall": 0.9110816191108162, "f1-score": 0.9061211021283617, "support": 3014}, "True": {"precision": 0.7187827911857293, "recall": 0.6947261663286004, "f1-score": 0.706549767921609, "support": 986}, "accuracy": 0.85775, "macro avg": {"precision": 0.8099985501711384, "recall": 0.8029038927197083, "f1-score": 0.8063354350249854, "support": 4000}, "weighted avg": {"precision": 0.8562449399767408, "recall": 0.85775, "f1-score": 0.8569267682463971, "support": 4000}}, "confusion-matrix": [[2746, 268], [301, 685]]}, "6": {"report": {"False": {"precision": 0.9047148038245961, "recall": 0.9101160862354892, "f1-score": 0.9074074074074074, "support": 3015}, "True": {"precision": 0.7197518097207859, "recall": 0.7065989847715736, "f1-score": 0.7131147540983606, "support": 985}, "accuracy": 0.86, "macro avg": {"precision": 0.812233306772691, "recall": 0.8083575355035314, "f1-score": 0.810261080752884, "support": 4000}, "weighted avg": {"precision": 0.8591676665265329, "recall": 0.86, "f1-score": 0.8595628415300547, "support": 4000}}, "confusion-matrix": [[2744, 271], [289, 696]]}, "7": {"report": {"False": {"precision": 0.9040319893368877, "recall": 0.9122394082044385, "f1-score": 0.9081171548117156, "support": 2974}, "True": {"precision": 0.7387387387387387, "recall": 0.7192982456140351, "f1-score": 0.7288888888888888, "support": 1026}, "accuracy": 0.86275, "macro avg": {"precision": 0.8213853640378133, "recall": 0.8157688269092368, "f1-score": 0.8185030218503022, "support": 4000}, "weighted avg": {"precision": 0.8616342705584624, "recall": 0.86275, "f1-score": 0.8621451046025106, "support": 4000}}, "confusion-matrix": [[2713, 261], [288, 738]]}, "8": {"report": {"False": {"precision": 0.893009517558254, "recall": 0.9133937562940584, "f1-score": 0.9030866246266179, "support": 2979}, "True": {"precision": 0.7292759706190975, "recall": 0.6807051909892262, "f1-score": 0.7041540020263424, "support": 1021}, "accuracy": 0.854, "macro avg": {"precision": 0.8111427440886758, "recall": 0.7970494736416422, "f1-score": 0.8036203133264801, "support": 4000}, "weighted avg": {"precision": 0.8512165297020342, "recall": 0.854, "f1-score": 0.8523090727078976, "support": 4000}}, "confusion-matrix": [[2721, 258], [326, 695]]}, "9": {"report": {"False": {"precision": 0.9073767780350646, "recall": 0.911295681063123, "f1-score": 0.9093320072932207, "support": 3010}, "True": {"precision": 0.7267144319344934, "recall": 0.7171717171717171, "f1-score": 0.7219115404168784, "support": 990}, "accuracy": 0.86325, "macro avg": {"precision": 0.817045604984779, "recall": 0.81423369911742, "f1-score": 0.8156217738550495, "support": 4000}, "weighted avg": {"precision": 0.8626628473751732, "recall": 0.86325, "f1-score": 0.862945441741326, "support": 4000}}, "confusion-matrix": [[2743, 267], [280, 710]]}, "10": {"report": {"False": {"precision": 0.9082721814543029, "recall": 0.9061564059900167, "f1-score": 0.9072130601365984, "support": 3005}, "True": {"precision": 0.718562874251497, "recall": 0.7236180904522613, "f1-score": 0.7210816224336505, "support": 995}, "accuracy": 0.86075, "macro avg": {"precision": 0.8134175278528999, "recall": 0.814887248221139, "f1-score": 0.8141473412851244, "support": 4000}, "weighted avg": {"precision": 0.861081991287605, "recall": 0.86075, "f1-score": 0.86091286500799, "support": 4000}}, "confusion-matrix": [[2723, 282], [275, 720]]}}, "overall": {"report": {"False": {"precision": 0.9028253327654301, "recall": 0.9100422323921358, "f1-score": 0.9064090193200963, "support": 30000.0}, "True": {"precision": 0.7234736147913293, "recall": 0.706106244401286, "f1-score": 0.7146080142057167, "support": 10000.0}, "macro avg": {"precision": 0.8131494737783797, "recall": 0.8080742383967108, "f1-score": 0.8105085167629065, "support": 40000.0}, "weighted avg": {"precision": 0.8580213648431366, "recall": 0.8590500000000001, "f1-score": 0.8584712061265212, "support": 40000.0}, "accuracy": 0.8590500000000001}, "confusion-matrix": [[27301.0, 2699.0], [2939.0, 7061.0]]}}