{"features": "sbert-pp-emot", "classifier": "SVC", "folds": {"1": {"report": {"False": {"precision": 0.9482415394824154, "recall": 0.9568128557080683, "f1-score": 0.9525079153474421, "support": 2987}, "True": {"precision": 0.8691683569979716, "recall": 0.8460019743336624, "f1-score": 0.8574287143571785, "support": 1013}, "accuracy": 0.92875, "macro avg": {"precision": 0.9087049482401934, "recall": 0.9014074150208653, "f1-score": 0.9049683148523102, "support": 4000}, "weighted avg": {"precision": 0.9282162560182301, "recall": 0.92875, "f1-score": 0.9284291076966579, "support": 4000}}, "confusion-matrix": [[2858, 129], [156, 857]]}, "2": {"report": {"False": {"precision": 0.941617742987606, "recall": 0.9594549684280492, "f1-score": 0.9504526748971193, "support": 3009}, "True": {"precision": 0.8693790149892934, "recall": 0.8193743693239153, "f1-score": 0.8436363636363637, "support": 991}, "accuracy": 0.92475, "macro avg": {"precision": 0.9054983789884496, "recall": 0.8894146688759823, "f1-score": 0.8970445192667416, "support": 4000}, "weighted avg": {"precision": 0.9237205981260241, "recall": 0.92475, "f1-score": 0.9239889337822671, "support": 4000}}, "confusion-matrix": [[2887, 122], [179, 812]]}, "3": {"report": {"False": {"precision": 0.9428195859349326, "recall": 0.9579298831385643, "f1-score": 0.9503146737330243, "support": 2995}, "True": {"precision": 0.8683385579937304, "recall": 0.826865671641791, "f1-score": 0.8470948012232415, "support": 1005}, "accuracy": 0.925, "macro avg": {"precision": 0.9055790719643315, "recall": 0.8923977773901777, "f1-score": 0.898704737478133, "support": 4000}, "weighted avg": {"precision": 0.9241062276647056, "recall": 0.925, "f1-score": 0.9243806807649414, "support": 4000}}, "confusion-matrix": [[2869, 126], [174, 831]]}, "5": {"report": {"False": {"precision": 0.9422265498214866, "recall": 0.9631718646317187, "f1-score": 0.9525840853158326, "support": 3014}, "True": {"precision": 0.8792165397170838, "recall": 0.8194726166328601, "f1-score": 0.8482939632545932, "support": 986}, "accuracy": 0.92775, "macro avg": {"precision": 0.9107215447692851, "recall": 0.8913222406322894, "f1-score": 0.9004390242852129, "support": 4000}, "weighted avg": {"precision": 0.9266945823307512, "recall": 0.92775, "f1-score": 0.9268765702277371, "support": 4000}}, "confusion-matrix": [[2903, 111], [178, 808]]}, "4": {"report": {"False": {"precision": 0.9464751958224543, "recall": 0.9628154050464808, "f1-score": 0.9545753785385122, "support": 3012}, "True": {"precision": 0.8803418803418803, "recall": 0.8340080971659919, "f1-score": 0.8565488565488565, "support": 988}, "accuracy": 0.931, "macro avg": {"precision": 0.9134085380821673, "recall": 0.8984117511062364, "f1-score": 0.9055621175436843, "support": 4000}, "weighted avg": {"precision": 0.9301402668987525, "recall": 0.931, "f1-score": 0.9303628276070671, "support": 4000}}, "confusion-matrix": [[2900, 112], [164, 824]]}, "7": {"report": {"False": {"precision": 0.9471760797342192, "recall": 0.9586415601882986, "f1-score": 0.952874331550802, "support": 2974}, "True": {"precision": 0.8757575757575757, "recall": 0.8450292397660819, "f1-score": 0.8601190476190476, "support": 1026}, "accuracy": 0.9295, "macro avg": {"precision": 0.9114668277458975, "recall": 0.9018353999771902, "f1-score": 0.9064966895849248, "support": 4000}, "weighted avg": {"precision": 0.9288572334642101, "recall": 0.9295, "f1-score": 0.9290826012223069, "support": 4000}}, "confusion-matrix": [[2851, 123], [159, 867]]}, "9": {"report": {"False": {"precision": 0.9443359375, "recall": 0.9637873754152824, "f1-score": 0.9539625123314699, "support": 3010}, "True": {"precision": 0.8825431034482759, "recall": 0.8272727272727273, "f1-score": 0.8540145985401459, "support": 990}, "accuracy": 0.93, "macro avg": {"precision": 0.9134395204741379, "recall": 0.8955300513440048, "f1-score": 0.9039885554358079, "support": 4000}, "weighted avg": {"precision": 0.9290422110721983, "recall": 0.93, "f1-score": 0.9292254036681172, "support": 4000}}, "confusion-matrix": [[2901, 109], [171, 819]]}, "10": {"report": {"False": {"precision": 0.9487179487179487, "recall": 0.9603993344425956, "f1-score": 0.9545229039192988, "support": 3005}, "True": {"precision": 0.8757828810020877, "recall": 0.84321608040201, "f1-score": 0.8591909882232462, "support": 995}, "accuracy": 0.93125, "macro avg": {"precision": 0.9122504148600181, "recall": 0.9018077074223028, "f1-score": 0.9068569460712725, "support": 4000}, "weighted avg": {"precision": 0.9305753506236282, "recall": 0.93125, "f1-score": 0.9308090898899057, "support": 4000}}, "confusion-matrix": [[2886, 119], [156, 839]]}, "6": {"report": {"False": {"precision": 0.9487179487179487, "recall": 0.9572139303482587, "f1-score": 0.9529470034670628, "support": 3015}, "True": {"precision": 0.8653444676409185, "recall": 0.8416243654822335, "f1-score": 0.8533196088522903, "support": 985}, "accuracy": 0.92875, "macro avg": {"precision": 0.9070312081794336, "recall": 0.8994191479152461, "f1-score": 0.9031333061596766, "support": 4000}, "weighted avg": {"precision": 0.92818722900273, "recall": 0.92875, "f1-score": 0.9284137575431751, "support": 4000}}, "confusion-matrix": [[2886, 129], [156, 829]]}, "8": {"report": {"False": {"precision": 0.9469871583799803, "recall": 0.9654246391406512, "f1-score": 0.9561170212765958, "support": 2979}, "True": {"precision": 0.893042575285566, "recall": 0.8423114593535749, "f1-score": 0.8669354838709677, "support": 1021}, "accuracy": 0.934, "macro avg": {"precision": 0.9200148668327731, "recall": 0.9038680492471131, "f1-score": 0.9115262525737817, "support": 4000}, "weighted avg": {"precision": 0.9332178035451311, "recall": 0.934, "f1-score": 0.9333534338538093, "support": 4000}}, "confusion-matrix": [[2876, 103], [161, 860]]}}, "overall": {"report": {"False": {"precision": 0.945731568709899, "recall": 0.9605651816487969, "f1-score": 0.9530858500377158, "support": 30000.0}, "True": {"precision": 0.8758914953174383, "recall": 0.8345176601374847, "f1-score": 0.8546582426125932, "support": 10000.0}, "macro avg": {"precision": 0.9108115320136687, "recall": 0.8975414208931408, "f1-score": 0.9038720463251544, "support": 40000.0}, "weighted avg": {"precision": 0.9282757758746362, "recall": 0.9290749999999999, "f1-score": 0.9284922406255987, "support": 40000.0}, "accuracy": 0.9290749999999999}, "confusion-matrix": [[28817.0, 1183.0], [1654.0, 8346.0]]}}