{"features": "sbert-pp-emot", "classifier": "DecisionTreeClassifier", "folds": {"4": {"report": {"False": {"precision": 0.9158069883527454, "recall": 0.9136786188579017, "f1-score": 0.9147415655642347, "support": 3012}, "True": {"precision": 0.7386934673366834, "recall": 0.7439271255060729, "f1-score": 0.7413010590015128, "support": 988}, "accuracy": 0.87175, "macro avg": {"precision": 0.8272502278447145, "recall": 0.8288028721819873, "f1-score": 0.8280213122828737, "support": 4000}, "weighted avg": {"precision": 0.872059948661778, "recall": 0.87175, "f1-score": 0.8719017604432423, "support": 4000}}, "confusion-matrix": [[2752, 260], [253, 735]]}, "2": {"report": {"False": {"precision": 0.9104876419505677, "recall": 0.9059488202060485, "f1-score": 0.9082125603864734, "support": 3009}, "True": {"precision": 0.7186878727634195, "recall": 0.7295660948536832, "f1-score": 0.7240861291937908, "support": 991}, "accuracy": 0.86225, "macro avg": {"precision": 0.8145877573569936, "recall": 0.8177574575298658, "f1-score": 0.816149344790132, "support": 4000}, "weighted avg": {"precision": 0.8629692491344518, "recall": 0.86225, "f1-score": 0.8625952370584863, "support": 4000}}, "confusion-matrix": [[2726, 283], [268, 723]]}, "3": {"report": {"False": {"precision": 0.9031719532554258, "recall": 0.9031719532554258, "f1-score": 0.9031719532554258, "support": 2995}, "True": {"precision": 0.7114427860696517, "recall": 0.7114427860696517, "f1-score": 0.7114427860696517, "support": 1005}, "accuracy": 0.855, "macro avg": {"precision": 0.8073073696625388, "recall": 0.8073073696625388, "f1-score": 0.8073073696625388, "support": 4000}, "weighted avg": {"precision": 0.855, "recall": 0.855, "f1-score": 0.855, "support": 4000}}, "confusion-matrix": [[2705, 290], [290, 715]]}, "1": {"report": {"False": {"precision": 0.9109772423025435, "recall": 0.9112822229661868, "f1-score": 0.9111297071129707, "support": 2987}, "True": {"precision": 0.7381422924901185, "recall": 0.7374136229022705, "f1-score": 0.7377777777777779, "support": 1013}, "accuracy": 0.86725, "macro avg": {"precision": 0.824559767396331, "recall": 0.8243479229342286, "f1-score": 0.8244537424453743, "support": 4000}, "weighted avg": {"precision": 0.8672067912625468, "recall": 0.86725, "f1-score": 0.867228331008833, "support": 4000}}, "confusion-matrix": [[2722, 265], [266, 747]]}, "8": {"report": {"False": {"precision": 0.9094540612516645, "recall": 0.9170862705605908, "f1-score": 0.913254220290824, "support": 2979}, "True": {"precision": 0.7520080321285141, "recall": 0.7335945151811949, "f1-score": 0.7426871591472484, "support": 1021}, "accuracy": 0.87025, "macro avg": {"precision": 0.8307310466900892, "recall": 0.8253403928708929, "f1-score": 0.8279706897190362, "support": 4000}, "weighted avg": {"precision": 0.8692659623179805, "recall": 0.87025, "f1-score": 0.8697169779339264, "support": 4000}}, "confusion-matrix": [[2732, 247], [272, 749]]}, "6": {"report": {"False": {"precision": 0.9127272727272727, "recall": 0.9157545605306799, "f1-score": 0.9142384105960265, "support": 3015}, "True": {"precision": 0.7394871794871795, "recall": 0.7319796954314721, "f1-score": 0.7357142857142857, "support": 985}, "accuracy": 0.8705, "macro avg": {"precision": 0.8261072261072261, "recall": 0.8238671279810761, "f1-score": 0.8249763481551561, "support": 4000}, "weighted avg": {"precision": 0.8700668997668998, "recall": 0.8705, "f1-score": 0.8702768448438978, "support": 4000}}, "confusion-matrix": [[2761, 254], [264, 721]]}, "5": {"report": {"False": {"precision": 0.9102606400527878, "recall": 0.9153948241539482, "f1-score": 0.9128205128205128, "support": 3014}, "True": {"precision": 0.7368421052631579, "recall": 0.7241379310344828, "f1-score": 0.7304347826086957, "support": 986}, "accuracy": 0.86825, "macro avg": {"precision": 0.8235513726579728, "recall": 0.8197663775942154, "f1-score": 0.8216276477146043, "support": 4000}, "weighted avg": {"precision": 0.867512971227144, "recall": 0.86825, "f1-score": 0.8678624303232999, "support": 4000}}, "confusion-matrix": [[2759, 255], [272, 714]]}, "9": {"report": {"False": {"precision": 0.9139357828533599, "recall": 0.9172757475083056, "f1-score": 0.915602719283701, "support": 3010}, "True": {"precision": 0.745658835546476, "recall": 0.7373737373737373, "f1-score": 0.7414931437277806, "support": 990}, "accuracy": 0.87275, "macro avg": {"precision": 0.829797309199918, "recall": 0.8273247424410215, "f1-score": 0.8285479315057408, "support": 4000}, "weighted avg": {"precision": 0.8722872383949061, "recall": 0.87275, "f1-score": 0.8725105993336106, "support": 4000}}, "confusion-matrix": [[2761, 249], [260, 730]]}, "7": {"report": {"False": {"precision": 0.898406374501992, "recall": 0.9098856758574311, "f1-score": 0.9041095890410958, "support": 2974}, "True": {"precision": 0.728744939271255, "recall": 0.7017543859649122, "f1-score": 0.7149950347567031, "support": 1026}, "accuracy": 0.8565, "macro avg": {"precision": 0.8135756568866235, "recall": 0.8058200309111716, "f1-score": 0.8095523118988994, "support": 4000}, "weighted avg": {"precision": 0.8548882163653079, "recall": 0.8565, "f1-score": 0.8556017058671491, "support": 4000}}, "confusion-matrix": [[2706, 268], [306, 720]]}, "10": {"report": {"False": {"precision": 0.9166666666666666, "recall": 0.9041597337770383, "f1-score": 0.9103702462724074, "support": 3005}, "True": {"precision": 0.722007722007722, "recall": 0.7517587939698492, "f1-score": 0.7365829640571148, "support": 995}, "accuracy": 0.86625, "macro avg": {"precision": 0.8193371943371943, "recall": 0.8279592638734438, "f1-score": 0.8234766051647611, "support": 4000}, "weighted avg": {"precision": 0.8682452541827541, "recall": 0.86625, "f1-score": 0.8671406598213534, "support": 4000}}, "confusion-matrix": [[2717, 288], [247, 748]]}}, "overall": {"report": {"False": {"precision": 0.9101894623915026, "recall": 0.9113638427673557, "f1-score": 0.9107651484623671, "support": 30000.0}, "True": {"precision": 0.7331715232364178, "recall": 0.7302948688287327, "f1-score": 0.7316515122054561, "support": 10000.0}, "macro avg": {"precision": 0.8216804928139603, "recall": 0.8208293557980442, "f1-score": 0.8212083303339117, "support": 40000.0}, "weighted avg": {"precision": 0.865950253131377, "recall": 0.866075, "f1-score": 0.8659834546633798, "support": 40000.0}, "accuracy": 0.866075}, "confusion-matrix": [[27341.0, 2659.0], [2698.0, 7302.0]]}}