{"features": "sbert-pp-pos", "classifier": "DecisionTreeClassifier", "folds": {"1": {"report": {"False": {"precision": 0.9162759544541192, "recall": 0.9159691998660864, "f1-score": 0.9161225514816674, "support": 2987}, "True": {"precision": 0.752465483234714, "recall": 0.7532082922013821, "f1-score": 0.7528367044893932, "support": 1013}, "accuracy": 0.87475, "macro avg": {"precision": 0.8343707188444166, "recall": 0.8345887460337342, "f1-score": 0.8344796279855303, "support": 4000}, "weighted avg": {"precision": 0.8747909526178048, "recall": 0.87475, "f1-score": 0.8747704107308739, "support": 4000}}, "confusion-matrix": [[2736, 251], [250, 763]]}, "2": {"report": {"False": {"precision": 0.9090909090909091, "recall": 0.9139248919906946, "f1-score": 0.9115014915478953, "support": 3009}, "True": {"precision": 0.7343589743589743, "recall": 0.722502522704339, "f1-score": 0.7283825025432349, "support": 991}, "accuracy": 0.8665, "macro avg": {"precision": 0.8217249417249417, "recall": 0.8182137073475169, "f1-score": 0.819941997045565, "support": 4000}, "weighted avg": {"precision": 0.8658010722610723, "recall": 0.8665, "f1-score": 0.8661337620219908, "support": 4000}}, "confusion-matrix": [[2750, 259], [275, 716]]}, "4": {"report": {"False": {"precision": 0.9158383035122598, "recall": 0.9176626826029216, "f1-score": 0.9167495854063018, "support": 3012}, "True": {"precision": 0.7474541751527495, "recall": 0.742914979757085, "f1-score": 0.7451776649746192, "support": 988}, "accuracy": 0.8745, "macro avg": {"precision": 0.8316462393325046, "recall": 0.8302888311800033, "f1-score": 0.8309636251904605, "support": 4000}, "weighted avg": {"precision": 0.8742474238074608, "recall": 0.8745, "f1-score": 0.8743713210596762, "support": 4000}}, "confusion-matrix": [[2764, 248], [254, 734]]}, "8": {"report": {"False": {"precision": 0.9141803553469662, "recall": 0.9154078549848943, "f1-score": 0.9147936933914793, "support": 2979}, "True": {"precision": 0.7522123893805309, "recall": 0.7492654260528894, "f1-score": 0.7507360157016683, "support": 1021}, "accuracy": 0.873, "macro avg": {"precision": 0.8331963723637485, "recall": 0.8323366405188919, "f1-score": 0.8327648545465738, "support": 4000}, "weighted avg": {"precision": 0.8728380320340337, "recall": 0.873, "f1-score": 0.872917971161155, "support": 4000}}, "confusion-matrix": [[2727, 252], [256, 765]]}, "3": {"report": {"False": {"precision": 0.9099399599733156, "recall": 0.9108514190317195, "f1-score": 0.9103954613716001, "support": 2995}, "True": {"precision": 0.7335329341317365, "recall": 0.7313432835820896, "f1-score": 0.7324364723467863, "support": 1005}, "accuracy": 0.86575, "macro avg": {"precision": 0.821736447052526, "recall": 0.8210973513069045, "f1-score": 0.8214159668591932, "support": 4000}, "weighted avg": {"precision": 0.8656176947306189, "recall": 0.86575, "f1-score": 0.8656832653791157, "support": 4000}}, "confusion-matrix": [[2728, 267], [270, 735]]}, "6": {"report": {"False": {"precision": 0.9120079391333112, "recall": 0.9144278606965174, "f1-score": 0.9132162967870154, "support": 3015}, "True": {"precision": 0.7359263050153532, "recall": 0.7299492385786802, "f1-score": 0.7329255861365953, "support": 985}, "accuracy": 0.869, "macro avg": {"precision": 0.8239671220743322, "recall": 0.8221885496375988, "f1-score": 0.8230709414618054, "support": 4000}, "weighted avg": {"precision": 0.868647836731764, "recall": 0.869, "f1-score": 0.8688197092893495, "support": 4000}}, "confusion-matrix": [[2757, 258], [266, 719]]}, "9": {"report": {"False": {"precision": 0.91583499667332, "recall": 0.9146179401993355, "f1-score": 0.9152260638297872, "support": 3010}, "True": {"precision": 0.7414486921529175, "recall": 0.7444444444444445, "f1-score": 0.7429435483870968, "support": 990}, "accuracy": 0.8725, "macro avg": {"precision": 0.8286418444131187, "recall": 0.82953119232189, "f1-score": 0.8290848061084419, "support": 4000}, "weighted avg": {"precision": 0.8726743863045203, "recall": 0.8725, "f1-score": 0.8725861412577214, "support": 4000}}, "confusion-matrix": [[2753, 257], [253, 737]]}, "5": {"report": {"False": {"precision": 0.918972990996999, "recall": 0.9143994691439947, "f1-score": 0.9166805255280226, "support": 3014}, "True": {"precision": 0.7422577422577422, "recall": 0.7535496957403651, "f1-score": 0.7478610971313538, "support": 986}, "accuracy": 0.87475, "macro avg": {"precision": 0.8306153666273706, "recall": 0.8339745824421799, "f1-score": 0.8322708113296882, "support": 4000}, "weighted avg": {"precision": 0.8754126821827722, "recall": 0.87475, "f1-score": 0.8750665364282438, "support": 4000}}, "confusion-matrix": [[2756, 258], [243, 743]]}, "10": {"report": {"False": {"precision": 0.9143618793735422, "recall": 0.913144758735441, "f1-score": 0.9137529137529139, "support": 3005}, "True": {"precision": 0.7387387387387387, "recall": 0.7417085427135678, "f1-score": 0.7402206619859578, "support": 995}, "accuracy": 0.8705, "macro avg": {"precision": 0.8265503090561405, "recall": 0.8274266507245044, "f1-score": 0.8269867878694359, "support": 4000}, "weighted avg": {"precision": 0.8706756231406348, "recall": 0.8705, "f1-score": 0.8705867661258835, "support": 4000}}, "confusion-matrix": [[2744, 261], [257, 738]]}, "7": {"report": {"False": {"precision": 0.911163258464633, "recall": 0.9139206455951581, "f1-score": 0.9125398690616083, "support": 2974}, "True": {"precision": 0.7482792527040315, "recall": 0.7417153996101364, "f1-score": 0.7449828683308861, "support": 1026}, "accuracy": 0.86975, "macro avg": {"precision": 0.8297212555843323, "recall": 0.8278180226026473, "f1-score": 0.8287613686962472, "support": 4000}, "weighted avg": {"precision": 0.8693835109870387, "recall": 0.86975, "f1-score": 0.8695614983741781, "support": 4000}}, "confusion-matrix": [[2718, 256], [265, 761]]}}, "overall": {"report": {"False": {"precision": 0.9137666547019375, "recall": 0.9144326722846763, "f1-score": 0.9140978452158292, "support": 30000.0}, "True": {"precision": 0.7426674687127488, "recall": 0.7410601825384978, "f1-score": 0.7418503122027591, "support": 10000.0}, "macro avg": {"precision": 0.8282170617073433, "recall": 0.8277464274115871, "f1-score": 0.8279740787092942, "support": 40000.0}, "weighted avg": {"precision": 0.871008921479772, "recall": 0.8711, "f1-score": 0.8710497381828188, "support": 40000.0}, "accuracy": 0.8711}, "confusion-matrix": [[27433.0, 2567.0], [2589.0, 7411.0]]}}