{"features": "sbert-pos-emot", "classifier": "DecisionTreeClassifier", "folds": {"2": {"report": {"False": {"precision": 0.8544973544973545, "recall": 0.8587570621468926, "f1-score": 0.8566219128128626, "support": 3009}, "True": {"precision": 0.5645491803278688, "recall": 0.5560040363269425, "f1-score": 0.5602440264361973, "support": 991}, "accuracy": 0.78375, "macro avg": {"precision": 0.7095232674126117, "recall": 0.7073805492369176, "f1-score": 0.70843296962453, "support": 4000}, "weighted avg": {"precision": 0.7826626943468644, "recall": 0.78375, "f1-score": 0.7831942914630438, "support": 4000}}, "confusion-matrix": [[2584, 425], [440, 551]]}, "1": {"report": {"False": {"precision": 0.8533244236551955, "recall": 0.855038500167392, "f1-score": 0.854180602006689, "support": 2987}, "True": {"precision": 0.5700099304865939, "recall": 0.5666337611056268, "f1-score": 0.5683168316831684, "support": 1013}, "accuracy": 0.782, "macro avg": {"precision": 0.7116671770708947, "recall": 0.7108361306365094, "f1-score": 0.7112487168449286, "support": 4000}, "weighted avg": {"precision": 0.7815750282602472, "recall": 0.782, "f1-score": 0.7817856021722575, "support": 4000}}, "confusion-matrix": [[2554, 433], [439, 574]]}, "9": {"report": {"False": {"precision": 0.8585155732273029, "recall": 0.860797342192691, "f1-score": 0.8596549435965494, "support": 3010}, "True": {"precision": 0.5733197556008147, "recall": 0.5686868686868687, "f1-score": 0.5709939148073023, "support": 990}, "accuracy": 0.7885, "macro avg": {"precision": 0.7159176644140588, "recall": 0.7147421054397798, "f1-score": 0.7153244292019258, "support": 4000}, "weighted avg": {"precision": 0.7879296083647471, "recall": 0.7885, "f1-score": 0.7882113389712107, "support": 4000}}, "confusion-matrix": [[2591, 419], [427, 563]]}, "4": {"report": {"False": {"precision": 0.8575638506876228, "recall": 0.8695219123505976, "f1-score": 0.8635014836795252, "support": 3012}, "True": {"precision": 0.5845665961945031, "recall": 0.5597165991902834, "f1-score": 0.5718717683557394, "support": 988}, "accuracy": 0.793, "macro avg": {"precision": 0.7210652234410629, "recall": 0.7146192557704405, "f1-score": 0.7176866260176322, "support": 4000}, "weighted avg": {"precision": 0.7901335288278222, "recall": 0.793, "f1-score": 0.79146894399455, "support": 4000}}, "confusion-matrix": [[2619, 393], [435, 553]]}, "5": {"report": {"False": {"precision": 0.870376541152949, "recall": 0.8666224286662243, "f1-score": 0.8684954280964257, "support": 3014}, "True": {"precision": 0.5975975975975976, "recall": 0.6054766734279919, "f1-score": 0.6015113350125945, "support": 986}, "accuracy": 0.80225, "macro avg": {"precision": 0.7339870693752732, "recall": 0.7360495510471081, "f1-score": 0.7350033815545101, "support": 4000}, "weighted avg": {"precision": 0.8031365315665548, "recall": 0.80225, "f1-score": 0.8026838491512612, "support": 4000}}, "confusion-matrix": [[2612, 402], [389, 597]]}, "7": {"report": {"False": {"precision": 0.8464095744680851, "recall": 0.8560860793544048, "f1-score": 0.8512203276496155, "support": 2974}, "True": {"precision": 0.5685483870967742, "recall": 0.5497076023391813, "f1-score": 0.5589692765113975, "support": 1026}, "accuracy": 0.7775, "macro avg": {"precision": 0.7074789807824297, "recall": 0.702896840846793, "f1-score": 0.7050948020805066, "support": 4000}, "weighted avg": {"precision": 0.7751381799073438, "recall": 0.7775, "f1-score": 0.7762579330326626, "support": 4000}}, "confusion-matrix": [[2546, 428], [462, 564]]}, "3": {"report": {"False": {"precision": 0.8550628722700199, "recall": 0.862771285475793, "f1-score": 0.8588997839454878, "support": 2995}, "True": {"precision": 0.5797546012269938, "recall": 0.564179104477612, "f1-score": 0.5718608169440241, "support": 1005}, "accuracy": 0.78775, "macro avg": {"precision": 0.7174087367485069, "recall": 0.7134751949767024, "f1-score": 0.715380300444756, "support": 4000}, "weighted avg": {"precision": 0.7858916691704596, "recall": 0.78775, "f1-score": 0.7867812434863701, "support": 4000}}, "confusion-matrix": [[2584, 411], [438, 567]]}, "6": {"report": {"False": {"precision": 0.8543371522094927, "recall": 0.8656716417910447, "f1-score": 0.8599670510708401, "support": 3015}, "True": {"precision": 0.5714285714285714, "recall": 0.5482233502538071, "f1-score": 0.5595854922279793, "support": 985}, "accuracy": 0.7875, "macro avg": {"precision": 0.712882861819032, "recall": 0.7069474960224259, "f1-score": 0.7097762716494097, "support": 4000}, "weighted avg": {"precision": 0.7846709141921908, "recall": 0.7875, "f1-score": 0.7859980922057858, "support": 4000}}, "confusion-matrix": [[2610, 405], [445, 540]]}, "8": {"report": {"False": {"precision": 0.8487170943018993, "recall": 0.8549848942598187, "f1-score": 0.8518394648829433, "support": 2979}, "True": {"precision": 0.5675675675675675, "recall": 0.555337904015671, "f1-score": 0.5613861386138614, "support": 1021}, "accuracy": 0.7785, "macro avg": {"precision": 0.7081423309347334, "recall": 0.7051613991377448, "f1-score": 0.7066128017484024, "support": 4000}, "weighted avg": {"precision": 0.7769536776029611, "recall": 0.7785, "f1-score": 0.7777012533527602, "support": 4000}}, "confusion-matrix": [[2547, 432], [454, 567]]}, "10": {"report": {"False": {"precision": 0.8540558510638298, "recall": 0.8549084858569052, "f1-score": 0.8544819557625145, "support": 3005}, "True": {"precision": 0.5604838709677419, "recall": 0.5587939698492462, "f1-score": 0.5596376446904882, "support": 995}, "accuracy": 0.78125, "macro avg": {"precision": 0.7072698610157858, "recall": 0.7068512278530756, "f1-score": 0.7070598002265014, "support": 4000}, "weighted avg": {"precision": 0.7810298210149278, "recall": 0.78125, "f1-score": 0.781139433383348, "support": 4000}}, "confusion-matrix": [[2569, 436], [439, 556]]}}, "overall": {"report": {"False": {"precision": 0.855286028753375, "recall": 0.8605159632261765, "f1-score": 0.8578862953503453, "support": 30000.0}, "True": {"precision": 0.5737826058495027, "recall": 0.5632759869673232, "f1-score": 0.5684377245282752, "support": 10000.0}, "macro avg": {"precision": 0.714534317301439, "recall": 0.7118959750967496, "f1-score": 0.7131620099393103, "support": 40000.0}, "weighted avg": {"precision": 0.784912165325412, "recall": 0.7862000000000001, "f1-score": 0.7855221981213251, "support": 40000.0}, "accuracy": 0.7862000000000001}, "confusion-matrix": [[25816.0, 4184.0], [4368.0, 5632.0]]}}