{"features": "sbert-pp-pos", "classifier": "SVC", "folds": {"3": {"report": {"False": {"precision": 0.9404213298222515, "recall": 0.9539232053422371, "f1-score": 0.9471241505055528, "support": 2995}, "True": {"precision": 0.8565488565488566, "recall": 0.8199004975124378, "f1-score": 0.8378240976105745, "support": 1005}, "accuracy": 0.92025, "macro avg": {"precision": 0.898485093185554, "recall": 0.8869118514273374, "f1-score": 0.8924741240580636, "support": 4000}, "weighted avg": {"precision": 0.919348370912311, "recall": 0.92025, "f1-score": 0.9196625122156895, "support": 4000}}, "confusion-matrix": [[2857, 138], [181, 824]]}, "1": {"report": {"False": {"precision": 0.9461257066844031, "recall": 0.9524606628724472, "f1-score": 0.9492826159492826, "support": 2987}, "True": {"precision": 0.8569989929506546, "recall": 0.8400789733464955, "f1-score": 0.8484546360917249, "support": 1013}, "accuracy": 0.924, "macro avg": {"precision": 0.9015623498175289, "recall": 0.8962698181094714, "f1-score": 0.8988686260205038, "support": 4000}, "weighted avg": {"precision": 0.9235543664313314, "recall": 0.924, "f1-score": 0.9237479300503562, "support": 4000}}, "confusion-matrix": [[2845, 142], [162, 851]]}, "5": {"report": {"False": {"precision": 0.9417696811971373, "recall": 0.9605175846051759, "f1-score": 0.9510512483574245, "support": 3014}, "True": {"precision": 0.8714902807775378, "recall": 0.8184584178498986, "f1-score": 0.8441422594142259, "support": 986}, "accuracy": 0.9255, "macro avg": {"precision": 0.9066299809873375, "recall": 0.8894880012275372, "f1-score": 0.8975967538858252, "support": 4000}, "weighted avg": {"precision": 0.924445808993706, "recall": 0.9255, "f1-score": 0.924698182582926, "support": 4000}}, "confusion-matrix": [[2895, 119], [179, 807]]}, "2": {"report": {"False": {"precision": 0.943717277486911, "recall": 0.9584579594549685, "f1-score": 0.9510305028854081, "support": 3009}, "True": {"precision": 0.8675847457627118, "recall": 0.8264379414732593, "f1-score": 0.8465116279069766, "support": 991}, "accuracy": 0.92575, "macro avg": {"precision": 0.9056510116248114, "recall": 0.8924479504641138, "f1-score": 0.8987710653961924, "support": 4000}, "weighted avg": {"precision": 0.9248554427522406, "recall": 0.92575, "f1-score": 0.9251359516095017, "support": 4000}}, "confusion-matrix": [[2884, 125], [172, 819]]}, "4": {"report": {"False": {"precision": 0.9437540876389797, "recall": 0.9581673306772909, "f1-score": 0.9509060955518945, "support": 3012}, "True": {"precision": 0.8662420382165605, "recall": 0.8259109311740891, "f1-score": 0.8455958549222798, "support": 988}, "accuracy": 0.9255, "macro avg": {"precision": 0.9049980629277701, "recall": 0.89203913092569, "f1-score": 0.8982509752370872, "support": 4000}, "weighted avg": {"precision": 0.9246086114316422, "recall": 0.9255, "f1-score": 0.9248944661163797, "support": 4000}}, "confusion-matrix": [[2886, 126], [172, 816]]}, "6": {"report": {"False": {"precision": 0.9459370904325033, "recall": 0.9575456053067993, "f1-score": 0.9517059502225154, "support": 3015}, "True": {"precision": 0.8649789029535865, "recall": 0.8324873096446701, "f1-score": 0.8484221417485772, "support": 985}, "accuracy": 0.92675, "macro avg": {"precision": 0.9054579966930449, "recall": 0.8950164574757347, "f1-score": 0.9000640459855462, "support": 4000}, "weighted avg": {"precision": 0.92600113676582, "recall": 0.92675, "f1-score": 0.9262723123858081, "support": 4000}}, "confusion-matrix": [[2887, 128], [165, 820]]}, "7": {"report": {"False": {"precision": 0.9478609625668449, "recall": 0.9535978480161399, "f1-score": 0.9507207509218907, "support": 2974}, "True": {"precision": 0.8630952380952381, "recall": 0.847953216374269, "f1-score": 0.855457227138643, "support": 1026}, "accuracy": 0.9265, "macro avg": {"precision": 0.9054781003310415, "recall": 0.9007755321952045, "f1-score": 0.9030889890302669, "support": 4000}, "weighted avg": {"precision": 0.9261185542398778, "recall": 0.9265, "f1-score": 0.9262856570714877, "support": 4000}}, "confusion-matrix": [[2836, 138], [156, 870]]}, "9": {"report": {"False": {"precision": 0.9409076069213189, "recall": 0.9574750830564784, "f1-score": 0.9491190515396015, "support": 3010}, "True": {"precision": 0.8633938100320171, "recall": 0.8171717171717172, "f1-score": 0.8396471198754542, "support": 990}, "accuracy": 0.92275, "macro avg": {"precision": 0.902150708476668, "recall": 0.8873234001140978, "f1-score": 0.8943830857075279, "support": 4000}, "weighted avg": {"precision": 0.9217229421912168, "recall": 0.92275, "f1-score": 0.922024748452725, "support": 4000}}, "confusion-matrix": [[2882, 128], [181, 809]]}, "8": {"report": {"False": {"precision": 0.942875902823375, "recall": 0.964081906680094, "f1-score": 0.9533609958506225, "support": 2979}, "True": {"precision": 0.8878406708595388, "recall": 0.8295788442703232, "f1-score": 0.8577215189873418, "support": 1021}, "accuracy": 0.92975, "macro avg": {"precision": 0.9153582868414569, "recall": 0.8968303754752086, "f1-score": 0.9055412574189822, "support": 4000}, "weighted avg": {"precision": 0.9288281598646059, "recall": 0.92975, "f1-score": 0.9289490193812701, "support": 4000}}, "confusion-matrix": [[2872, 107], [174, 847]]}, "10": {"report": {"False": {"precision": 0.945705824284304, "recall": 0.956405990016639, "f1-score": 0.9510258107213765, "support": 3005}, "True": {"precision": 0.8636836628511967, "recall": 0.8341708542713567, "f1-score": 0.8486707566462167, "support": 995}, "accuracy": 0.926, "macro avg": {"precision": 0.9046947435677504, "recall": 0.8952884221439978, "f1-score": 0.8998482836837967, "support": 4000}, "weighted avg": {"precision": 0.9253028116278187, "recall": 0.926, "f1-score": 0.9255649910201805, "support": 4000}}, "confusion-matrix": [[2874, 131], [165, 830]]}}, "overall": {"report": {"False": {"precision": 0.9439075469858027, "recall": 0.9572633176028271, "f1-score": 0.950532717250557, "support": 30000.0}, "True": {"precision": 0.86618571990479, "recall": 0.8292148703088517, "f1-score": 0.8472447240342014, "support": 10000.0}, "macro avg": {"precision": 0.9050466334452963, "recall": 0.8932390939558392, "f1-score": 0.8988887206423792, "support": 40000.0}, "weighted avg": {"precision": 0.9244786205210571, "recall": 0.9252750000000001, "f1-score": 0.9247235770886324, "support": 40000.0}, "accuracy": 0.9252750000000001}, "confusion-matrix": [[28718.0, 1282.0], [1707.0, 8293.0]]}}