{"features": "sbert-emot", "classifier": "SVC", "folds": {"1": {"report": {"False": {"precision": 0.9320742213386348, "recall": 0.941747572815534, "f1-score": 0.9368859283930058, "support": 2987}, "True": {"precision": 0.8228105906313645, "recall": 0.7976307996051333, "f1-score": 0.8100250626566416, "support": 1013}, "accuracy": 0.90525, "macro avg": {"precision": 0.8774424059849997, "recall": 0.8696891862103336, "f1-score": 0.8734554955248237, "support": 4000}, "weighted avg": {"precision": 0.9044032068620186, "recall": 0.90525, "f1-score": 0.9047584141452716, "support": 4000}}, "confusion-matrix": [[2813, 174], [205, 808]]}, "2": {"report": {"False": {"precision": 0.9279688513951979, "recall": 0.9504818876703224, "f1-score": 0.939090461336398, "support": 3009}, "True": {"precision": 0.8376906318082789, "recall": 0.7759838546922301, "f1-score": 0.8056574122577267, "support": 991}, "accuracy": 0.90725, "macro avg": {"precision": 0.8828297416017383, "recall": 0.8632328711812762, "f1-score": 0.8723739367970623, "support": 4000}, "weighted avg": {"precision": 0.9056024224925388, "recall": 0.90725, "f1-score": 0.9060324234271572, "support": 4000}}, "confusion-matrix": [[2860, 149], [222, 769]]}, "3": {"report": {"False": {"precision": 0.9253828608667318, "recall": 0.9482470784641068, "f1-score": 0.9366754617414247, "support": 2995}, "True": {"precision": 0.8335123523093448, "recall": 0.7721393034825871, "f1-score": 0.8016528925619836, "support": 1005}, "accuracy": 0.904, "macro avg": {"precision": 0.8794476065880383, "recall": 0.8601931909733469, "f1-score": 0.8691641771517041, "support": 4000}, "weighted avg": {"precision": 0.9023003955916884, "recall": 0.904, "f1-score": 0.9027510412350901, "support": 4000}}, "confusion-matrix": [[2840, 155], [229, 776]]}, "5": {"report": {"False": {"precision": 0.9282018111254852, "recall": 0.9522229595222296, "f1-score": 0.9400589584015723, "support": 3014}, "True": {"precision": 0.8414096916299559, "recall": 0.7748478701825557, "f1-score": 0.8067581837381204, "support": 986}, "accuracy": 0.9085, "macro avg": {"precision": 0.8848057513777206, "recall": 0.8635354148523926, "f1-score": 0.8734085710698463, "support": 4000}, "weighted avg": {"precision": 0.9068075536698372, "recall": 0.9085, "f1-score": 0.9072003174470313, "support": 4000}}, "confusion-matrix": [[2870, 144], [222, 764]]}, "4": {"report": {"False": {"precision": 0.9359895493141738, "recall": 0.951527224435591, "f1-score": 0.9436944352979915, "support": 3012}, "True": {"precision": 0.8443496801705757, "recall": 0.8016194331983806, "f1-score": 0.8224299065420562, "support": 988}, "accuracy": 0.9145, "macro avg": {"precision": 0.8901696147423748, "recall": 0.8765733288169858, "f1-score": 0.8830621709200238, "support": 4000}, "weighted avg": {"precision": 0.913354501635705, "recall": 0.9145, "f1-score": 0.9137420966952754, "support": 4000}}, "confusion-matrix": [[2866, 146], [196, 792]]}, "7": {"report": {"False": {"precision": 0.9313531353135314, "recall": 0.948890383322125, "f1-score": 0.9400399733510993, "support": 2974}, "True": {"precision": 0.843298969072165, "recall": 0.797270955165692, "f1-score": 0.8196392785571142, "support": 1026}, "accuracy": 0.91, "macro avg": {"precision": 0.8873260521928481, "recall": 0.8730806692439086, "f1-score": 0.8798396259541068, "support": 4000}, "weighted avg": {"precision": 0.9087672416726209, "recall": 0.91, "f1-score": 0.9091571951364422, "support": 4000}}, "confusion-matrix": [[2822, 152], [208, 818]]}, "8": {"report": {"False": {"precision": 0.9293228139381986, "recall": 0.9489761664988251, "f1-score": 0.939046669988374, "support": 2979}, "True": {"precision": 0.8413361169102297, "recall": 0.7894221351616063, "f1-score": 0.8145528044466902, "support": 1021}, "accuracy": 0.90825, "macro avg": {"precision": 0.8853294654242141, "recall": 0.8691991508302157, "f1-score": 0.8767997372175321, "support": 4000}, "weighted avg": {"precision": 0.9068642095218096, "recall": 0.90825, "f1-score": 0.9072696108088593, "support": 4000}}, "confusion-matrix": [[2827, 152], [215, 806]]}, "10": {"report": {"False": {"precision": 0.9350263852242744, "recall": 0.9434276206322796, "f1-score": 0.9392082160013251, "support": 3005}, "True": {"precision": 0.8243801652892562, "recall": 0.8020100502512563, "f1-score": 0.8130412633723894, "support": 995}, "accuracy": 0.90825, "macro avg": {"precision": 0.8797032752567653, "recall": 0.8727188354417679, "f1-score": 0.8761247396868572, "support": 4000}, "weighted avg": {"precision": 0.9075031380154387, "recall": 0.90825, "f1-score": 0.9078241865348773, "support": 4000}}, "confusion-matrix": [[2835, 170], [197, 798]]}, "9": {"report": {"False": {"precision": 0.930460333006856, "recall": 0.946843853820598, "f1-score": 0.9385806026675448, "support": 3010}, "True": {"precision": 0.8292422625400213, "recall": 0.7848484848484848, "f1-score": 0.8064348728593669, "support": 990}, "accuracy": 0.90675, "macro avg": {"precision": 0.8798512977734387, "recall": 0.8658461693345414, "f1-score": 0.8725077377634558, "support": 4000}, "weighted avg": {"precision": 0.9054088605663144, "recall": 0.90675, "f1-score": 0.9058745345400208, "support": 4000}}, "confusion-matrix": [[2850, 160], [213, 777]]}, "6": {"report": {"False": {"precision": 0.9340515834149526, "recall": 0.9489220563847429, "f1-score": 0.9414281013491279, "support": 3015}, "True": {"precision": 0.8356456776947705, "recall": 0.7949238578680203, "f1-score": 0.8147762747138397, "support": 985}, "accuracy": 0.911, "macro avg": {"precision": 0.8848486305548615, "recall": 0.8719229571263816, "f1-score": 0.8781021880314839, "support": 4000}, "weighted avg": {"precision": 0.9098191291313579, "recall": 0.911, "f1-score": 0.9102400890401882, "support": 4000}}, "confusion-matrix": [[2861, 154], [202, 783]]}}, "overall": {"report": {"False": {"precision": 0.9309831544938036, "recall": 0.9481286803566356, "f1-score": 0.9394708808527863, "support": 30000.0}, "True": {"precision": 0.8353676138055963, "recall": 0.7890696744455947, "f1-score": 0.8114967951705928, "support": 10000.0}, "macro avg": {"precision": 0.8831753841496999, "recall": 0.868599177401115, "f1-score": 0.8754838380116896, "support": 40000.0}, "weighted avg": {"precision": 0.9070830659159329, "recall": 0.908375, "f1-score": 0.9074849909010213, "support": 40000.0}, "accuracy": 0.908375}, "confusion-matrix": [[28444.0, 1556.0], [2109.0, 7891.0]]}}