{
    "overall": {
        "report": {
            "accuracy": 0.7879499999999999,
            "False": {
                "precision": 0.9150542011165425,
                "recall": 0.7907000000000001,
                "f1-score": 0.848326797493447,
                "support": 3000.0
            },
            "True": {
                "precision": 0.5539385836857258,
                "recall": 0.7797,
                "f1-score": 0.6476664529333918,
                "support": 1000.0
            },
            "weighted avg": {
                "precision": 0.8247752967588383,
                "recall": 0.78795,
                "f1-score": 0.7981617113534332,
                "support": 4000.0
            }
        },
        "confusion-matrix": [
            [
                2372.1,
                627.9
            ],
            [
                220.3,
                779.7
            ]
        ]
    },
    "features": "sbert-pp-pos-emot",
    "classifier": "BayesianNetworks"
}