{"features": "sbert-pp-pos", "classifier": "SVC", "folds": {"1": {"report": {"False": {"precision": 0.9499170812603649, "recall": 0.9588215600937395, "f1-score": 0.9543485504831722, "support": 2987}, "True": {"precision": 0.8751269035532995, "recall": 0.8509378084896347, "f1-score": 0.8628628628628628, "support": 1013}, "accuracy": 0.9315, "macro avg": {"precision": 0.9125219924068322, "recall": 0.9048796842916871, "f1-score": 0.9086057066730175, "support": 4000}, "weighted avg": {"precision": 0.9309764687560507, "recall": 0.9315, "f1-score": 0.9311798000933288, "support": 4000}}, "confusion-matrix": [[2864, 123], [151, 862]]}, "2": {"report": {"False": {"precision": 0.9425962165688193, "recall": 0.96045197740113, "f1-score": 0.9514403292181071, "support": 3009}, "True": {"precision": 0.8725910064239829, "recall": 0.822401614530777, "f1-score": 0.8467532467532467, "support": 991}, "accuracy": 0.92625, "macro avg": {"precision": 0.9075936114964012, "recall": 0.8914267959659534, "f1-score": 0.8990967879856768, "support": 4000}, "weighted avg": {"precision": 0.9252524257554361, "recall": 0.92625, "f1-score": 0.9255041045374378, "support": 4000}}, "confusion-matrix": [[2890, 119], [176, 815]]}, "4": {"report": {"False": {"precision": 0.9491027732463295, "recall": 0.9658034528552457, "f1-score": 0.9573802863254895, "support": 3012}, "True": {"precision": 0.8898395721925134, "recall": 0.8421052631578947, "f1-score": 0.8653146125845034, "support": 988}, "accuracy": 0.93525, "macro avg": {"precision": 0.9194711727194215, "recall": 0.9039543580065702, "f1-score": 0.9113474494549965, "support": 4000}, "weighted avg": {"precision": 0.9344647625860368, "recall": 0.93525, "f1-score": 0.934640064911466, "support": 4000}}, "confusion-matrix": [[2909, 103], [156, 832]]}, "3": {"report": {"False": {"precision": 0.9441340782122905, "recall": 0.9592654424040067, "f1-score": 0.9516396157668102, "support": 2995}, "True": {"precision": 0.8725182863113897, "recall": 0.8308457711442786, "f1-score": 0.8511722731906217, "support": 1005}, "accuracy": 0.927, "macro avg": {"precision": 0.90832618226184, "recall": 0.8950556067741426, "f1-score": 0.9014059444787159, "support": 4000}, "weighted avg": {"precision": 0.9261406104971892, "recall": 0.927, "f1-score": 0.9263971959445427, "support": 4000}}, "confusion-matrix": [[2873, 122], [170, 835]]}, "5": {"report": {"False": {"precision": 0.9446073639622027, "recall": 0.9618447246184473, "f1-score": 0.9531481177050798, "support": 3014}, "True": {"precision": 0.8764769065520945, "recall": 0.8275862068965517, "f1-score": 0.8513302034428796, "support": 986}, "accuracy": 0.92875, "macro avg": {"precision": 0.9105421352571486, "recall": 0.8947154657574995, "f1-score": 0.9022391605739797, "support": 4000}, "weighted avg": {"precision": 0.927813206210611, "recall": 0.92875, "f1-score": 0.9280500018394475, "support": 4000}}, "confusion-matrix": [[2899, 115], [170, 816]]}, "7": {"report": {"False": {"precision": 0.9482415394824154, "recall": 0.960995292535306, "f1-score": 0.9545758183032733, "support": 2974}, "True": {"precision": 0.8823529411764706, "recall": 0.847953216374269, "f1-score": 0.8648111332007952, "support": 1026}, "accuracy": 0.932, "macro avg": {"precision": 0.915297240329443, "recall": 0.9044742544547875, "f1-score": 0.9096934757520343, "support": 4000}, "weighted avg": {"precision": 0.9313411140169405, "recall": 0.932, "f1-score": 0.9315511765744877, "support": 4000}}, "confusion-matrix": [[2858, 116], [156, 870]]}, "8": {"report": {"False": {"precision": 0.9475420653249752, "recall": 0.964081906680094, "f1-score": 0.9557404326123128, "support": 2979}, "True": {"precision": 0.8895768833849329, "recall": 0.8442703232125367, "f1-score": 0.8663316582914572, "support": 1021}, "accuracy": 0.9335, "macro avg": {"precision": 0.9185594743549541, "recall": 0.9041761149463153, "f1-score": 0.911036045451885, "support": 4000}, "weighted avg": {"precision": 0.9327464526347794, "recall": 0.9335, "f1-score": 0.9329188429669144, "support": 4000}}, "confusion-matrix": [[2872, 107], [159, 862]]}, "6": {"report": {"False": {"precision": 0.9517558254020347, "recall": 0.9618573797678275, "f1-score": 0.9567799406136588, "support": 3015}, "True": {"precision": 0.8793284365162645, "recall": 0.8507614213197969, "f1-score": 0.8648090815273478, "support": 985}, "accuracy": 0.9345, "macro avg": {"precision": 0.9155421309591496, "recall": 0.9063094005438121, "f1-score": 0.9107945110705034, "support": 4000}, "weighted avg": {"precision": 0.9339205808889137, "recall": 0.9345, "f1-score": 0.9341321165636547, "support": 4000}}, "confusion-matrix": [[2900, 115], [147, 838]]}, "10": {"report": {"False": {"precision": 0.9490131578947368, "recall": 0.9600665557404326, "f1-score": 0.9545078577336643, "support": 3005}, "True": {"precision": 0.875, "recall": 0.8442211055276382, "f1-score": 0.8593350383631713, "support": 995}, "accuracy": 0.93125, "macro avg": {"precision": 0.9120065789473684, "recall": 0.9021438306340355, "f1-score": 0.9069214480484178, "support": 4000}, "weighted avg": {"precision": 0.9306023848684211, "recall": 0.93125, "f1-score": 0.9308336189152542, "support": 4000}}, "confusion-matrix": [[2885, 120], [155, 840]]}, "9": {"report": {"False": {"precision": 0.9480901077375122, "recall": 0.9647840531561461, "f1-score": 0.9563642351391405, "support": 3010}, "True": {"precision": 0.8868729989327642, "recall": 0.8393939393939394, "f1-score": 0.862480539699014, "support": 990}, "accuracy": 0.93375, "macro avg": {"precision": 0.9174815533351381, "recall": 0.9020889962750427, "f1-score": 0.9094223874190772, "support": 4000}, "weighted avg": {"precision": 0.9329388733083371, "recall": 0.93375, "f1-score": 0.9331280205177092, "support": 4000}}, "confusion-matrix": [[2904, 106], [159, 831]]}}, "overall": {"report": {"False": {"precision": 0.9475000209091681, "recall": 0.9617972345252376, "f1-score": 0.954592518390071, "support": 30000.0}, "True": {"precision": 0.8799683935043712, "recall": 0.8400476670047317, "f1-score": 0.85952006499159, "support": 10000.0}, "macro avg": {"precision": 0.9137342072067698, "recall": 0.9009224507649846, "f1-score": 0.9070562916908305, "support": 40000.0}, "weighted avg": {"precision": 0.9306196879522716, "recall": 0.9313749999999998, "f1-score": 0.9308334942864243, "support": 40000.0}, "accuracy": 0.9313749999999998}, "confusion-matrix": [[28854.0, 1146.0], [1599.0, 8401.0]]}}