{"features": "sbert-pos-emot", "classifier": "SVC", "folds": {"1": {"report": {"False": {"precision": 0.9318854886475815, "recall": 0.9481084700368263, "f1-score": 0.9399269830733489, "support": 2987}, "True": {"precision": 0.8387096774193549, "recall": 0.7956564659427443, "f1-score": 0.8166160081053699, "support": 1013}, "accuracy": 0.9095, "macro avg": {"precision": 0.8852975830334682, "recall": 0.8718824679897853, "f1-score": 0.8782714955893594, "support": 4000}, "weighted avg": {"precision": 0.908288714454033, "recall": 0.9095, "f1-score": 0.9086984786627083, "support": 4000}}, "confusion-matrix": [[2832, 155], [207, 806]]}, "2": {"report": {"False": {"precision": 0.9268845033969589, "recall": 0.9521435692921236, "f1-score": 0.9393442622950819, "support": 3009}, "True": {"precision": 0.8415841584158416, "recall": 0.7719475277497477, "f1-score": 0.8052631578947369, "support": 991}, "accuracy": 0.9075, "macro avg": {"precision": 0.8842343309064002, "recall": 0.8620455485209357, "f1-score": 0.8723037100949094, "support": 4000}, "weighted avg": {"precision": 0.9057513429278871, "recall": 0.9075, "f1-score": 0.9061256686798965, "support": 4000}}, "confusion-matrix": [[2865, 144], [226, 765]]}, "3": {"report": {"False": {"precision": 0.9313276651406148, "recall": 0.9509181969949917, "f1-score": 0.9410209813315712, "support": 2995}, "True": {"precision": 0.8439490445859873, "recall": 0.7910447761194029, "f1-score": 0.8166409861325116, "support": 1005}, "accuracy": 0.91075, "macro avg": {"precision": 0.8876383548633011, "recall": 0.8709814865571973, "f1-score": 0.8788309837320414, "support": 4000}, "weighted avg": {"precision": 0.9093737867262646, "recall": 0.91075, "f1-score": 0.9097705075378075, "support": 4000}}, "confusion-matrix": [[2848, 147], [210, 795]]}, "4": {"report": {"False": {"precision": 0.9350310153444336, "recall": 0.950863213811421, "f1-score": 0.9428806584362139, "support": 3012}, "True": {"precision": 0.8420490928495198, "recall": 0.798582995951417, "f1-score": 0.8197402597402598, "support": 988}, "accuracy": 0.91325, "macro avg": {"precision": 0.8885400540969767, "recall": 0.874723104881419, "f1-score": 0.8813104590882368, "support": 4000}, "weighted avg": {"precision": 0.9120644804881899, "recall": 0.91325, "f1-score": 0.9124649799583133, "support": 4000}}, "confusion-matrix": [[2864, 148], [199, 789]]}, "8": {"report": {"False": {"precision": 0.9322314049586777, "recall": 0.94662638469285, "f1-score": 0.9393737508327782, "support": 2979}, "True": {"precision": 0.8369230769230769, "recall": 0.7992164544564153, "f1-score": 0.8176352705410822, "support": 1021}, "accuracy": 0.909, "macro avg": {"precision": 0.8845772409408773, "recall": 0.8729214195746327, "f1-score": 0.8785045106869303, "support": 4000}, "weighted avg": {"precision": 0.9079039542275906, "recall": 0.909, "f1-score": 0.9083000037383228, "support": 4000}}, "confusion-matrix": [[2820, 159], [205, 816]]}, "6": {"report": {"False": {"precision": 0.9345916042954767, "recall": 0.9525704809286899, "f1-score": 0.9434954007884362, "support": 3015}, "True": {"precision": 0.8457389428263214, "recall": 0.7959390862944162, "f1-score": 0.8200836820083682, "support": 985}, "accuracy": 0.914, "macro avg": {"precision": 0.8901652735608991, "recall": 0.8742547836115531, "f1-score": 0.8817895413984023, "support": 4000}, "weighted avg": {"precision": 0.9127116364086971, "recall": 0.914, "f1-score": 0.9131052650388445, "support": 4000}}, "confusion-matrix": [[2872, 143], [201, 784]]}, "10": {"report": {"False": {"precision": 0.9368595041322314, "recall": 0.9430948419301165, "f1-score": 0.939966832504146, "support": 3005}, "True": {"precision": 0.8246153846153846, "recall": 0.8080402010050252, "f1-score": 0.8162436548223352, "support": 995}, "accuracy": 0.9095, "macro avg": {"precision": 0.8807374443738081, "recall": 0.8755675214675709, "f1-score": 0.8781052436632406, "support": 4000}, "weighted avg": {"precision": 0.9089387794024157, "recall": 0.9095, "f1-score": 0.9091906920557956, "support": 4000}}, "confusion-matrix": [[2834, 171], [191, 804]]}, "5": {"report": {"False": {"precision": 0.9291693496458467, "recall": 0.9575315195753152, "f1-score": 0.9431372549019608, "support": 3014}, "True": {"precision": 0.8568232662192393, "recall": 0.7768762677484787, "f1-score": 0.8148936170212766, "support": 986}, "accuracy": 0.913, "macro avg": {"precision": 0.892996307932543, "recall": 0.867203893661897, "f1-score": 0.8790154359616187, "support": 4000}, "weighted avg": {"precision": 0.911336040081188, "recall": 0.913, "f1-score": 0.9115251981643722, "support": 4000}}, "confusion-matrix": [[2886, 128], [220, 766]]}, "9": {"report": {"False": {"precision": 0.9329627207325049, "recall": 0.9478405315614618, "f1-score": 0.9403427818061965, "support": 3010}, "True": {"precision": 0.8333333333333334, "recall": 0.7929292929292929, "f1-score": 0.8126293995859213, "support": 990}, "accuracy": 0.9095, "macro avg": {"precision": 0.8831480270329191, "recall": 0.8703849122453773, "f1-score": 0.8764860906960589, "support": 4000}, "weighted avg": {"precision": 0.9083044473512099, "recall": 0.9095, "f1-score": 0.9087337197066784, "support": 4000}}, "confusion-matrix": [[2853, 157], [205, 785]]}, "7": {"report": {"False": {"precision": 0.9289256198347108, "recall": 0.9448554135843981, "f1-score": 0.9368228038006334, "support": 2974}, "True": {"precision": 0.8317948717948718, "recall": 0.7904483430799221, "f1-score": 0.8105947026486757, "support": 1026}, "accuracy": 0.90525, "macro avg": {"precision": 0.8803602458147912, "recall": 0.8676518783321601, "f1-score": 0.8737087532246546, "support": 4000}, "weighted avg": {"precision": 0.9040115829624921, "recall": 0.90525, "f1-score": 0.9044452958551562, "support": 4000}}, "confusion-matrix": [[2810, 164], [215, 811]]}}, "overall": {"report": {"False": {"precision": 0.9319868876129037, "recall": 0.9494552622408193, "f1-score": 0.9406311709770367, "support": 30000.0}, "True": {"precision": 0.8395520848982931, "recall": 0.7920681411276862, "f1-score": 0.8150340738500537, "support": 10000.0}, "macro avg": {"precision": 0.8857694862555985, "recall": 0.8707617016842528, "f1-score": 0.8778326224135451, "support": 40000.0}, "weighted avg": {"precision": 0.9088684765029967, "recall": 0.9101250000000001, "f1-score": 0.9092359809397894, "support": 40000.0}, "accuracy": 0.9101250000000001}, "confusion-matrix": [[28484.0, 1516.0], [2079.0, 7921.0]]}}