{"features": "sbert-pp-pos-emot", "classifier": "DecisionTreeClassifier", "folds": {"2": {"report": {"False": {"precision": 0.9068076668869796, "recall": 0.9119308740445331, "f1-score": 0.9093620546810274, "support": 3009}, "True": {"precision": 0.7279260780287474, "recall": 0.715438950554995, "f1-score": 0.7216284987277353, "support": 991}, "accuracy": 0.86325, "macro avg": {"precision": 0.8173668724578635, "recall": 0.813684912299764, "f1-score": 0.8154952767043813, "support": 4000}, "weighted avg": {"precision": 0.8624897532473527, "recall": 0.86325, "f1-score": 0.8628510661935993, "support": 4000}}, "confusion-matrix": [[2744, 265], [282, 709]]}, "1": {"report": {"False": {"precision": 0.9164138860802157, "recall": 0.9102778707733512, "f1-score": 0.9133355727242191, "support": 2987}, "True": {"precision": 0.7405614714424008, "recall": 0.7551826258637709, "f1-score": 0.7478005865102638, "support": 1013}, "accuracy": 0.871, "macro avg": {"precision": 0.8284876787613082, "recall": 0.832730248318561, "f1-score": 0.8305680796172414, "support": 4000}, "weighted avg": {"precision": 0.871879262073189, "recall": 0.871, "f1-score": 0.8714138374655349, "support": 4000}}, "confusion-matrix": [[2719, 268], [248, 765]]}, "8": {"report": {"False": {"precision": 0.9178727701110737, "recall": 0.9154078549848943, "f1-score": 0.9166386554621848, "support": 2979}, "True": {"precision": 0.7551020408163265, "recall": 0.7610186092066601, "f1-score": 0.7580487804878049, "support": 1021}, "accuracy": 0.876, "macro avg": {"precision": 0.8364874054637002, "recall": 0.8382132320957771, "f1-score": 0.8373437179749949, "support": 4000}, "weighted avg": {"precision": 0.8763255414585894, "recall": 0.876, "f1-score": 0.8761585898749744, "support": 4000}}, "confusion-matrix": [[2727, 252], [244, 777]]}, "4": {"report": {"False": {"precision": 0.9182119205298013, "recall": 0.9206507304116865, "f1-score": 0.9194297082228116, "support": 3012}, "True": {"precision": 0.7561224489795918, "recall": 0.75, "f1-score": 0.753048780487805, "support": 988}, "accuracy": 0.8785, "macro avg": {"precision": 0.8371671847546965, "recall": 0.8353253652058432, "f1-score": 0.8362392443553083, "support": 4000}, "weighted avg": {"precision": 0.8781758210568995, "recall": 0.8785, "f1-score": 0.8783336190722649, "support": 4000}}, "confusion-matrix": [[2773, 239], [247, 741]]}, "6": {"report": {"False": {"precision": 0.9119683481701286, "recall": 0.9174129353233831, "f1-score": 0.9146825396825397, "support": 3015}, "True": {"precision": 0.7425025853154085, "recall": 0.7289340101522843, "f1-score": 0.7356557377049181, "support": 985}, "accuracy": 0.871, "macro avg": {"precision": 0.8272354667427686, "recall": 0.8231734727378337, "f1-score": 0.8251691386937289, "support": 4000}, "weighted avg": {"precision": 0.8702374040671538, "recall": 0.871, "f1-score": 0.8705971896955502, "support": 4000}}, "confusion-matrix": [[2766, 249], [267, 718]]}, "9": {"report": {"False": {"precision": 0.9194943446440452, "recall": 0.9182724252491694, "f1-score": 0.9188829787234042, "support": 3010}, "True": {"precision": 0.7525150905432596, "recall": 0.7555555555555555, "f1-score": 0.7540322580645161, "support": 990}, "accuracy": 0.878, "macro avg": {"precision": 0.8360047175936525, "recall": 0.8369139904023625, "f1-score": 0.8364576183939602, "support": 4000}, "weighted avg": {"precision": 0.8781669792541007, "recall": 0.878, "f1-score": 0.8780824253603293, "support": 4000}}, "confusion-matrix": [[2764, 246], [242, 748]]}, "5": {"report": {"False": {"precision": 0.9124087591240876, "recall": 0.9124087591240876, "f1-score": 0.9124087591240876, "support": 3014}, "True": {"precision": 0.7322515212981744, "recall": 0.7322515212981744, "f1-score": 0.7322515212981744, "support": 986}, "accuracy": 0.868, "macro avg": {"precision": 0.8223301402111309, "recall": 0.8223301402111309, "f1-score": 0.8223301402111309, "support": 4000}, "weighted avg": {"precision": 0.868, "recall": 0.868, "f1-score": 0.868, "support": 4000}}, "confusion-matrix": [[2750, 264], [264, 722]]}, "7": {"report": {"False": {"precision": 0.9112822229661868, "recall": 0.9152656355077337, "f1-score": 0.9132695856399933, "support": 2974}, "True": {"precision": 0.7512339585389931, "recall": 0.7417153996101364, "f1-score": 0.7464443354585582, "support": 1026}, "accuracy": 0.87075, "macro avg": {"precision": 0.8312580907525899, "recall": 0.828490517558935, "f1-score": 0.8298569605492757, "support": 4000}, "weighted avg": {"precision": 0.8702298431406116, "recall": 0.87075, "f1-score": 0.8704789089684551, "support": 4000}}, "confusion-matrix": [[2722, 252], [265, 761]]}, "3": {"report": {"False": {"precision": 0.9105827193569993, "recall": 0.9078464106844741, "f1-score": 0.9092125062698545, "support": 2995}, "True": {"precision": 0.727810650887574, "recall": 0.7343283582089553, "f1-score": 0.7310549777117384, "support": 1005}, "accuracy": 0.86425, "macro avg": {"precision": 0.8191966851222867, "recall": 0.8210873844467147, "f1-score": 0.8201337419907965, "support": 4000}, "weighted avg": {"precision": 0.8646612371540562, "recall": 0.86425, "f1-score": 0.8644504272196278, "support": 4000}}, "confusion-matrix": [[2719, 276], [267, 738]]}, "10": {"report": {"False": {"precision": 0.917087967644085, "recall": 0.9054908485856905, "f1-score": 0.9112525117213663, "support": 3005}, "True": {"precision": 0.7250726040658277, "recall": 0.7527638190954774, "f1-score": 0.7386587771203157, "support": 995}, "accuracy": 0.8675, "macro avg": {"precision": 0.8210802858549564, "recall": 0.829127333840584, "f1-score": 0.824955644420841, "support": 4000}, "weighted avg": {"precision": 0.8693241459539934, "recall": 0.8675, "f1-score": 0.868319820239355, "support": 4000}}, "confusion-matrix": [[2721, 284], [246, 749]]}}, "overall": {"report": {"False": {"precision": 0.9142130605513602, "recall": 0.9134964344689005, "f1-score": 0.9138474872251487, "support": 30000.0}, "True": {"precision": 0.7411098449916304, "recall": 0.7427188849546009, "f1-score": 0.741862425357183, "support": 10000.0}, "macro avg": {"precision": 0.8276614527714953, "recall": 0.8281076597117506, "f1-score": 0.8278549562911659, "support": 40000.0}, "weighted avg": {"precision": 0.8709489987405947, "recall": 0.870825, "f1-score": 0.8708685884089691, "support": 40000.0}, "accuracy": 0.870825}, "confusion-matrix": [[27405.0, 2595.0], [2572.0, 7428.0]]}}