{"features": "sbert-pos", "classifier": "SVC", "folds": {"1": {"report": {"False": {"precision": 0.9331136738056013, "recall": 0.9481084700368263, "f1-score": 0.9405513118565262, "support": 2987}, "True": {"precision": 0.8393782383419689, "recall": 0.7996051332675223, "f1-score": 0.8190091001011122, "support": 1013}, "accuracy": 0.9105, "macro avg": {"precision": 0.8862459560737851, "recall": 0.8738568016521743, "f1-score": 0.8797802059788191, "support": 4000}, "weighted avg": {"precision": 0.9093751747744363, "recall": 0.9105, "f1-score": 0.9097707467294676, "support": 4000}}, "confusion-matrix": [[2832, 155], [203, 810]]}, "2": {"report": {"False": {"precision": 0.9285714285714286, "recall": 0.9548022598870056, "f1-score": 0.9415041782729805, "support": 3009}, "True": {"precision": 0.8498896247240618, "recall": 0.7769929364278506, "f1-score": 0.8118081180811808, "support": 991}, "accuracy": 0.91075, "macro avg": {"precision": 0.8892305266477452, "recall": 0.8658975981574282, "f1-score": 0.8766561481770807, "support": 4000}, "weighted avg": {"precision": 0.9090780116682434, "recall": 0.91075, "f1-score": 0.9093719793604621, "support": 4000}}, "confusion-matrix": [[2873, 136], [221, 770]]}, "4": {"report": {"False": {"precision": 0.9340266493337667, "recall": 0.954183266932271, "f1-score": 0.9439973723107243, "support": 3012}, "True": {"precision": 0.8504875406283857, "recall": 0.7945344129554656, "f1-score": 0.8215593929879644, "support": 988}, "accuracy": 0.91475, "macro avg": {"precision": 0.8922570949810762, "recall": 0.8743588399438682, "f1-score": 0.8827783826493444, "support": 4000}, "weighted avg": {"precision": 0.9133924894835376, "recall": 0.91475, "f1-score": 0.9137551914180027, "support": 4000}}, "confusion-matrix": [[2874, 138], [203, 785]]}, "3": {"report": {"False": {"precision": 0.931135770234987, "recall": 0.9525876460767947, "f1-score": 0.9417395609836606, "support": 2995}, "True": {"precision": 0.8482905982905983, "recall": 0.7900497512437811, "f1-score": 0.8181349819680577, "support": 1005}, "accuracy": 0.91175, "macro avg": {"precision": 0.8897131842627926, "recall": 0.8713186986602879, "f1-score": 0.8799372714758591, "support": 4000}, "weighted avg": {"precision": 0.9103209207839593, "recall": 0.91175, "f1-score": 0.9106839105059904, "support": 4000}}, "confusion-matrix": [[2853, 142], [211, 794]]}, "5": {"report": {"False": {"precision": 0.9297227595099935, "recall": 0.9568679495686795, "f1-score": 0.9431000654022236, "support": 3014}, "True": {"precision": 0.8552338530066815, "recall": 0.7789046653144016, "f1-score": 0.8152866242038217, "support": 986}, "accuracy": 0.913, "macro avg": {"precision": 0.8924783062583375, "recall": 0.8678863074415406, "f1-score": 0.8791933448030227, "support": 4000}, "weighted avg": {"precision": 0.9113612440569272, "recall": 0.913, "f1-score": 0.9115940521468174, "support": 4000}}, "confusion-matrix": [[2884, 130], [218, 768]]}, "7": {"report": {"False": {"precision": 0.9297029702970298, "recall": 0.9472091459314055, "f1-score": 0.9383744170552965, "support": 2974}, "True": {"precision": 0.8381443298969072, "recall": 0.7923976608187134, "f1-score": 0.814629258517034, "support": 1026}, "accuracy": 0.9075, "macro avg": {"precision": 0.8839236500969685, "recall": 0.8698034033750595, "f1-score": 0.8765018377861653, "support": 4000}, "weighted avg": {"precision": 0.9062181790343984, "recall": 0.9075, "f1-score": 0.9066337838902322, "support": 4000}}, "confusion-matrix": [[2817, 157], [213, 813]]}, "8": {"report": {"False": {"precision": 0.9304319155951204, "recall": 0.9472977509231285, "f1-score": 0.9387890884896872, "support": 2979}, "True": {"precision": 0.8376421923474664, "recall": 0.7933398628795298, "f1-score": 0.8148893360160965, "support": 1021}, "accuracy": 0.908, "macro avg": {"precision": 0.8840370539712934, "recall": 0.8703188069013292, "f1-score": 0.8768392122528919, "support": 4000}, "weighted avg": {"precision": 0.9067473387361568, "recall": 0.908, "f1-score": 0.9071636766708032, "support": 4000}}, "confusion-matrix": [[2822, 157], [211, 810]]}, "6": {"report": {"False": {"precision": 0.9347684279191129, "recall": 0.9505804311774461, "f1-score": 0.9426081236638711, "support": 3015}, "True": {"precision": 0.8404710920770878, "recall": 0.7969543147208121, "f1-score": 0.8181344450234497, "support": 985}, "accuracy": 0.91275, "macro avg": {"precision": 0.8876197599981004, "recall": 0.8737673729491291, "f1-score": 0.8803712843436604, "support": 4000}, "weighted avg": {"precision": 0.9115477089680142, "recall": 0.91275, "f1-score": 0.9119564802986674, "support": 4000}}, "confusion-matrix": [[2866, 149], [200, 785]]}, "9": {"report": {"False": {"precision": 0.9304065040650407, "recall": 0.9504983388704319, "f1-score": 0.9403451109285127, "support": 3010}, "True": {"precision": 0.8389189189189189, "recall": 0.7838383838383839, "f1-score": 0.810443864229765, "support": 990}, "accuracy": 0.90925, "macro avg": {"precision": 0.8846627114919798, "recall": 0.8671683613544079, "f1-score": 0.8753944875791388, "support": 4000}, "weighted avg": {"precision": 0.9077633267413755, "recall": 0.90925, "f1-score": 0.9081945523705727, "support": 4000}}, "confusion-matrix": [[2861, 149], [214, 776]]}, "10": {"report": {"False": {"precision": 0.9357495881383855, "recall": 0.9450915141430949, "f1-score": 0.9403973509933774, "support": 3005}, "True": {"precision": 0.8290155440414507, "recall": 0.8040201005025126, "f1-score": 0.8163265306122449, "support": 995}, "accuracy": 0.91, "macro avg": {"precision": 0.882382566089918, "recall": 0.8745558073228037, "f1-score": 0.8783619408028112, "support": 4000}, "weighted avg": {"precision": 0.9091994946692729, "recall": 0.91, "f1-score": 0.9095347344235706, "support": 4000}}, "confusion-matrix": [[2840, 165], [195, 800]]}}, "overall": {"report": {"False": {"precision": 0.9317629687470467, "recall": 0.9507226773547085, "f1-score": 0.941140657995686, "support": 30000.0}, "True": {"precision": 0.8427471932273528, "recall": 0.7910637221968972, "f1-score": 0.8160221651740727, "support": 10000.0}, "macro avg": {"precision": 0.8872550809871997, "recall": 0.8708931997758029, "f1-score": 0.8785814115848793, "support": 40000.0}, "weighted avg": {"precision": 0.9095003888916322, "recall": 0.910825, "f1-score": 0.9098659107814585, "support": 40000.0}, "accuracy": 0.910825}, "confusion-matrix": [[28522.0, 1478.0], [2089.0, 7911.0]]}}