{"features": "sbert-pp", "classifier": "DecisionTreeClassifier", "folds": {"3": {"report": {"False": {"precision": 0.9020326557814062, "recall": 0.9038397328881469, "f1-score": 0.9029352901934624, "support": 2995}, "True": {"precision": 0.7117117117117117, "recall": 0.7074626865671642, "f1-score": 0.7095808383233533, "support": 1005}, "accuracy": 0.8545, "macro avg": {"precision": 0.8068721837465589, "recall": 0.8056512097276556, "f1-score": 0.8062580642584078, "support": 4000}, "weighted avg": {"precision": 0.8542145185838954, "recall": 0.8545, "f1-score": 0.8543549841610975, "support": 4000}}, "confusion-matrix": [[2707, 288], [294, 711]]}, "2": {"report": {"False": {"precision": 0.9100265604249668, "recall": 0.9109338650714524, "f1-score": 0.9104799867131705, "support": 3009}, "True": {"precision": 0.728744939271255, "recall": 0.7265388496468214, "f1-score": 0.7276402223345124, "support": 991}, "accuracy": 0.86525, "macro avg": {"precision": 0.819385749848111, "recall": 0.8187363573591369, "f1-score": 0.8190601045238415, "support": 4000}, "weighted avg": {"precision": 0.8651140387841346, "recall": 0.86525, "f1-score": 0.865181435088358, "support": 4000}}, "confusion-matrix": [[2741, 268], [271, 720]]}, "4": {"report": {"False": {"precision": 0.9125248508946322, "recall": 0.9143426294820717, "f1-score": 0.9134328358208956, "support": 3012}, "True": {"precision": 0.7372708757637475, "recall": 0.7327935222672065, "f1-score": 0.7350253807106599, "support": 988}, "accuracy": 0.8695, "macro avg": {"precision": 0.8248978633291899, "recall": 0.8235680758746391, "f1-score": 0.8242291082657778, "support": 4000}, "weighted avg": {"precision": 0.8692371190373036, "recall": 0.8695, "f1-score": 0.8693661944086674, "support": 4000}}, "confusion-matrix": [[2754, 258], [264, 724]]}, "1": {"report": {"False": {"precision": 0.9124748490945674, "recall": 0.9109474389019083, "f1-score": 0.9117105042720723, "support": 2987}, "True": {"precision": 0.7387033398821218, "recall": 0.7423494570582428, "f1-score": 0.7405219103889709, "support": 1013}, "accuracy": 0.86825, "macro avg": {"precision": 0.8255890944883446, "recall": 0.8266484479800755, "f1-score": 0.8261162073305216, "support": 4000}, "weighted avg": {"precision": 0.8684672143865156, "recall": 0.86825, "f1-score": 0.8683569928711768, "support": 4000}}, "confusion-matrix": [[2721, 266], [261, 752]]}, "8": {"report": {"False": {"precision": 0.9073829927488464, "recall": 0.9241356159785162, "f1-score": 0.915682687510394, "support": 2979}, "True": {"precision": 0.7660455486542443, "recall": 0.7247796278158668, "f1-score": 0.7448414695520886, "support": 1021}, "accuracy": 0.87325, "macro avg": {"precision": 0.8367142707015454, "recall": 0.8244576218971915, "f1-score": 0.8302620785312413, "support": 4000}, "weighted avg": {"precision": 0.8713066101436993, "recall": 0.87325, "f1-score": 0.8720754666265366, "support": 4000}}, "confusion-matrix": [[2753, 226], [281, 740]]}, "6": {"report": {"False": {"precision": 0.9121644017235665, "recall": 0.9127694859038142, "f1-score": 0.9124668435013263, "support": 3015}, "True": {"precision": 0.7324516785350966, "recall": 0.7309644670050761, "f1-score": 0.7317073170731706, "support": 985}, "accuracy": 0.868, "macro avg": {"precision": 0.8223080401293316, "recall": 0.8218669764544452, "f1-score": 0.8220870802872484, "support": 4000}, "weighted avg": {"precision": 0.8679101436384058, "recall": 0.868, "f1-score": 0.8679548101183929, "support": 4000}}, "confusion-matrix": [[2752, 263], [265, 720]]}, "5": {"report": {"False": {"precision": 0.9067460317460317, "recall": 0.9097544790975448, "f1-score": 0.9082477641603179, "support": 3014}, "True": {"precision": 0.7213114754098361, "recall": 0.7139959432048681, "f1-score": 0.7176350662589195, "support": 986}, "accuracy": 0.8615, "macro avg": {"precision": 0.8140287535779339, "recall": 0.8118752111512064, "f1-score": 0.8129414152096187, "support": 4000}, "weighted avg": {"precision": 0.8610364136091596, "recall": 0.8615, "f1-score": 0.8612617341276232, "support": 4000}}, "confusion-matrix": [[2742, 272], [282, 704]]}, "7": {"report": {"False": {"precision": 0.8998028909329829, "recall": 0.9209818426361802, "f1-score": 0.9102691924227317, "support": 2974}, "True": {"precision": 0.75418410041841, "recall": 0.702729044834308, "f1-score": 0.727547931382442, "support": 1026}, "accuracy": 0.865, "macro avg": {"precision": 0.8269934956756965, "recall": 0.8118554437352441, "f1-score": 0.8189085619025869, "support": 4000}, "weighted avg": {"precision": 0.862451671165995, "recall": 0.865, "f1-score": 0.8634011889658975, "support": 4000}}, "confusion-matrix": [[2739, 235], [305, 721]]}, "10": {"report": {"False": {"precision": 0.9159098553649512, "recall": 0.9061564059900167, "f1-score": 0.9110070257611241, "support": 3005}, "True": {"precision": 0.7254138266796495, "recall": 0.7487437185929648, "f1-score": 0.7368941641938674, "support": 995}, "accuracy": 0.867, "macro avg": {"precision": 0.8206618410223003, "recall": 0.8274500622914908, "f1-score": 0.8239505949774958, "support": 4000}, "weighted avg": {"precision": 0.8685239682294823, "recall": 0.867, "f1-score": 0.8676964514462691, "support": 4000}}, "confusion-matrix": [[2723, 282], [250, 745]]}, "9": {"report": {"False": {"precision": 0.9121644017235665, "recall": 0.9142857142857143, "f1-score": 0.9132238261158122, "support": 3010}, "True": {"precision": 0.7375381485249237, "recall": 0.7323232323232324, "f1-score": 0.7349214394323367, "support": 990}, "accuracy": 0.86925, "macro avg": {"precision": 0.8248512751242452, "recall": 0.8233044733044733, "f1-score": 0.8240726327740744, "support": 4000}, "weighted avg": {"precision": 0.8689444040569024, "recall": 0.86925, "f1-score": 0.8690939854116521, "support": 4000}}, "confusion-matrix": [[2752, 258], [265, 725]]}}, "overall": {"report": {"False": {"precision": 0.9091229490435518, "recall": 0.9128147210235366, "f1-score": 0.9109455956471308, "support": 30000.0}, "True": {"precision": 0.7353375644850997, "recall": 0.7262680549315752, "f1-score": 0.7306315739650322, "support": 10000.0}, "macro avg": {"precision": 0.8222302567643258, "recall": 0.8195413879775559, "f1-score": 0.8207885848060814, "support": 40000.0}, "weighted avg": {"precision": 0.8657206101635493, "recall": 0.86615, "f1-score": 0.8658743243225671, "support": 40000.0}, "accuracy": 0.86615}, "confusion-matrix": [[27384.0, 2616.0], [2738.0, 7262.0]]}}