{"features": "sbert", "classifier": "SVC", "folds": {"2": {"report": {"False": {"precision": 0.9276443867618429, "recall": 0.9501495513459621, "f1-score": 0.9387621080282385, "support": 3009}, "True": {"precision": 0.8366013071895425, "recall": 0.7749747729566094, "f1-score": 0.8046097433211106, "support": 991}, "accuracy": 0.90675, "macro avg": {"precision": 0.8821228469756928, "recall": 0.8625621621512858, "f1-score": 0.8716859256746745, "support": 4000}, "weighted avg": {"precision": 0.9050884637978054, "recall": 0.90675, "f1-score": 0.9055258596720476, "support": 4000}}, "confusion-matrix": [[2859, 150], [223, 768]]}, "1": {"report": {"False": {"precision": 0.9327369118621603, "recall": 0.942417140944091, "f1-score": 0.9375520399666945, "support": 2987}, "True": {"precision": 0.824847250509165, "recall": 0.7996051332675223, "f1-score": 0.81203007518797, "support": 1013}, "accuracy": 0.90625, "macro avg": {"precision": 0.8787920811856627, "recall": 0.8710111371058067, "f1-score": 0.8747910575773322, "support": 4000}, "weighted avg": {"precision": 0.9054138551245142, "recall": 0.90625, "f1-score": 0.9057636023864825, "support": 4000}}, "confusion-matrix": [[2815, 172], [203, 810]]}, "3": {"report": {"False": {"precision": 0.928781443972558, "recall": 0.9492487479131887, "f1-score": 0.9389035667107002, "support": 2995}, "True": {"precision": 0.838125665601704, "recall": 0.7830845771144279, "f1-score": 0.8096707818930041, "support": 1005}, "accuracy": 0.9075, "macro avg": {"precision": 0.883453554787131, "recall": 0.8661666625138082, "f1-score": 0.8742871743018521, "support": 4000}, "weighted avg": {"precision": 0.906004179656881, "recall": 0.9075, "f1-score": 0.9064338295252541, "support": 4000}}, "confusion-matrix": [[2843, 152], [218, 787]]}, "4": {"report": {"False": {"precision": 0.9348109517601043, "recall": 0.952191235059761, "f1-score": 0.943421052631579, "support": 3012}, "True": {"precision": 0.8454935622317596, "recall": 0.7975708502024291, "f1-score": 0.8208333333333333, "support": 988}, "accuracy": 0.914, "macro avg": {"precision": 0.8901522569959319, "recall": 0.8748810426310951, "f1-score": 0.8821271929824561, "support": 4000}, "weighted avg": {"precision": 0.9127495565466033, "recall": 0.914, "f1-score": 0.9131418859649123, "support": 4000}}, "confusion-matrix": [[2868, 144], [200, 788]]}, "7": {"report": {"False": {"precision": 0.9296100462656973, "recall": 0.9458641560188299, "f1-score": 0.9376666666666666, "support": 2974}, "True": {"precision": 0.8347022587268994, "recall": 0.7923976608187134, "f1-score": 0.813, "support": 1026}, "accuracy": 0.9065, "macro avg": {"precision": 0.8821561524962984, "recall": 0.8691309084187717, "f1-score": 0.8753333333333333, "support": 4000}, "weighted avg": {"precision": 0.9052661987619957, "recall": 0.9065, "f1-score": 0.9056896666666666, "support": 4000}}, "confusion-matrix": [[2813, 161], [213, 813]]}, "5": {"report": {"False": {"precision": 0.9296140123256569, "recall": 0.9508958195089582, "f1-score": 0.9401344923732984, "support": 3014}, "True": {"precision": 0.8386041439476554, "recall": 0.7799188640973631, "f1-score": 0.8081975827640567, "support": 986}, "accuracy": 0.90875, "macro avg": {"precision": 0.8841090781366561, "recall": 0.8654073418031607, "f1-score": 0.8741660375686775, "support": 4000}, "weighted avg": {"precision": 0.9071800797704795, "recall": 0.90875, "f1-score": 0.9076120441546203, "support": 4000}}, "confusion-matrix": [[2866, 148], [217, 769]]}, "8": {"report": {"False": {"precision": 0.9270696452036794, "recall": 0.9472977509231285, "f1-score": 0.9370745475676573, "support": 2979}, "True": {"precision": 0.8357740585774058, "recall": 0.7825661116552399, "f1-score": 0.808295397066262, "support": 1021}, "accuracy": 0.90525, "macro avg": {"precision": 0.8814218518905426, "recall": 0.8649319312891842, "f1-score": 0.8726849723169596, "support": 4000}, "weighted avg": {"precision": 0.9037664467173231, "recall": 0.90525, "f1-score": 0.9042036694021761, "support": 4000}}, "confusion-matrix": [[2822, 157], [222, 799]]}, "9": {"report": {"False": {"precision": 0.9308545335942596, "recall": 0.948172757475083, "f1-score": 0.9394338380513496, "support": 3010}, "True": {"precision": 0.8329764453961456, "recall": 0.7858585858585858, "f1-score": 0.8087318087318086, "support": 990}, "accuracy": 0.908, "macro avg": {"precision": 0.8819154894952026, "recall": 0.8670156716668345, "f1-score": 0.8740828233915792, "support": 4000}, "weighted avg": {"precision": 0.9066297067652264, "recall": 0.908, "f1-score": 0.9070850857947631, "support": 4000}}, "confusion-matrix": [[2854, 156], [212, 778]]}, "10": {"report": {"False": {"precision": 0.93496203367448, "recall": 0.9424292845257903, "f1-score": 0.9386808087504144, "support": 3005}, "True": {"precision": 0.8218331616889805, "recall": 0.8020100502512563, "f1-score": 0.8118006103763987, "support": 995}, "accuracy": 0.9075, "macro avg": {"precision": 0.8783975976817302, "recall": 0.8722196673885233, "f1-score": 0.8752407095634065, "support": 4000}, "weighted avg": {"precision": 0.906821226768087, "recall": 0.9075, "f1-score": 0.907119359404878, "support": 4000}}, "confusion-matrix": [[2832, 173], [197, 798]]}, "6": {"report": {"False": {"precision": 0.933420365535248, "recall": 0.9485903814262023, "f1-score": 0.9409442342490542, "support": 3015}, "True": {"precision": 0.8344017094017094, "recall": 0.7928934010152284, "f1-score": 0.8131181676210306, "support": 985}, "accuracy": 0.91025, "macro avg": {"precision": 0.8839110374684787, "recall": 0.8707418912207154, "f1-score": 0.8770312009350424, "support": 4000}, "weighted avg": {"precision": 0.9090370214623642, "recall": 0.91025, "f1-score": 0.9094670653419035, "support": 4000}}, "confusion-matrix": [[2860, 155], [204, 781]]}}, "overall": {"report": {"False": {"precision": 0.9309504330955687, "recall": 0.9477256825140994, "f1-score": 0.9392573354995652, "support": 30000.0}, "True": {"precision": 0.8343359563270967, "recall": 0.7890880007237376, "f1-score": 0.8110287500294975, "support": 10000.0}, "macro avg": {"precision": 0.8826431947113328, "recall": 0.8684068416189186, "f1-score": 0.8751430427645314, "support": 40000.0}, "weighted avg": {"precision": 0.9067956735371281, "recall": 0.908075, "f1-score": 0.9072042068313705, "support": 40000.0}, "accuracy": 0.908075}, "confusion-matrix": [[28432.0, 1568.0], [2109.0, 7891.0]]}}