{"features": "sbert-pp-pos-emot", "classifier": "SVC", "folds": {"2": {"report": {"False": {"precision": 0.9422700587084148, "recall": 0.9601196410767697, "f1-score": 0.9511111111111111, "support": 3009}, "True": {"precision": 0.8715203426124197, "recall": 0.8213925327951564, "f1-score": 0.8457142857142858, "support": 991}, "accuracy": 0.92575, "macro avg": {"precision": 0.9068952006604173, "recall": 0.8907560869359631, "f1-score": 0.8984126984126984, "support": 4000}, "weighted avg": {"precision": 0.924741816545632, "recall": 0.92575, "f1-score": 0.9249990476190476, "support": 4000}}, "confusion-matrix": [[2889, 120], [177, 814]]}, "3": {"report": {"False": {"precision": 0.9432972795804654, "recall": 0.9609348914858097, "f1-score": 0.9520344029110155, "support": 2995}, "True": {"precision": 0.8767123287671232, "recall": 0.8278606965174129, "f1-score": 0.8515864892528147, "support": 1005}, "accuracy": 0.9275, "macro avg": {"precision": 0.9100048041737943, "recall": 0.8943977940016112, "f1-score": 0.9018104460819151, "support": 4000}, "weighted avg": {"precision": 0.9265678106886132, "recall": 0.9275, "f1-score": 0.9267968646043926, "support": 4000}}, "confusion-matrix": [[2878, 117], [173, 832]]}, "1": {"report": {"False": {"precision": 0.9477858559153999, "recall": 0.9601606963508537, "f1-score": 0.9539331448528189, "support": 2987}, "True": {"precision": 0.87782340862423, "recall": 0.8440276406712734, "f1-score": 0.8605938600905889, "support": 1013}, "accuracy": 0.93075, "macro avg": {"precision": 0.9128046322698149, "recall": 0.9020941685110635, "f1-score": 0.907263502471704, "support": 4000}, "weighted avg": {"precision": 0.9300678661389111, "recall": 0.93075, "f1-score": 0.930294970986784, "support": 4000}}, "confusion-matrix": [[2868, 119], [158, 855]]}, "5": {"report": {"False": {"precision": 0.9434330299089727, "recall": 0.9628400796284008, "f1-score": 0.9530377668308703, "support": 3014}, "True": {"precision": 0.8787878787878788, "recall": 0.8235294117647058, "f1-score": 0.850261780104712, "support": 986}, "accuracy": 0.9285, "macro avg": {"precision": 0.9111104543484257, "recall": 0.8931847456965534, "f1-score": 0.9016497734677911, "support": 4000}, "weighted avg": {"precision": 0.9274980001576231, "recall": 0.9285, "f1-score": 0.9277034861028722, "support": 4000}}, "confusion-matrix": [[2902, 112], [174, 812]]}, "6": {"report": {"False": {"precision": 0.9523496549457772, "recall": 0.9611940298507463, "f1-score": 0.9567514031033345, "support": 3015}, "True": {"precision": 0.877742946708464, "recall": 0.8527918781725888, "f1-score": 0.8650875386199793, "support": 985}, "accuracy": 0.9345, "macro avg": {"precision": 0.9150463008271206, "recall": 0.9069929540116676, "f1-score": 0.9109194708616569, "support": 4000}, "weighted avg": {"precision": 0.9339777530423388, "recall": 0.9345, "f1-score": 0.9341791764743083, "support": 4000}}, "confusion-matrix": [[2898, 117], [145, 840]]}, "4": {"report": {"False": {"precision": 0.9487765089722675, "recall": 0.9654714475431607, "f1-score": 0.9570511765673853, "support": 3012}, "True": {"precision": 0.8887700534759359, "recall": 0.8410931174089069, "f1-score": 0.8642745709828393, "support": 988}, "accuracy": 0.93475, "macro avg": {"precision": 0.9187732812241016, "recall": 0.9032822824760338, "f1-score": 0.9106628737751123, "support": 4000}, "weighted avg": {"precision": 0.9339549144646736, "recall": 0.93475, "f1-score": 0.9341353549880023, "support": 4000}}, "confusion-matrix": [[2908, 104], [157, 831]]}, "8": {"report": {"False": {"precision": 0.9472469502143093, "recall": 0.9644175897952333, "f1-score": 0.9557551563539588, "support": 2979}, "True": {"precision": 0.890382626680455, "recall": 0.8432908912830558, "f1-score": 0.8661971830985915, "support": 1021}, "accuracy": 0.9335, "macro avg": {"precision": 0.9188147884473821, "recall": 0.9038542405391445, "f1-score": 0.9109761697262752, "support": 4000}, "weighted avg": {"precision": 0.932732331632293, "recall": 0.9335, "f1-score": 0.9328954836805263, "support": 4000}}, "confusion-matrix": [[2873, 106], [160, 861]]}, "10": {"report": {"False": {"precision": 0.9492586490939044, "recall": 0.9587354409317803, "f1-score": 0.9539735099337749, "support": 3005}, "True": {"precision": 0.8715025906735752, "recall": 0.8452261306532663, "f1-score": 0.8581632653061223, "support": 995}, "accuracy": 0.9305, "macro avg": {"precision": 0.9103806198837399, "recall": 0.9019807857925233, "f1-score": 0.9060683876199487, "support": 4000}, "weighted avg": {"precision": 0.9299168295618475, "recall": 0.9305, "f1-score": 0.9301407115826464, "support": 4000}}, "confusion-matrix": [[2881, 124], [154, 841]]}, "9": {"report": {"False": {"precision": 0.9477636304276853, "recall": 0.9644518272425249, "f1-score": 0.9560349086118887, "support": 3010}, "True": {"precision": 0.8858057630736392, "recall": 0.8383838383838383, "f1-score": 0.8614426569797612, "support": 990}, "accuracy": 0.93325, "macro avg": {"precision": 0.9167846967506623, "recall": 0.9014178328131817, "f1-score": 0.9087387827958249, "support": 4000}, "weighted avg": {"precision": 0.9324290582575588, "recall": 0.93325, "f1-score": 0.932623326332937, "support": 4000}}, "confusion-matrix": [[2903, 107], [160, 830]]}, "7": {"report": {"False": {"precision": 0.9476300961219755, "recall": 0.9613315400134499, "f1-score": 0.9544316474712068, "support": 2974}, "True": {"precision": 0.8830111902339777, "recall": 0.8460038986354775, "f1-score": 0.8641114982578396, "support": 1026}, "accuracy": 0.93175, "macro avg": {"precision": 0.9153206431779766, "recall": 0.9036677193244638, "f1-score": 0.9092715728645232, "support": 4000}, "weighted avg": {"precision": 0.931055346761704, "recall": 0.93175, "f1-score": 0.9312645291979782, "support": 4000}}, "confusion-matrix": [[2859, 115], [158, 868]]}}, "overall": {"report": {"False": {"precision": 0.9469811713889171, "recall": 0.961965718391873, "f1-score": 0.9544114227747365, "support": 30000.0}, "True": {"precision": 0.8802059129637698, "recall": 0.8383600036285681, "f1-score": 0.8587433128407534, "support": 10000.0}, "macro avg": {"precision": 0.9135935421763435, "recall": 0.9001628610102206, "f1-score": 0.9065773678077449, "support": 40000.0}, "weighted avg": {"precision": 0.9302941727251197, "recall": 0.9310749999999999, "f1-score": 0.9305032951569494, "support": 40000.0}, "accuracy": 0.9310749999999999}, "confusion-matrix": [[28859.0, 1141.0], [1616.0, 8384.0]]}}