{"features": "sbert-emot", "classifier": "DecisionTreeClassifier", "folds": {"9": {"report": {"False": {"precision": 0.8494233937397034, "recall": 0.8564784053156146, "f1-score": 0.8529363110008271, "support": 3010}, "True": {"precision": 0.5523316062176166, "recall": 0.5383838383838384, "f1-score": 0.5452685421994885, "support": 990}, "accuracy": 0.77775, "macro avg": {"precision": 0.70087749997866, "recall": 0.6974311218497264, "f1-score": 0.6991024266001578, "support": 4000}, "weighted avg": {"precision": 0.7758931763279869, "recall": 0.77775, "f1-score": 0.7767885382224958, "support": 4000}}, "confusion-matrix": [[2578, 432], [457, 533]]}, "4": {"report": {"False": {"precision": 0.8548812664907651, "recall": 0.8605577689243028, "f1-score": 0.8577101257445401, "support": 3012}, "True": {"precision": 0.5661157024793388, "recall": 0.5546558704453441, "f1-score": 0.5603271983640081, "support": 988}, "accuracy": 0.785, "macro avg": {"precision": 0.7104984844850519, "recall": 0.7076068196848235, "f1-score": 0.7090186620542741, "support": 4000}, "weighted avg": {"precision": 0.7835561721799429, "recall": 0.785, "f1-score": 0.7842565426815488, "support": 4000}}, "confusion-matrix": [[2592, 420], [440, 548]]}, "3": {"report": {"False": {"precision": 0.8587137620793069, "recall": 0.8604340567612688, "f1-score": 0.8595730486991329, "support": 2995}, "True": {"precision": 0.5815815815815816, "recall": 0.5781094527363184, "f1-score": 0.5798403193612774, "support": 1005}, "accuracy": 0.7895, "macro avg": {"precision": 0.7201476718304443, "recall": 0.7192717547487937, "f1-score": 0.7197066840302051, "support": 4000}, "weighted avg": {"precision": 0.7890843017292535, "recall": 0.7895, "f1-score": 0.7892902004529967, "support": 4000}}, "confusion-matrix": [[2577, 418], [424, 581]]}, "1": {"report": {"False": {"precision": 0.8519385026737968, "recall": 0.8533645798459993, "f1-score": 0.852650944974076, "support": 2987}, "True": {"precision": 0.5654761904761905, "recall": 0.562685093780849, "f1-score": 0.5640771895101435, "support": 1013}, "accuracy": 0.77975, "macro avg": {"precision": 0.7087073465749936, "recall": 0.7080248368134241, "f1-score": 0.7083640672421098, "support": 4000}, "weighted avg": {"precision": 0.779391922109753, "recall": 0.77975, "f1-score": 0.7795696414028351, "support": 4000}}, "confusion-matrix": [[2549, 438], [443, 570]]}, "2": {"report": {"False": {"precision": 0.8575707154742096, "recall": 0.8564307078763709, "f1-score": 0.8570003325573661, "support": 3009}, "True": {"precision": 0.5658291457286432, "recall": 0.5681130171543896, "f1-score": 0.5669687814702922, "support": 991}, "accuracy": 0.785, "macro avg": {"precision": 0.7116999306014264, "recall": 0.7122718625153802, "f1-score": 0.7119845570138291, "support": 4000}, "weighted avg": {"precision": 0.7852917415697455, "recall": 0.785, "f1-score": 0.7851450157755435, "support": 4000}}, "confusion-matrix": [[2577, 432], [428, 563]]}, "7": {"report": {"False": {"precision": 0.8556149732620321, "recall": 0.8607935440484197, "f1-score": 0.8581964465303387, "support": 2974}, "True": {"precision": 0.5892857142857143, "recall": 0.5789473684210527, "f1-score": 0.584070796460177, "support": 1026}, "accuracy": 0.7885, "macro avg": {"precision": 0.7224503437738732, "recall": 0.7198704562347362, "f1-score": 0.7211336214952578, "support": 4000}, "weighted avg": {"precision": 0.7873015183346065, "recall": 0.7885, "f1-score": 0.7878832172873422, "support": 4000}}, "confusion-matrix": [[2560, 414], [432, 594]]}, "5": {"report": {"False": {"precision": 0.8669556518839613, "recall": 0.8626410086264101, "f1-score": 0.8647929486113421, "support": 3014}, "True": {"precision": 0.5864135864135864, "recall": 0.5953346855983773, "f1-score": 0.5908404630095621, "support": 986}, "accuracy": 0.79675, "macro avg": {"precision": 0.7266846191487739, "recall": 0.7289878471123937, "f1-score": 0.7278167058104521, "support": 4000}, "weighted avg": {"precision": 0.7978020327455139, "recall": 0.79675, "f1-score": 0.7972636609105033, "support": 4000}}, "confusion-matrix": [[2600, 414], [399, 587]]}, "10": {"report": {"False": {"precision": 0.8496165388462821, "recall": 0.8479201331114808, "f1-score": 0.8487674883411059, "support": 3005}, "True": {"precision": 0.5434565434565435, "recall": 0.5467336683417086, "f1-score": 0.5450901803607214, "support": 995}, "accuracy": 0.773, "macro avg": {"precision": 0.6965365411514128, "recall": 0.6973269007265948, "f1-score": 0.6969288343509137, "support": 4000}, "weighted avg": {"precision": 0.7734592399930845, "recall": 0.773, "f1-score": 0.7732277579809853, "support": 4000}}, "confusion-matrix": [[2548, 457], [451, 544]]}, "6": {"report": {"False": {"precision": 0.85067279291106, "recall": 0.8597014925373134, "f1-score": 0.8551633124381391, "support": 3015}, "True": {"precision": 0.5561385099685204, "recall": 0.5380710659898477, "f1-score": 0.5469556243550051, "support": 985}, "accuracy": 0.7805, "macro avg": {"precision": 0.7034056514397902, "recall": 0.6988862792635806, "f1-score": 0.7010594683965721, "support": 4000}, "weighted avg": {"precision": 0.7781437257364596, "recall": 0.7805, "f1-score": 0.7792671692476675, "support": 4000}}, "confusion-matrix": [[2592, 423], [455, 530]]}, "8": {"report": {"False": {"precision": 0.8449535192563081, "recall": 0.8543135280295401, "f1-score": 0.8496077449507594, "support": 2979}, "True": {"precision": 0.5607287449392713, "recall": 0.5426052889324192, "f1-score": 0.5515181682429069, "support": 1021}, "accuracy": 0.77475, "macro avg": {"precision": 0.7028411320977896, "recall": 0.6984594084809796, "f1-score": 0.7005629565968332, "support": 4000}, "weighted avg": {"precision": 0.7724051456118844, "recall": 0.77475, "f1-score": 0.7735203804960801, "support": 4000}}, "confusion-matrix": [[2545, 434], [467, 554]]}}, "overall": {"report": {"False": {"precision": 0.8540341116617425, "recall": 0.857263522507672, "f1-score": 0.8556398703847627, "support": 30000.0}, "True": {"precision": 0.5667357325547007, "recall": 0.5603639349784145, "f1-score": 0.5634957263333582, "support": 10000.0}, "macro avg": {"precision": 0.7103849221082216, "recall": 0.7088137287430434, "f1-score": 0.7095677983590605, "support": 40000.0}, "weighted avg": {"precision": 0.7822328976338231, "recall": 0.78305, "f1-score": 0.7826212124457999, "support": 40000.0}, "accuracy": 0.78305}, "confusion-matrix": [[25718.0, 4282.0], [4396.0, 5604.0]]}}