{"features": "sbert-pp", "classifier": "SVC", "folds": {"1": {"report": {"False": {"precision": 0.9476474486414844, "recall": 0.9574824238366254, "f1-score": 0.9525395503746877, "support": 2987}, "True": {"precision": 0.8706720977596741, "recall": 0.8440276406712734, "f1-score": 0.8571428571428572, "support": 1013}, "accuracy": 0.92875, "macro avg": {"precision": 0.9091597732005793, "recall": 0.9007550322539495, "f1-score": 0.9048412037587725, "support": 4000}, "weighted avg": {"precision": 0.928153441030666, "recall": 0.92875, "f1-score": 0.9283803378137266, "support": 4000}}, "confusion-matrix": [[2860, 127], [158, 855]]}, "2": {"report": {"False": {"precision": 0.9409846755787414, "recall": 0.959122632103689, "f1-score": 0.9499670836076366, "support": 3009}, "True": {"precision": 0.8681672025723473, "recall": 0.8173562058526741, "f1-score": 0.8419958419958421, "support": 991}, "accuracy": 0.924, "macro avg": {"precision": 0.9045759390755443, "recall": 0.8882394189781815, "f1-score": 0.8959814628017393, "support": 4000}, "weighted avg": {"precision": 0.9229441466414073, "recall": 0.924, "f1-score": 0.9232172084983145, "support": 4000}}, "confusion-matrix": [[2886, 123], [181, 810]]}, "3": {"report": {"False": {"precision": 0.9437314906219151, "recall": 0.9575959933222037, "f1-score": 0.9506131919124958, "support": 2995}, "True": {"precision": 0.8678459937565036, "recall": 0.8298507462686567, "f1-score": 0.8484231943031537, "support": 1005}, "accuracy": 0.9255, "macro avg": {"precision": 0.9057887421892094, "recall": 0.8937233697954302, "f1-score": 0.8995181931078248, "support": 4000}, "weighted avg": {"precision": 0.9246652595344804, "recall": 0.9255, "f1-score": 0.9249379550131487, "support": 4000}}, "confusion-matrix": [[2868, 127], [171, 834]]}, "5": {"report": {"False": {"precision": 0.9434330299089727, "recall": 0.9628400796284008, "f1-score": 0.9530377668308703, "support": 3014}, "True": {"precision": 0.8787878787878788, "recall": 0.8235294117647058, "f1-score": 0.850261780104712, "support": 986}, "accuracy": 0.9285, "macro avg": {"precision": 0.9111104543484257, "recall": 0.8931847456965534, "f1-score": 0.9016497734677911, "support": 4000}, "weighted avg": {"precision": 0.9274980001576231, "recall": 0.9285, "f1-score": 0.9277034861028722, "support": 4000}}, "confusion-matrix": [[2902, 112], [174, 812]]}, "4": {"report": {"False": {"precision": 0.947831757417672, "recall": 0.9651394422310757, "f1-score": 0.9564073038328673, "support": 3012}, "True": {"precision": 0.887459807073955, "recall": 0.8380566801619433, "f1-score": 0.862051015096304, "support": 988}, "accuracy": 0.93375, "macro avg": {"precision": 0.9176457822458135, "recall": 0.9015980611965095, "f1-score": 0.9092291594645856, "support": 4000}, "weighted avg": {"precision": 0.9329198856827738, "recall": 0.93375, "f1-score": 0.9331013005149361, "support": 4000}}, "confusion-matrix": [[2907, 105], [160, 828]]}, "8": {"report": {"False": {"precision": 0.9481848184818482, "recall": 0.9644175897952333, "f1-score": 0.9562323181893825, "support": 2979}, "True": {"precision": 0.8907216494845361, "recall": 0.8462291870714985, "f1-score": 0.8679055750878956, "support": 1021}, "accuracy": 0.93425, "macro avg": {"precision": 0.9194532339831922, "recall": 0.9053233884333659, "f1-score": 0.912068946638639, "support": 4000}, "weighted avg": {"precision": 0.9335173445952842, "recall": 0.93425, "f1-score": 0.933686917012728, "support": 4000}}, "confusion-matrix": [[2873, 106], [157, 864]]}, "6": {"report": {"False": {"precision": 0.9462999345121152, "recall": 0.9585406301824212, "f1-score": 0.9523809523809523, "support": 3015}, "True": {"precision": 0.8678646934460887, "recall": 0.833502538071066, "f1-score": 0.8503366131538064, "support": 985}, "accuracy": 0.92775, "macro avg": {"precision": 0.907082313979102, "recall": 0.8960215841267436, "f1-score": 0.9013587827673794, "support": 4000}, "weighted avg": {"precision": 0.9269852563996062, "recall": 0.92775, "f1-score": 0.9272525338462676, "support": 4000}}, "confusion-matrix": [[2890, 125], [164, 821]]}, "7": {"report": {"False": {"precision": 0.9462329903750415, "recall": 0.9586415601882986, "f1-score": 0.9523968598630365, "support": 2974}, "True": {"precision": 0.8753799392097265, "recall": 0.8421052631578947, "f1-score": 0.8584202682563338, "support": 1026}, "accuracy": 0.92875, "macro avg": {"precision": 0.9108064647923839, "recall": 0.9003734116730966, "f1-score": 0.9054085640596852, "support": 4000}, "weighted avg": {"precision": 0.9280591827511382, "recall": 0.92875, "f1-score": 0.9282918641159172, "support": 4000}}, "confusion-matrix": [[2851, 123], [162, 864]]}, "10": {"report": {"False": {"precision": 0.9474893337709223, "recall": 0.9607321131447587, "f1-score": 0.9540647719762062, "support": 3005}, "True": {"precision": 0.8761804826862539, "recall": 0.8391959798994975, "f1-score": 0.8572895277207391, "support": 995}, "accuracy": 0.9305, "macro avg": {"precision": 0.9118349082285881, "recall": 0.8999640465221281, "f1-score": 0.9056771498484726, "support": 4000}, "weighted avg": {"precision": 0.9297512570636111, "recall": 0.9305, "f1-score": 0.9299919299676588, "support": 4000}}, "confusion-matrix": [[2887, 118], [160, 835]]}, "9": {"report": {"False": {"precision": 0.9446614583333334, "recall": 0.9641196013289036, "f1-score": 0.9542913515291023, "support": 3010}, "True": {"precision": 0.8836206896551724, "recall": 0.8282828282828283, "f1-score": 0.8550573514077163, "support": 990}, "accuracy": 0.9305, "macro avg": {"precision": 0.9141410739942528, "recall": 0.896201214805866, "f1-score": 0.9046743514684092, "support": 4000}, "weighted avg": {"precision": 0.9295538680854886, "recall": 0.9305, "f1-score": 0.9297309364990592, "support": 4000}}, "confusion-matrix": [[2902, 108], [170, 820]]}}, "overall": {"report": {"False": {"precision": 0.9456496937642047, "recall": 0.960863206576161, "f1-score": 0.9531931150497238, "support": 30000.0}, "True": {"precision": 0.8766700434432136, "recall": 0.8342136481202038, "f1-score": 0.8548884024269359, "support": 10000.0}, "macro avg": {"precision": 0.9111598686037092, "recall": 0.8975384273481826, "f1-score": 0.9040407587383299, "support": 40000.0}, "weighted avg": {"precision": 0.9284047641942079, "recall": 0.9292250000000001, "f1-score": 0.9286294469384628, "support": 40000.0}, "accuracy": 0.9292250000000001}, "confusion-matrix": [[28826.0, 1174.0], [1657.0, 8343.0]]}}