{"features": "bert-pos", "classifier": "DecisionTreeClassifier", "folds": {"6": {"report": {"False": {"precision": 0.8789615643964936, "recall": 0.8646766169154229, "f1-score": 0.8717605751546564, "support": 3015}, "True": {"precision": 0.6054158607350096, "recall": 0.6355329949238578, "f1-score": 0.6201089648340763, "support": 985}, "accuracy": 0.80825, "macro avg": {"precision": 0.7421887125657516, "recall": 0.7501048059196403, "f1-score": 0.7459347699943664, "support": 4000}, "weighted avg": {"precision": 0.8116009348698533, "recall": 0.80825, "f1-score": 0.8097913661132136, "support": 4000}}, "confusion-matrix": [[2607, 408], [359, 626]]}, "3": {"report": {"False": {"precision": 0.8670674682698731, "recall": 0.8667779632721202, "f1-score": 0.866922691601269, "support": 2995}, "True": {"precision": 0.6033797216699801, "recall": 0.6039800995024875, "f1-score": 0.6036797613127798, "support": 1005}, "accuracy": 0.80075, "macro avg": {"precision": 0.7352235949699266, "recall": 0.7353790313873039, "f1-score": 0.7353012264570244, "support": 4000}, "weighted avg": {"precision": 0.80081592193665, "recall": 0.80075, "f1-score": 0.8007829053662862, "support": 4000}}, "confusion-matrix": [[2596, 399], [398, 607]]}, "4": {"report": {"False": {"precision": 0.8695077634621737, "recall": 0.8738379814077025, "f1-score": 0.8716674946183143, "support": 3012}, "True": {"precision": 0.6094552929085303, "recall": 0.6002024291497976, "f1-score": 0.6047934727180011, "support": 988}, "accuracy": 0.80625, "macro avg": {"precision": 0.739481528185352, "recall": 0.73702020527875, "f1-score": 0.7382304836681577, "support": 4000}, "weighted avg": {"precision": 0.8052748032354239, "recall": 0.80625, "f1-score": 0.805749611208937, "support": 4000}}, "confusion-matrix": [[2632, 380], [395, 593]]}, "5": {"report": {"False": {"precision": 0.8743403693931399, "recall": 0.8795620437956204, "f1-score": 0.8769434336751571, "support": 3014}, "True": {"precision": 0.625, "recall": 0.6135902636916836, "f1-score": 0.6192425793244627, "support": 986}, "accuracy": 0.814, "macro avg": {"precision": 0.7496701846965699, "recall": 0.7465761537436519, "f1-score": 0.7480930064998099, "support": 4000}, "weighted avg": {"precision": 0.8128779683377308, "recall": 0.814, "f1-score": 0.8134201730777109, "support": 4000}}, "confusion-matrix": [[2651, 363], [381, 605]]}, "9": {"report": {"False": {"precision": 0.871277299801456, "recall": 0.8747508305647841, "f1-score": 0.8730106100795757, "support": 3010}, "True": {"precision": 0.614519427402863, "recall": 0.6070707070707071, "f1-score": 0.6107723577235773, "support": 990}, "accuracy": 0.8085, "macro avg": {"precision": 0.7428983636021596, "recall": 0.7409107688177456, "f1-score": 0.7418914839015764, "support": 4000}, "weighted avg": {"precision": 0.8077297263828042, "recall": 0.8085, "f1-score": 0.8081066426214661, "support": 4000}}, "confusion-matrix": [[2633, 377], [389, 601]]}, "8": {"report": {"False": {"precision": 0.8578463558765594, "recall": 0.877139979859013, "f1-score": 0.8673858921161827, "support": 2979}, "True": {"precision": 0.6163522012578616, "recall": 0.5759059745347699, "f1-score": 0.5954430379746836, "support": 1021}, "accuracy": 0.80025, "macro avg": {"precision": 0.7370992785672106, "recall": 0.7265229771968915, "f1-score": 0.7314144650454331, "support": 4000}, "weighted avg": {"precision": 0.7962049729101368, "recall": 0.80025, "f1-score": 0.797972478596565, "support": 4000}}, "confusion-matrix": [[2613, 366], [433, 588]]}, "1": {"report": {"False": {"precision": 0.8718034993270525, "recall": 0.867425510545698, "f1-score": 0.8696089947977849, "support": 2987}, "True": {"precision": 0.6147859922178989, "recall": 0.6238894373149062, "f1-score": 0.6193042626163645, "support": 1013}, "accuracy": 0.80575, "macro avg": {"precision": 0.7432947457724757, "recall": 0.7456574739303021, "f1-score": 0.7444566287070746, "support": 4000}, "weighted avg": {"precision": 0.8067138156516593, "recall": 0.80575, "f1-score": 0.8062193213728401, "support": 4000}}, "confusion-matrix": [[2591, 396], [381, 632]]}, "2": {"report": {"False": {"precision": 0.8729892761394102, "recall": 0.865736124958458, "f1-score": 0.8693475721675288, "support": 3009}, "True": {"precision": 0.6023622047244095, "recall": 0.6175580221997982, "f1-score": 0.6098654708520179, "support": 991}, "accuracy": 0.80425, "macro avg": {"precision": 0.7376757404319099, "recall": 0.7416470735791281, "f1-score": 0.7396065215097734, "support": 4000}, "weighted avg": {"precision": 0.8059414191963438, "recall": 0.80425, "f1-score": 0.805060881566611, "support": 4000}}, "confusion-matrix": [[2605, 404], [379, 612]]}, "10": {"report": {"False": {"precision": 0.8792642140468228, "recall": 0.8748752079866888, "f1-score": 0.8770642201834863, "support": 3005}, "True": {"precision": 0.6277227722772277, "recall": 0.6371859296482412, "f1-score": 0.6324189526184538, "support": 995}, "accuracy": 0.81575, "macro avg": {"precision": 0.7534934931620252, "recall": 0.756030568817465, "f1-score": 0.7547415864009701, "support": 4000}, "weighted avg": {"precision": 0.8166932804066359, "recall": 0.81575, "f1-score": 0.8162087098766845, "support": 4000}}, "confusion-matrix": [[2629, 376], [361, 634]]}, "7": {"report": {"False": {"precision": 0.8724183877415057, "recall": 0.8806321452589105, "f1-score": 0.8765060240963856, "support": 2974}, "True": {"precision": 0.6442885771543087, "recall": 0.6267056530214425, "f1-score": 0.6353754940711462, "support": 1026}, "accuracy": 0.8155, "macro avg": {"precision": 0.7583534824479072, "recall": 0.7536688991401765, "f1-score": 0.7559407590837659, "support": 4000}, "weighted avg": {"precision": 0.8139030913258896, "recall": 0.8155, "f1-score": 0.8146560431449117, "support": 4000}}, "confusion-matrix": [[2619, 355], [383, 643]]}}, "overall": {"report": {"False": {"precision": 0.8715476198454487, "recall": 0.8725414404564418, "f1-score": 0.8720217508490341, "support": 30000.0}, "True": {"precision": 0.616328205034809, "recall": 0.6141621511057693, "f1-score": 0.6151004354045564, "support": 10000.0}, "macro avg": {"precision": 0.7439379124401289, "recall": 0.7433517957811056, "f1-score": 0.7435610931267952, "support": 40000.0}, "weighted avg": {"precision": 0.8077755934253126, "recall": 0.807925, "f1-score": 0.8077968132945225, "support": 40000.0}, "accuracy": 0.807925}, "confusion-matrix": [[26176.0, 3824.0], [3859.0, 6141.0]]}}