{"features": "bert", "classifier": "DecisionTreeClassifier", "folds": {"3": {"report": {"False": {"precision": 0.8701986754966887, "recall": 0.8774624373956594, "f1-score": 0.8738154613466333, "support": 2995}, "True": {"precision": 0.6255102040816326, "recall": 0.609950248756219, "f1-score": 0.6176322418136021, "support": 1005}, "accuracy": 0.81025, "macro avg": {"precision": 0.7478544397891607, "recall": 0.7437063430759392, "f1-score": 0.7457238515801177, "support": 4000}, "weighted avg": {"precision": 0.8087206970536558, "recall": 0.81025, "f1-score": 0.8094494274389592, "support": 4000}}, "confusion-matrix": [[2628, 367], [392, 613]]}, "6": {"report": {"False": {"precision": 0.8769230769230769, "recall": 0.8696517412935323, "f1-score": 0.8732722731057451, "support": 3015}, "True": {"precision": 0.6108910891089109, "recall": 0.6263959390862944, "f1-score": 0.618546365914787, "support": 985}, "accuracy": 0.80975, "macro avg": {"precision": 0.743907083015994, "recall": 0.7480238401899133, "f1-score": 0.745909319510266, "support": 4000}, "weighted avg": {"precision": 0.8114126999238385, "recall": 0.80975, "f1-score": 0.8105460184599718, "support": 4000}}, "confusion-matrix": [[2622, 393], [368, 617]]}, "1": {"report": {"False": {"precision": 0.8734776725304465, "recall": 0.8644124539671911, "f1-score": 0.8689214201581693, "support": 2987}, "True": {"precision": 0.6120689655172413, "recall": 0.6307996051332675, "f1-score": 0.6212931453573165, "support": 1013}, "accuracy": 0.80525, "macro avg": {"precision": 0.7427733190238439, "recall": 0.7476060295502294, "f1-score": 0.745107282757743, "support": 4000}, "weighted avg": {"precision": 0.8072759174793523, "recall": 0.80525, "f1-score": 0.8062095595648533, "support": 4000}}, "confusion-matrix": [[2582, 405], [374, 639]]}, "4": {"report": {"False": {"precision": 0.869177403369673, "recall": 0.8735059760956175, "f1-score": 0.8713363139592648, "support": 3012}, "True": {"precision": 0.6084275436793423, "recall": 0.5991902834008097, "f1-score": 0.6037735849056605, "support": 988}, "accuracy": 0.80575, "macro avg": {"precision": 0.7388024735245076, "recall": 0.7363481297482136, "f1-score": 0.7375549494324627, "support": 4000}, "weighted avg": {"precision": 0.8047721880261614, "recall": 0.80575, "f1-score": 0.8052483198830246, "support": 4000}}, "confusion-matrix": [[2631, 381], [396, 592]]}, "9": {"report": {"False": {"precision": 0.8662041625371655, "recall": 0.8710963455149502, "f1-score": 0.8686433659102202, "support": 3010}, "True": {"precision": 0.6012332990750257, "recall": 0.5909090909090909, "f1-score": 0.5960264900662251, "support": 990}, "accuracy": 0.80175, "macro avg": {"precision": 0.7337187308060955, "recall": 0.7310027182120206, "f1-score": 0.7323349279882226, "support": 4000}, "weighted avg": {"precision": 0.8006238738302859, "recall": 0.80175, "f1-score": 0.8011706891388315, "support": 4000}}, "confusion-matrix": [[2622, 388], [405, 585]]}, "8": {"report": {"False": {"precision": 0.8613500992720053, "recall": 0.87378314870762, "f1-score": 0.8675220796533911, "support": 2979}, "True": {"precision": 0.6155419222903885, "recall": 0.5896180215475024, "f1-score": 0.6023011505752875, "support": 1021}, "accuracy": 0.80125, "macro avg": {"precision": 0.738446010781197, "recall": 0.7317005851275612, "f1-score": 0.7349116151143393, "support": 4000}, "weighted avg": {"precision": 0.7986075620974477, "recall": 0.80125, "f1-score": 0.7998244375062051, "support": 4000}}, "confusion-matrix": [[2603, 376], [419, 602]]}, "2": {"report": {"False": {"precision": 0.8742032874874204, "recall": 0.8660684612828182, "f1-score": 0.8701168614357262, "support": 3009}, "True": {"precision": 0.6045142296368989, "recall": 0.6215943491422805, "f1-score": 0.6129353233830847, "support": 991}, "accuracy": 0.8055, "macro avg": {"precision": 0.7393587585621597, "recall": 0.7438314052125494, "f1-score": 0.7415260924094054, "support": 4000}, "weighted avg": {"precision": 0.8073878234049536, "recall": 0.8055, "f1-score": 0.8064001353831843, "support": 4000}}, "confusion-matrix": [[2606, 403], [375, 616]]}, "5": {"report": {"False": {"precision": 0.8774834437086093, "recall": 0.8792302587923025, "f1-score": 0.8783559827643355, "support": 3014}, "True": {"precision": 0.6285714285714286, "recall": 0.6247464503042597, "f1-score": 0.6266531027466937, "support": 986}, "accuracy": 0.8165, "macro avg": {"precision": 0.7530274361400189, "recall": 0.7519883545482811, "f1-score": 0.7525045427555146, "support": 4000}, "weighted avg": {"precision": 0.8161266319772943, "recall": 0.8165, "f1-score": 0.8163112228399867, "support": 4000}}, "confusion-matrix": [[2650, 364], [370, 616]]}, "10": {"report": {"False": {"precision": 0.8760942760942761, "recall": 0.8658901830282862, "f1-score": 0.8709623430962344, "support": 3005}, "True": {"precision": 0.6087378640776699, "recall": 0.6301507537688442, "f1-score": 0.6192592592592593, "support": 995}, "accuracy": 0.80725, "macro avg": {"precision": 0.742416070085973, "recall": 0.7480204683985652, "f1-score": 0.7451108011777469, "support": 4000}, "weighted avg": {"precision": 0.8095893686051454, "recall": 0.80725, "f1-score": 0.8083512009917869, "support": 4000}}, "confusion-matrix": [[2602, 403], [368, 627]]}, "7": {"report": {"False": {"precision": 0.8728728728728729, "recall": 0.8796234028244788, "f1-score": 0.8762351364930497, "support": 2974}, "True": {"precision": 0.6430707876370887, "recall": 0.6286549707602339, "f1-score": 0.6357811729916214, "support": 1026}, "accuracy": 0.81525, "macro avg": {"precision": 0.7579718302549807, "recall": 0.7541391867923564, "f1-score": 0.7560081547423356, "support": 4000}, "weighted avg": {"precision": 0.8139286380098941, "recall": 0.81525, "f1-score": 0.8145586948549334, "support": 4000}}, "confusion-matrix": [[2616, 358], [381, 645]]}}, "overall": {"report": {"False": {"precision": 0.8717984970292235, "recall": 0.8720724408902456, "f1-score": 0.8719181237922771, "support": 30000.0}, "True": {"precision": 0.6158567333675626, "recall": 0.6152009712808802, "f1-score": 0.6154201837013538, "support": 10000.0}, "macro avg": {"precision": 0.743827615198393, "recall": 0.7436367060855629, "f1-score": 0.7436691537468153, "support": 40000.0}, "weighted avg": {"precision": 0.8078445400408029, "recall": 0.80785, "f1-score": 0.8078069706061737, "support": 40000.0}, "accuracy": 0.80785}, "confusion-matrix": [[26162.0, 3838.0], [3848.0, 6152.0]]}}