{"features": "bert-pp", "classifier": "SVC", "folds": {"3": {"report": {"False": {"precision": 0.9456806282722513, "recall": 0.9649415692821369, "f1-score": 0.9552140142125268, "support": 2995}, "True": {"precision": 0.888771186440678, "recall": 0.8348258706467662, "f1-score": 0.8609543355566958, "support": 1005}, "accuracy": 0.93225, "macro avg": {"precision": 0.9172259073564646, "recall": 0.8998837199644516, "f1-score": 0.9080841748846114, "support": 4000}, "weighted avg": {"precision": 0.9313821310120685, "recall": 0.93225, "f1-score": 0.9315312699502493, "support": 4000}}, "confusion-matrix": [[2890, 105], [166, 839]]}, "1": {"report": {"False": {"precision": 0.9526490066225165, "recall": 0.9631737529293606, "f1-score": 0.9578824704511404, "support": 2987}, "True": {"precision": 0.8877551020408163, "recall": 0.8588351431391905, "f1-score": 0.8730556949322629, "support": 1013}, "accuracy": 0.93675, "macro avg": {"precision": 0.9202020543316665, "recall": 0.9110044480342756, "f1-score": 0.9154690826917016, "support": 4000}, "weighted avg": {"precision": 0.936214625287201, "recall": 0.93675, "f1-score": 0.9364000895509846, "support": 4000}}, "confusion-matrix": [[2877, 110], [143, 870]]}, "2": {"report": {"False": {"precision": 0.9562067830095489, "recall": 0.9651046859421735, "f1-score": 0.9606351306649024, "support": 3009}, "True": {"precision": 0.8909657320872274, "recall": 0.8657921291624622, "f1-score": 0.8781985670419652, "support": 991}, "accuracy": 0.9405, "macro avg": {"precision": 0.9235862575483882, "recall": 0.9154484075523178, "f1-score": 0.9194168488534338, "support": 4000}, "weighted avg": {"precision": 0.9400433126435437, "recall": 0.9405, "f1-score": 0.9402114720273197, "support": 4000}}, "confusion-matrix": [[2904, 105], [133, 858]]}, "9": {"report": {"False": {"precision": 0.9492966961072947, "recall": 0.9641196013289036, "f1-score": 0.9566507334761826, "support": 3010}, "True": {"precision": 0.8854718981972428, "recall": 0.8434343434343434, "f1-score": 0.8639420589756855, "support": 990}, "accuracy": 0.93425, "macro avg": {"precision": 0.9173842971522688, "recall": 0.9037769723816236, "f1-score": 0.9102963962259341, "support": 4000}, "weighted avg": {"precision": 0.9335000586245569, "recall": 0.93425, "f1-score": 0.9337053365373096, "support": 4000}}, "confusion-matrix": [[2902, 108], [155, 835]]}, "6": {"report": {"False": {"precision": 0.9548748353096179, "recall": 0.9615257048092869, "f1-score": 0.9581887291356801, "support": 3015}, "True": {"precision": 0.8796680497925311, "recall": 0.8609137055837564, "f1-score": 0.8701898409440739, "support": 985}, "accuracy": 0.93675, "macro avg": {"precision": 0.9172714425510745, "recall": 0.9112197051965216, "f1-score": 0.914189285039877, "support": 4000}, "weighted avg": {"precision": 0.9363551643760353, "recall": 0.93675, "f1-score": 0.9365190029184971, "support": 4000}}, "confusion-matrix": [[2899, 116], [137, 848]]}, "5": {"report": {"False": {"precision": 0.9502454991816693, "recall": 0.9631718646317187, "f1-score": 0.9566650189487559, "support": 3014}, "True": {"precision": 0.8825396825396825, "recall": 0.845841784989858, "f1-score": 0.863801139306059, "support": 986}, "accuracy": 0.93425, "macro avg": {"precision": 0.9163925908606759, "recall": 0.9045068248107884, "f1-score": 0.9102330791274074, "support": 4000}, "weighted avg": {"precision": 0.9335560153794196, "recall": 0.93425, "f1-score": 0.9337740726168312, "support": 4000}}, "confusion-matrix": [[2903, 111], [152, 834]]}, "4": {"report": {"False": {"precision": 0.9485174323884001, "recall": 0.9664674634794157, "f1-score": 0.9574083209998355, "support": 3012}, "True": {"precision": 0.8915145005370569, "recall": 0.840080971659919, "f1-score": 0.8650338718082335, "support": 988}, "accuracy": 0.93525, "macro avg": {"precision": 0.9200159664627285, "recall": 0.9032742175696673, "f1-score": 0.9112210964040346, "support": 4000}, "weighted avg": {"precision": 0.9344377082211184, "recall": 0.93525, "f1-score": 0.9345918320495098, "support": 4000}}, "confusion-matrix": [[2911, 101], [158, 830]]}, "8": {"report": {"False": {"precision": 0.9482019135598813, "recall": 0.9647532729103726, "f1-score": 0.956405990016639, "support": 2979}, "True": {"precision": 0.891640866873065, "recall": 0.8462291870714985, "f1-score": 0.8683417085427135, "support": 1021}, "accuracy": 0.9345, "macro avg": {"precision": 0.9199213902164731, "recall": 0.9054912299909356, "f1-score": 0.9123738492796762, "support": 4000}, "weighted avg": {"precision": 0.9337647063930715, "recall": 0.9345, "f1-score": 0.9339275821704196, "support": 4000}}, "confusion-matrix": [[2874, 105], [157, 864]]}, "10": {"report": {"False": {"precision": 0.9513317987504111, "recall": 0.9627287853577371, "f1-score": 0.9569963612305656, "support": 3005}, "True": {"precision": 0.8832116788321168, "recall": 0.8512562814070351, "f1-score": 0.8669396110542477, "support": 995}, "accuracy": 0.935, "macro avg": {"precision": 0.9172717387912639, "recall": 0.9069925333823861, "f1-score": 0.9119679861424066, "support": 4000}, "weighted avg": {"precision": 0.9343869189207353, "recall": 0.935, "f1-score": 0.9345947446242066, "support": 4000}}, "confusion-matrix": [[2893, 112], [148, 847]]}, "7": {"report": {"False": {"precision": 0.9506295559973492, "recall": 0.964694014794889, "f1-score": 0.9576101468624834, "support": 2974}, "True": {"precision": 0.8930753564154786, "recall": 0.854775828460039, "f1-score": 0.8735059760956174, "support": 1026}, "accuracy": 0.9365, "macro avg": {"precision": 0.9218524562064139, "recall": 0.9097349216274639, "f1-score": 0.9155580614790504, "support": 4000}, "weighted avg": {"precision": 0.9358669038045994, "recall": 0.9365, "f1-score": 0.9360374270607823, "support": 4000}}, "confusion-matrix": [[2869, 105], [149, 877]]}}, "overall": {"report": {"False": {"precision": 0.950763414919894, "recall": 0.9640680715465993, "f1-score": 0.9573656915998713, "support": 30000.0}, "True": {"precision": 0.8874614053755895, "recall": 0.8501985245554868, "f1-score": 0.8683962804257555, "support": 10000.0}, "macro avg": {"precision": 0.9191124101477419, "recall": 0.9071332980510431, "f1-score": 0.9128809860128133, "support": 40000.0}, "weighted avg": {"precision": 0.934950754466235, "recall": 0.9356000000000002, "f1-score": 0.935129282950611, "support": 40000.0}, "accuracy": 0.9356000000000002}, "confusion-matrix": [[28922.0, 1078.0], [1498.0, 8502.0]]}}