{"features": "bert-emot", "classifier": "DecisionTreeClassifier", "folds": {"3": {"report": {"False": {"precision": 0.8647568287808128, "recall": 0.8667779632721202, "f1-score": 0.8657662164415543, "support": 2995}, "True": {"precision": 0.6002004008016032, "recall": 0.5960199004975124, "f1-score": 0.5981028457314028, "support": 1005}, "accuracy": 0.79875, "macro avg": {"precision": 0.732478614791208, "recall": 0.7313989318848163, "f1-score": 0.7319345310864785, "support": 4000}, "weighted avg": {"precision": 0.7982870262510364, "recall": 0.79875, "f1-score": 0.7985157945506287, "support": 4000}}, "confusion-matrix": [[2596, 399], [406, 599]]}, "6": {"report": {"False": {"precision": 0.880863989200135, "recall": 0.8656716417910447, "f1-score": 0.8732017397122783, "support": 3015}, "True": {"precision": 0.609450337512054, "recall": 0.6416243654822334, "f1-score": 0.6251236399604352, "support": 985}, "accuracy": 0.8105, "macro avg": {"precision": 0.7451571633560945, "recall": 0.7536480036366391, "f1-score": 0.7491626898363568, "support": 4000}, "weighted avg": {"precision": 0.8140283774719451, "recall": 0.8105, "f1-score": 0.812112507648387, "support": 4000}}, "confusion-matrix": [[2610, 405], [353, 632]]}, "1": {"report": {"False": {"precision": 0.8702830188679245, "recall": 0.8647472380314697, "f1-score": 0.867506297229219, "support": 2987}, "True": {"precision": 0.6085271317829457, "recall": 0.6199407699901284, "f1-score": 0.6141809290953545, "support": 1013}, "accuracy": 0.80275, "macro avg": {"precision": 0.7394050753254351, "recall": 0.742344004010799, "f1-score": 0.7408436131622868, "support": 4000}, "weighted avg": {"precision": 0.8039933404636536, "recall": 0.80275, "f1-score": 0.8033516477493178, "support": 4000}}, "confusion-matrix": [[2583, 404], [385, 628]]}, "9": {"report": {"False": {"precision": 0.8678688524590163, "recall": 0.8794019933554817, "f1-score": 0.8735973597359736, "support": 3010}, "True": {"precision": 0.6178947368421053, "recall": 0.592929292929293, "f1-score": 0.6051546391752577, "support": 990}, "accuracy": 0.8085, "macro avg": {"precision": 0.7428817946505608, "recall": 0.7361656431423873, "f1-score": 0.7393759994556157, "support": 4000}, "weighted avg": {"precision": 0.806000258843831, "recall": 0.8085, "f1-score": 0.8071577863971965, "support": 4000}}, "confusion-matrix": [[2647, 363], [403, 587]]}, "2": {"report": {"False": {"precision": 0.8728671796587487, "recall": 0.867065470255899, "f1-score": 0.8699566522174058, "support": 3009}, "True": {"precision": 0.6043521266073195, "recall": 0.6165489404641776, "f1-score": 0.6103896103896104, "support": 991}, "accuracy": 0.805, "macro avg": {"precision": 0.7386096531330342, "recall": 0.7418072053600383, "f1-score": 0.740173131303508, "support": 4000}, "weighted avg": {"precision": 0.8063425752652571, "recall": 0.805, "f1-score": 0.8056489176045695, "support": 4000}}, "confusion-matrix": [[2609, 400], [380, 611]]}, "4": {"report": {"False": {"precision": 0.8660568441685723, "recall": 0.8801460823373174, "f1-score": 0.8730446237444427, "support": 3012}, "True": {"precision": 0.6155484558040468, "recall": 0.5850202429149798, "f1-score": 0.5998962117280747, "support": 988}, "accuracy": 0.80725, "macro avg": {"precision": 0.7408026499863096, "recall": 0.7325831626261485, "f1-score": 0.7364704177362587, "support": 4000}, "weighted avg": {"precision": 0.8041812722425346, "recall": 0.80725, "f1-score": 0.8055769659763998, "support": 4000}}, "confusion-matrix": [[2651, 361], [410, 578]]}, "8": {"report": {"False": {"precision": 0.8656914893617021, "recall": 0.8741188318227593, "f1-score": 0.8698847502923, "support": 2979}, "True": {"precision": 0.6219758064516129, "recall": 0.604309500489716, "f1-score": 0.6130153999006458, "support": 1021}, "accuracy": 0.80525, "macro avg": {"precision": 0.7438336479066575, "recall": 0.7392141661562377, "f1-score": 0.7414500750964729, "support": 4000}, "weighted avg": {"precision": 0.8034830612989018, "recall": 0.80525, "f1-score": 0.8043188486048303, "support": 4000}}, "confusion-matrix": [[2604, 375], [404, 617]]}, "5": {"report": {"False": {"precision": 0.8737190082644628, "recall": 0.8769077637690776, "f1-score": 0.8753104818678589, "support": 3014}, "True": {"precision": 0.6194871794871795, "recall": 0.6125760649087221, "f1-score": 0.6160122386537481, "support": 986}, "accuracy": 0.81175, "macro avg": {"precision": 0.7466030938758211, "recall": 0.7447419143388998, "f1-score": 0.7456613602608035, "support": 4000}, "weighted avg": {"precision": 0.8110508624708626, "recall": 0.81175, "f1-score": 0.8113934649155806, "support": 4000}}, "confusion-matrix": [[2643, 371], [382, 604]]}, "10": {"report": {"False": {"precision": 0.8740839440373085, "recall": 0.8732113144758735, "f1-score": 0.873647411353421, "support": 3005}, "True": {"precision": 0.6182364729458918, "recall": 0.6201005025125628, "f1-score": 0.6191670847967887, "support": 995}, "accuracy": 0.81025, "macro avg": {"precision": 0.7461602084916001, "recall": 0.7466559084942181, "f1-score": 0.746407248075105, "support": 4000}, "weighted avg": {"precision": 0.8104418856033186, "recall": 0.81025, "f1-score": 0.8103454301224587, "support": 4000}}, "confusion-matrix": [[2624, 381], [378, 617]]}, "7": {"report": {"False": {"precision": 0.8729946524064172, "recall": 0.8782784129119031, "f1-score": 0.8756285618504861, "support": 2974}, "True": {"precision": 0.6408730158730159, "recall": 0.6296296296296297, "f1-score": 0.6352015732546706, "support": 1026}, "accuracy": 0.8145, "macro avg": {"precision": 0.7569338341397165, "recall": 0.7539540212707664, "f1-score": 0.7554150675525784, "support": 4000}, "weighted avg": {"precision": 0.8134554526355997, "recall": 0.8145, "f1-score": 0.8139590392756594, "support": 4000}}, "confusion-matrix": [[2612, 362], [380, 646]]}}, "overall": {"report": {"False": {"precision": 0.8709185807205099, "recall": 0.8726326712022946, "f1-score": 0.8717544094444941, "support": 30000.0}, "True": {"precision": 0.6156545664107774, "recall": 0.6118699209818955, "f1-score": 0.613624417268599, "support": 10000.0}, "macro avg": {"precision": 0.7432865735656438, "recall": 0.7422512960920952, "f1-score": 0.7426894133565464, "support": 40000.0}, "weighted avg": {"precision": 0.807126411254694, "recall": 0.80745, "f1-score": 0.8072380402845027, "support": 40000.0}, "accuracy": 0.80745}, "confusion-matrix": [[26179.0, 3821.0], [3881.0, 6119.0]]}}