{"features": "bow-pp-pos-emot", "classifier": "MultinomialNB", "folds": {"1": {"report": {"False": {"precision": 0.9446558284330682, "recall": 0.9142952795446937, "f1-score": 0.9292276284450494, "support": 2987}, "True": {"precision": 0.7691614066726781, "recall": 0.8420533070088845, "f1-score": 0.8039585296889726, "support": 1013}, "accuracy": 0.896, "macro avg": {"precision": 0.8569086175528731, "recall": 0.8781742932767891, "f1-score": 0.866593079067011, "support": 4000}, "weighted avg": {"precision": 0.9002118661222493, "recall": 0.896, "f1-score": 0.897503229185073, "support": 4000}}, "confusion-matrix": [[2731, 256], [160, 853]]}, "2": {"report": {"False": {"precision": 0.9386112042938611, "recall": 0.9298770355599867, "f1-score": 0.9342237061769616, "support": 3009}, "True": {"precision": 0.7929342492639843, "recall": 0.8153380423814329, "f1-score": 0.8039800995024876, "support": 991}, "accuracy": 0.9015, "macro avg": {"precision": 0.8657727267789227, "recall": 0.8726075389707098, "f1-score": 0.8691019028397247, "support": 4000}, "weighted avg": {"precision": 0.9025197386852091, "recall": 0.9015, "f1-score": 0.9019558526233606, "support": 4000}}, "confusion-matrix": [[2798, 211], [183, 808]]}, "3": {"report": {"False": {"precision": 0.9372257846776916, "recall": 0.927212020033389, "f1-score": 0.9321920107418596, "support": 2995}, "True": {"precision": 0.789778206364513, "recall": 0.8149253731343283, "f1-score": 0.8021547502448579, "support": 1005}, "accuracy": 0.899, "macro avg": {"precision": 0.8635019955211023, "recall": 0.8710686965838587, "f1-score": 0.8671733804933588, "support": 4000}, "weighted avg": {"precision": 0.9001795806265054, "recall": 0.899, "f1-score": 0.8995201490419881, "support": 4000}}, "confusion-matrix": [[2777, 218], [186, 819]]}, "4": {"report": {"False": {"precision": 0.9412157648630595, "recall": 0.9355909694555112, "f1-score": 0.9383949383949385, "support": 3012}, "True": {"precision": 0.8071570576540755, "recall": 0.8218623481781376, "f1-score": 0.8144433299899699, "support": 988}, "accuracy": 0.9075, "macro avg": {"precision": 0.8741864112585676, "recall": 0.8787266588168244, "f1-score": 0.8764191341924542, "support": 4000}, "weighted avg": {"precision": 0.9081032641824405, "recall": 0.9075, "f1-score": 0.9077788911189113, "support": 4000}}, "confusion-matrix": [[2818, 194], [176, 812]]}, "5": {"report": {"False": {"precision": 0.9449760765550239, "recall": 0.9173855341738554, "f1-score": 0.9309764309764309, "support": 3014}, "True": {"precision": 0.7681564245810056, "recall": 0.8367139959432048, "f1-score": 0.8009708737864077, "support": 986}, "accuracy": 0.8975, "macro avg": {"precision": 0.8565662505680147, "recall": 0.87704976505853, "f1-score": 0.8659736523814193, "support": 4000}, "weighted avg": {"precision": 0.9013900323434284, "recall": 0.8975, "f1-score": 0.8989300611290901, "support": 4000}}, "confusion-matrix": [[2765, 249], [161, 825]]}, "6": {"report": {"False": {"precision": 0.9424823410696267, "recall": 0.9293532338308458, "f1-score": 0.935871743486974, "support": 3015}, "True": {"precision": 0.7925998052580331, "recall": 0.8263959390862944, "f1-score": 0.8091451292246521, "support": 985}, "accuracy": 0.904, "macro avg": {"precision": 0.8675410731638299, "recall": 0.8778745864585701, "f1-score": 0.8725084363558131, "support": 4000}, "weighted avg": {"precision": 0.9055737666260217, "recall": 0.904, "f1-score": 0.9046653147248771, "support": 4000}}, "confusion-matrix": [[2802, 213], [171, 814]]}, "7": {"report": {"False": {"precision": 0.9430727023319616, "recall": 0.9246805648957633, "f1-score": 0.9337860780984721, "support": 2974}, "True": {"precision": 0.7933579335793358, "recall": 0.8382066276803118, "f1-score": 0.8151658767772512, "support": 1026}, "accuracy": 0.9025, "macro avg": {"precision": 0.8682153179556487, "recall": 0.8814435962880376, "f1-score": 0.8744759774378617, "support": 4000}, "weighted avg": {"precision": 0.9046708641469131, "recall": 0.9025, "f1-score": 0.903359996459579, "support": 4000}}, "confusion-matrix": [[2750, 224], [166, 860]]}, "8": {"report": {"False": {"precision": 0.9368348781325094, "recall": 0.9160792212151728, "f1-score": 0.9263408010862186, "support": 2979}, "True": {"precision": 0.7700091996320148, "recall": 0.8197845249755142, "f1-score": 0.7941176470588236, "support": 1021}, "accuracy": 0.8915, "macro avg": {"precision": 0.8534220388822621, "recall": 0.8679318730953436, "f1-score": 0.8602292240725211, "support": 4000}, "weighted avg": {"precision": 0.894252623695258, "recall": 0.8915, "f1-score": 0.8925908410207261, "support": 4000}}, "confusion-matrix": [[2729, 250], [184, 837]]}, "9": {"report": {"False": {"precision": 0.9346383543463835, "recall": 0.9358803986710963, "f1-score": 0.9352589641434262, "support": 3010}, "True": {"precision": 0.8042596348884381, "recall": 0.8010101010101011, "f1-score": 0.8026315789473684, "support": 990}, "accuracy": 0.9025, "macro avg": {"precision": 0.8694489946174109, "recall": 0.8684452498405987, "f1-score": 0.8689452715453974, "support": 4000}, "weighted avg": {"precision": 0.9023696212805421, "recall": 0.9025, "f1-score": 0.902433686307402, "support": 4000}}, "confusion-matrix": [[2817, 193], [197, 793]]}, "10": {"report": {"False": {"precision": 0.9382632293080054, "recall": 0.9204658901830283, "f1-score": 0.9292793549470855, "support": 3005}, "True": {"precision": 0.7728136882129277, "recall": 0.8170854271356784, "f1-score": 0.7943331704934049, "support": 995}, "accuracy": 0.89475, "macro avg": {"precision": 0.8555384587604666, "recall": 0.8687756586593534, "f1-score": 0.8618062627202452, "support": 4000}, "weighted avg": {"precision": 0.8971076559606049, "recall": 0.89475, "f1-score": 0.8957114915642324, "support": 4000}}, "confusion-matrix": [[2766, 239], [182, 813]]}}, "overall": {"report": {"False": {"precision": 0.940197616401119, "recall": 0.9250820147563342, "f1-score": 0.9325551656497417, "support": 30000.0}, "True": {"precision": 0.7860227606107005, "recall": 0.8233375686533888, "f1-score": 0.8040900985714196, "support": 10000.0}, "macro avg": {"precision": 0.8631101885059099, "recall": 0.8742097917048616, "f1-score": 0.8683226321105806, "support": 40000.0}, "weighted avg": {"precision": 0.9016379013669173, "recall": 0.899675, "f1-score": 0.9004449513175239, "support": 40000.0}, "accuracy": 0.899675}, "confusion-matrix": [[27753.0, 2247.0], [1766.0, 8234.0]]}}