{"features": "bow-pos-emot", "classifier": "DecisionTreeClassifier", "folds": {"1": {"report": {"False": {"precision": 0.8846030215364834, "recall": 0.921325744894543, "f1-score": 0.9025910134470317, "support": 2987}, "True": {"precision": 0.735658042744657, "recall": 0.6456071076011846, "f1-score": 0.6876971608832808, "support": 1013}, "accuracy": 0.8515, "macro avg": {"precision": 0.8101305321405702, "recall": 0.7834664262478638, "f1-score": 0.7951440871651563, "support": 4000}, "weighted avg": {"precision": 0.8468827056574534, "recall": 0.8515, "f1-score": 0.8481691452852619, "support": 4000}}, "confusion-matrix": [[2752, 235], [359, 654]]}, "4": {"report": {"False": {"precision": 0.8888888888888888, "recall": 0.9243027888446215, "f1-score": 0.9062499999999999, "support": 3012}, "True": {"precision": 0.7373271889400922, "recall": 0.6477732793522267, "f1-score": 0.6896551724137931, "support": 988}, "accuracy": 0.856, "macro avg": {"precision": 0.8131080389144905, "recall": 0.7860380340984241, "f1-score": 0.7979525862068966, "support": 4000}, "weighted avg": {"precision": 0.8514531490015361, "recall": 0.856, "f1-score": 0.8527510775862067, "support": 4000}}, "confusion-matrix": [[2784, 228], [348, 640]]}, "2": {"report": {"False": {"precision": 0.8837656099903939, "recall": 0.9172482552342971, "f1-score": 0.9001956947162426, "support": 3009}, "True": {"precision": 0.7160775370581528, "recall": 0.6337033299697276, "f1-score": 0.6723768736616702, "support": 991}, "accuracy": 0.847, "macro avg": {"precision": 0.7999215735242733, "recall": 0.7754757926020124, "f1-score": 0.7862862841889564, "support": 4000}, "weighted avg": {"precision": 0.8422208899214311, "recall": 0.847, "f1-score": 0.8437535817999724, "support": 4000}}, "confusion-matrix": [[2760, 249], [363, 628]]}, "3": {"report": {"False": {"precision": 0.8869143780290791, "recall": 0.9165275459098498, "f1-score": 0.9014778325123153, "support": 2995}, "True": {"precision": 0.7237569060773481, "recall": 0.6517412935323383, "f1-score": 0.6858638743455499, "support": 1005}, "accuracy": 0.85, "macro avg": {"precision": 0.8053356420532136, "recall": 0.784134419721094, "f1-score": 0.7936708534289325, "support": 4000}, "weighted avg": {"precision": 0.8459210632012069, "recall": 0.85, "f1-score": 0.8473048255229154, "support": 4000}}, "confusion-matrix": [[2745, 250], [350, 655]]}, "9": {"report": {"False": {"precision": 0.8838915470494418, "recall": 0.9205980066445183, "f1-score": 0.9018714401952808, "support": 3010}, "True": {"precision": 0.7236994219653179, "recall": 0.6323232323232323, "f1-score": 0.674932614555256, "support": 990}, "accuracy": 0.84925, "macro avg": {"precision": 0.8037954845073798, "recall": 0.7764606194838752, "f1-score": 0.7884020273752683, "support": 4000}, "weighted avg": {"precision": 0.8442439960911212, "recall": 0.84925, "f1-score": 0.8457040808493745, "support": 4000}}, "confusion-matrix": [[2771, 239], [364, 626]]}, "8": {"report": {"False": {"precision": 0.8834574295888638, "recall": 0.9160792212151728, "f1-score": 0.8994726433750824, "support": 2979}, "True": {"precision": 0.725576289791438, "recall": 0.6474045053868757, "f1-score": 0.684265010351967, "support": 1021}, "accuracy": 0.8475, "macro avg": {"precision": 0.8045168596901509, "recall": 0.7817418633010242, "f1-score": 0.7918688268635247, "support": 4000}, "weighted avg": {"precision": 0.8431582686555709, "recall": 0.8475, "f1-score": 0.8445408950459322, "support": 4000}}, "confusion-matrix": [[2729, 250], [360, 661]]}, "10": {"report": {"False": {"precision": 0.8820116054158608, "recall": 0.9104825291181364, "f1-score": 0.8960209595546094, "support": 3005}, "True": {"precision": 0.700445434298441, "recall": 0.6321608040201006, "f1-score": 0.6645536185948231, "support": 995}, "accuracy": 0.84125, "macro avg": {"precision": 0.7912285198571509, "recall": 0.7713216665691185, "f1-score": 0.7802872890747162, "support": 4000}, "weighted avg": {"precision": 0.8368470203504027, "recall": 0.84125, "f1-score": 0.8384434584908625, "support": 4000}}, "confusion-matrix": [[2736, 269], [366, 629]]}, "6": {"report": {"False": {"precision": 0.88608, "recall": 0.918407960199005, "f1-score": 0.9019543973941367, "support": 3015}, "True": {"precision": 0.7188571428571429, "recall": 0.6385786802030456, "f1-score": 0.6763440860215053, "support": 985}, "accuracy": 0.8495, "macro avg": {"precision": 0.8024685714285714, "recall": 0.7784933202010254, "f1-score": 0.789149241707821, "support": 4000}, "weighted avg": {"precision": 0.8449013714285714, "recall": 0.8495, "f1-score": 0.8463978582186262, "support": 4000}}, "confusion-matrix": [[2769, 246], [356, 629]]}, "7": {"report": {"False": {"precision": 0.8784956605593057, "recall": 0.9189643577673168, "f1-score": 0.8982744453574364, "support": 2974}, "True": {"precision": 0.7289088863892014, "recall": 0.631578947368421, "f1-score": 0.6767624020887728, "support": 1026}, "accuracy": 0.84525, "macro avg": {"precision": 0.8037022734742536, "recall": 0.7752716525678689, "f1-score": 0.7875184237231045, "support": 4000}, "weighted avg": {"precision": 0.8401266529846739, "recall": 0.84525, "f1-score": 0.8414566062590243, "support": 4000}}, "confusion-matrix": [[2733, 241], [378, 648]]}, "5": {"report": {"False": {"precision": 0.8909444985394352, "recall": 0.9107498341074983, "f1-score": 0.9007383100902379, "support": 3014}, "True": {"precision": 0.7072905331882481, "recall": 0.6592292089249493, "f1-score": 0.6824146981627297, "support": 986}, "accuracy": 0.84875, "macro avg": {"precision": 0.7991175158638417, "recall": 0.7849895215162238, "f1-score": 0.7915765041264837, "support": 4000}, "weighted avg": {"precision": 0.8456737960803676, "recall": 0.84875, "f1-score": 0.8469215397501071, "support": 4000}}, "confusion-matrix": [[2745, 269], [336, 650]]}}, "overall": {"report": {"False": {"precision": 0.8849052639597753, "recall": 0.9174686243934959, "f1-score": 0.9008846736642374, "support": 30000.0}, "True": {"precision": 0.7217597383310039, "recall": 0.6420100388682102, "f1-score": 0.6794865511079349, "support": 10000.0}, "macro avg": {"precision": 0.8033325011453896, "recall": 0.779739331630853, "f1-score": 0.790185612386086, "support": 40000.0}, "weighted avg": {"precision": 0.8441428913372336, "recall": 0.8486, "f1-score": 0.8455443068808284, "support": 40000.0}, "accuracy": 0.8486}, "confusion-matrix": [[27524.0, 2476.0], [3580.0, 6420.0]]}}