{"features": "bow-emot", "classifier": "DecisionTreeClassifier", "folds": {"2": {"report": {"False": {"precision": 0.8919443545778065, "recall": 0.9162512462612163, "f1-score": 0.9039344262295081, "support": 3009}, "True": {"precision": 0.7227722772277227, "recall": 0.6629667003027245, "f1-score": 0.6915789473684211, "support": 991}, "accuracy": 0.8535, "macro avg": {"precision": 0.8073583159027646, "recall": 0.7896089732819704, "f1-score": 0.7977566867989646, "support": 4000}, "weighted avg": {"precision": 0.8500319724143233, "recall": 0.8535, "f1-score": 0.8513233563416739, "support": 4000}}, "confusion-matrix": [[2757, 252], [334, 657]]}, "1": {"report": {"False": {"precision": 0.9005597629239381, "recall": 0.9156344158018078, "f1-score": 0.9080345285524568, "support": 2987}, "True": {"precision": 0.7383177570093458, "recall": 0.7018756169792695, "f1-score": 0.7196356275303645, "support": 1013}, "accuracy": 0.8615, "macro avg": {"precision": 0.819438759966642, "recall": 0.8087550163905386, "f1-score": 0.8138350780414106, "support": 4000}, "weighted avg": {"precision": 0.8594719749260675, "recall": 0.8615, "f1-score": 0.860322506868612, "support": 4000}}, "confusion-matrix": [[2735, 252], [302, 711]]}, "4": {"report": {"False": {"precision": 0.9004216672072657, "recall": 0.9216467463479415, "f1-score": 0.9109105824446267, "support": 3012}, "True": {"precision": 0.742639040348964, "recall": 0.6892712550607287, "f1-score": 0.7149606299212599, "support": 988}, "accuracy": 0.86425, "macro avg": {"precision": 0.8215303537781149, "recall": 0.8054590007043352, "f1-score": 0.8129356061829434, "support": 4000}, "weighted avg": {"precision": 0.8614493583732651, "recall": 0.86425, "f1-score": 0.8625109441713552, "support": 4000}}, "confusion-matrix": [[2776, 236], [307, 681]]}, "5": {"report": {"False": {"precision": 0.906496062992126, "recall": 0.9167219641672196, "f1-score": 0.9115803365225998, "support": 3014}, "True": {"precision": 0.7363445378151261, "recall": 0.7109533468559838, "f1-score": 0.7234262125902992, "support": 986}, "accuracy": 0.866, "macro avg": {"precision": 0.821420300403626, "recall": 0.8138376555116017, "f1-score": 0.8175032745564494, "support": 4000}, "weighted avg": {"precision": 0.8645537120359955, "recall": 0.866, "f1-score": 0.8652003449732877, "support": 4000}}, "confusion-matrix": [[2763, 251], [285, 701]]}, "6": {"report": {"False": {"precision": 0.8967181467181468, "recall": 0.9243781094527364, "f1-score": 0.9103380695737384, "support": 3015}, "True": {"precision": 0.7443946188340808, "recall": 0.6741116751269035, "f1-score": 0.7075119872136388, "support": 985}, "accuracy": 0.86275, "macro avg": {"precision": 0.8205563827761138, "recall": 0.7992448922898199, "f1-score": 0.8089250283936886, "support": 4000}, "weighted avg": {"precision": 0.8592084779766955, "recall": 0.86275, "f1-score": 0.8603921467925638, "support": 4000}}, "confusion-matrix": [[2787, 228], [321, 664]]}, "8": {"report": {"False": {"precision": 0.8987508218277449, "recall": 0.9177576367908694, "f1-score": 0.9081547915628633, "support": 2979}, "True": {"precision": 0.744258872651357, "recall": 0.6983349657198825, "f1-score": 0.720565942395149, "support": 1021}, "accuracy": 0.86175, "macro avg": {"precision": 0.821504847239551, "recall": 0.808046301255376, "f1-score": 0.8143603669790062, "support": 4000}, "weighted avg": {"precision": 0.859316751800472, "recall": 0.86175, "f1-score": 0.8602727378128043, "support": 4000}}, "confusion-matrix": [[2734, 245], [308, 713]]}, "3": {"report": {"False": {"precision": 0.903523213697728, "recall": 0.9161936560934891, "f1-score": 0.909814323607427, "support": 2995}, "True": {"precision": 0.7393561786085151, "recall": 0.708457711442786, "f1-score": 0.7235772357723578, "support": 1005}, "accuracy": 0.864, "macro avg": {"precision": 0.8214396961531216, "recall": 0.8123256837681376, "f1-score": 0.8166957796898924, "support": 4000}, "weighted avg": {"precision": 0.8622762461315633, "recall": 0.864, "f1-score": 0.8630222552888658, "support": 4000}}, "confusion-matrix": [[2744, 251], [293, 712]]}, "7": {"report": {"False": {"precision": 0.8984554715741045, "recall": 0.9193006052454606, "f1-score": 0.9087585175336547, "support": 2974}, "True": {"precision": 0.7492163009404389, "recall": 0.6988304093567251, "f1-score": 0.7231467473524964, "support": 1026}, "accuracy": 0.86275, "macro avg": {"precision": 0.8238358862572717, "recall": 0.8090655073010928, "f1-score": 0.8159526324430755, "support": 4000}, "weighted avg": {"precision": 0.8601756243065692, "recall": 0.86275, "f1-score": 0.8611490984821876, "support": 4000}}, "confusion-matrix": [[2734, 240], [309, 717]]}, "10": {"report": {"False": {"precision": 0.901311475409836, "recall": 0.9148086522462563, "f1-score": 0.9080099091659785, "support": 3005}, "True": {"precision": 0.7305263157894737, "recall": 0.6974874371859296, "f1-score": 0.713624678663239, "support": 995}, "accuracy": 0.86075, "macro avg": {"precision": 0.8159188955996548, "recall": 0.8061480447160929, "f1-score": 0.8108172939146088, "support": 4000}, "weighted avg": {"precision": 0.858828666954271, "recall": 0.86075, "f1-score": 0.859656583078422, "support": 4000}}, "confusion-matrix": [[2749, 256], [301, 694]]}, "9": {"report": {"False": {"precision": 0.9037966537966537, "recall": 0.9332225913621263, "f1-score": 0.9182739457338999, "support": 3010}, "True": {"precision": 0.7746636771300448, "recall": 0.697979797979798, "f1-score": 0.7343251859723698, "support": 990}, "accuracy": 0.875, "macro avg": {"precision": 0.8392301654633493, "recall": 0.8156011946709621, "f1-score": 0.8262995658531349, "support": 4000}, "weighted avg": {"precision": 0.871836242071668, "recall": 0.875, "f1-score": 0.8727466276929212, "support": 4000}}, "confusion-matrix": [[2809, 201], [299, 691]]}}, "overall": {"report": {"False": {"precision": 0.9001977630725351, "recall": 0.9195915623769123, "f1-score": 0.9097809430926752, "support": 30000.0}, "True": {"precision": 0.7422489576355069, "recall": 0.6940268916010731, "f1-score": 0.7172353194779596, "support": 10000.0}, "macro avg": {"precision": 0.8212233603540209, "recall": 0.8068092269889929, "f1-score": 0.8135081312853174, "support": 40000.0}, "weighted avg": {"precision": 0.8607149026990891, "recall": 0.8632249999999999, "f1-score": 0.8616596601502694, "support": 40000.0}, "accuracy": 0.8632249999999999}, "confusion-matrix": [[27588.0, 2412.0], [3059.0, 6941.0]]}}