{"features": "bow-emot", "classifier": "MultinomialNB", "folds": {"1": {"report": {"False": {"precision": 0.9265770423991727, "recall": 0.8998995647807164, "f1-score": 0.9130434782608696, "support": 2987}, "True": {"precision": 0.7279344858962693, "recall": 0.7897334649555775, "f1-score": 0.7575757575757576, "support": 1013}, "accuracy": 0.872, "macro avg": {"precision": 0.827255764147721, "recall": 0.844816514868147, "f1-score": 0.8353096179183136, "support": 4000}, "weighted avg": {"precision": 0.8762708149648124, "recall": 0.872, "f1-score": 0.873671277997365, "support": 4000}}, "confusion-matrix": [[2688, 299], [213, 800]]}, "2": {"report": {"False": {"precision": 0.9262295081967213, "recall": 0.901296111665005, "f1-score": 0.9135927235977765, "support": 3009}, "True": {"precision": 0.7229477611940298, "recall": 0.7820383451059536, "f1-score": 0.7513330101793504, "support": 991}, "accuracy": 0.87175, "macro avg": {"precision": 0.8245886346953756, "recall": 0.8416672283854794, "f1-score": 0.8324628668885634, "support": 4000}, "weighted avg": {"precision": 0.8758664553768045, "recall": 0.87175, "f1-score": 0.8733928795983615, "support": 4000}}, "confusion-matrix": [[2712, 297], [216, 775]]}, "3": {"report": {"False": {"precision": 0.9167789757412399, "recall": 0.9085141903171954, "f1-score": 0.9126278718765722, "support": 2995}, "True": {"precision": 0.7344961240310077, "recall": 0.7542288557213931, "f1-score": 0.7442317133038783, "support": 1005}, "accuracy": 0.86975, "macro avg": {"precision": 0.8256375498861238, "recall": 0.8313715230192942, "f1-score": 0.8284297925902253, "support": 4000}, "weighted avg": {"precision": 0.8709804092490441, "recall": 0.86975, "f1-score": 0.8703183370351829, "support": 4000}}, "confusion-matrix": [[2721, 274], [247, 758]]}, "4": {"report": {"False": {"precision": 0.9275217100868404, "recall": 0.9219787516600265, "f1-score": 0.9247419247419247, "support": 3012}, "True": {"precision": 0.7664015904572564, "recall": 0.7803643724696356, "f1-score": 0.7733199598796389, "support": 988}, "accuracy": 0.887, "macro avg": {"precision": 0.8469616502720484, "recall": 0.851171562064831, "f1-score": 0.8490309423107818, "support": 4000}, "weighted avg": {"precision": 0.8877250405383331, "recall": 0.887, "f1-score": 0.8873406994209402, "support": 4000}}, "confusion-matrix": [[2777, 235], [217, 771]]}, "5": {"report": {"False": {"precision": 0.9284981183715361, "recall": 0.900464499004645, "f1-score": 0.9142664645443827, "support": 3014}, "True": {"precision": 0.7214484679665738, "recall": 0.7880324543610547, "f1-score": 0.7532719340765875, "support": 986}, "accuracy": 0.87275, "macro avg": {"precision": 0.824973293169055, "recall": 0.8442484766828499, "f1-score": 0.8337691993104851, "support": 4000}, "weighted avg": {"precision": 0.8774603795467129, "recall": 0.87275, "f1-score": 0.8745813127840711, "support": 4000}}, "confusion-matrix": [[2714, 300], [209, 777]]}, "6": {"report": {"False": {"precision": 0.9230511876881901, "recall": 0.9150912106135987, "f1-score": 0.919053964023984, "support": 3015}, "True": {"precision": 0.7467853610286844, "recall": 0.766497461928934, "f1-score": 0.7565130260521041, "support": 985}, "accuracy": 0.8785, "macro avg": {"precision": 0.8349182743584372, "recall": 0.8407943362712663, "f1-score": 0.8377834950380441, "support": 4000}, "weighted avg": {"precision": 0.8796457278732868, "recall": 0.8785, "f1-score": 0.8790282580484086, "support": 4000}}, "confusion-matrix": [[2759, 256], [230, 755]]}, "7": {"report": {"False": {"precision": 0.9184228416043508, "recall": 0.9085406859448554, "f1-score": 0.9134550371872887, "support": 2974}, "True": {"precision": 0.7429111531190926, "recall": 0.7660818713450293, "f1-score": 0.7543186180422266, "support": 1026}, "accuracy": 0.872, "macro avg": {"precision": 0.8306669973617218, "recall": 0.8373112786449424, "f1-score": 0.8338868276147576, "support": 4000}, "weighted avg": {"precision": 0.8734040935078821, "recall": 0.872, "f1-score": 0.8726365456765802, "support": 4000}}, "confusion-matrix": [[2702, 272], [240, 786]]}, "8": {"report": {"False": {"precision": 0.9219613259668509, "recall": 0.8962739174219537, "f1-score": 0.908936170212766, "support": 2979}, "True": {"precision": 0.720108695652174, "recall": 0.7786483839373164, "f1-score": 0.748235294117647, "support": 1021}, "accuracy": 0.86625, "macro avg": {"precision": 0.8210350108095124, "recall": 0.837461150679635, "f1-score": 0.8285857321652065, "support": 4000}, "weighted avg": {"precision": 0.8704384420790295, "recall": 0.86625, "f1-score": 0.8679172715894868, "support": 4000}}, "confusion-matrix": [[2670, 309], [226, 795]]}, "9": {"report": {"False": {"precision": 0.9195594125500668, "recall": 0.915282392026578, "f1-score": 0.9174159174159174, "support": 3010}, "True": {"precision": 0.7460159362549801, "recall": 0.7565656565656566, "f1-score": 0.7512537612838516, "support": 990}, "accuracy": 0.876, "macro avg": {"precision": 0.8327876744025234, "recall": 0.8359240242961172, "f1-score": 0.8343348393498845, "support": 4000}, "weighted avg": {"precision": 0.8766074021670329, "recall": 0.876, "f1-score": 0.8762907837732311, "support": 4000}}, "confusion-matrix": [[2755, 255], [241, 749]]}, "10": {"report": {"False": {"precision": 0.922165820642978, "recall": 0.9068219633943427, "f1-score": 0.9144295302013422, "support": 3005}, "True": {"precision": 0.7320574162679426, "recall": 0.7688442211055276, "f1-score": 0.75, "support": 995}, "accuracy": 0.8725, "macro avg": {"precision": 0.8271116184554603, "recall": 0.8378330922499352, "f1-score": 0.832214765100671, "support": 4000}, "weighted avg": {"precision": 0.8748763550546879, "recall": 0.8725, "f1-score": 0.8735276845637584, "support": 4000}}, "confusion-matrix": [[2725, 280], [230, 765]]}}, "overall": {"report": {"False": {"precision": 0.9230765943247945, "recall": 0.9074163286828917, "f1-score": 0.9151563082062824, "support": 30000.0}, "True": {"precision": 0.7361106991868012, "recall": 0.7731035087496079, "f1-score": 0.7540053074511042, "support": 10000.0}, "macro avg": {"precision": 0.8295936467557979, "recall": 0.8402599187162497, "f1-score": 0.8345808078286933, "support": 40000.0}, "weighted avg": {"precision": 0.8763275120357626, "recall": 0.87385, "f1-score": 0.8748705050487386, "support": 40000.0}, "accuracy": 0.87385}, "confusion-matrix": [[27223.0, 2777.0], [2269.0, 7731.0]]}}