{"features": "bow-pos", "classifier": "DecisionTreeClassifier", "folds": {"1": {"report": {"False": {"precision": 0.8842547688328484, "recall": 0.9156344158018078, "f1-score": 0.8996710526315789, "support": 2987}, "True": {"precision": 0.7221609702315325, "recall": 0.646594274432379, "f1-score": 0.6822916666666666, "support": 1013}, "accuracy": 0.8475, "macro avg": {"precision": 0.8032078695321905, "recall": 0.7811143451170934, "f1-score": 0.7909813596491228, "support": 4000}, "weighted avg": {"precision": 0.8432045143370651, "recall": 0.8475, "f1-score": 0.8446197231359649, "support": 4000}}, "confusion-matrix": [[2735, 252], [358, 655]]}, "4": {"report": {"False": {"precision": 0.8911303234069805, "recall": 0.9239707835325365, "f1-score": 0.9072534637326813, "support": 3012}, "True": {"precision": 0.7388825541619156, "recall": 0.6558704453441295, "f1-score": 0.6949061662198392, "support": 988}, "accuracy": 0.85775, "macro avg": {"precision": 0.815006438784448, "recall": 0.7899206144383331, "f1-score": 0.8010798149762604, "support": 4000}, "weighted avg": {"precision": 0.8535251244034495, "recall": 0.85775, "f1-score": 0.8548036812470093, "support": 4000}}, "confusion-matrix": [[2783, 229], [340, 648]]}, "2": {"report": {"False": {"precision": 0.8836984536082474, "recall": 0.9115985377201729, "f1-score": 0.8974317029281859, "support": 3009}, "True": {"precision": 0.703125, "recall": 0.6357214934409687, "f1-score": 0.6677265500794913, "support": 991}, "accuracy": 0.84325, "macro avg": {"precision": 0.7934117268041236, "recall": 0.7736600155805708, "f1-score": 0.7825791265038387, "support": 4000}, "weighted avg": {"precision": 0.8389613804768041, "recall": 0.84325, "f1-score": 0.8405222513099218, "support": 4000}}, "confusion-matrix": [[2743, 266], [361, 630]]}, "8": {"report": {"False": {"precision": 0.8859677949392047, "recall": 0.9050016784155757, "f1-score": 0.8953835934905346, "support": 2979}, "True": {"precision": 0.7042842215256009, "recall": 0.6601371204701273, "f1-score": 0.6814964610717896, "support": 1021}, "accuracy": 0.8425, "macro avg": {"precision": 0.7951260082324028, "recall": 0.7825693994428515, "f1-score": 0.7884400272811621, "support": 4000}, "weighted avg": {"precision": 0.8395930628253823, "recall": 0.8425, "f1-score": 0.84078890294065, "support": 4000}}, "confusion-matrix": [[2696, 283], [347, 674]]}, "3": {"report": {"False": {"precision": 0.882051282051282, "recall": 0.918864774624374, "f1-score": 0.9000817661488143, "support": 2995}, "True": {"precision": 0.7238636363636364, "recall": 0.6338308457711442, "f1-score": 0.6758620689655173, "support": 1005}, "accuracy": 0.84725, "macro avg": {"precision": 0.8029574592074592, "recall": 0.7763478101977591, "f1-score": 0.7879719175571658, "support": 4000}, "weighted avg": {"precision": 0.8423066360722611, "recall": 0.84725, "f1-score": 0.8437465672315109, "support": 4000}}, "confusion-matrix": [[2752, 243], [368, 637]]}, "5": {"report": {"False": {"precision": 0.894110074026392, "recall": 0.9216987392169874, "f1-score": 0.9076948211076622, "support": 3014}, "True": {"precision": 0.7357222844344905, "recall": 0.6663286004056795, "f1-score": 0.699308142629058, "support": 986}, "accuracy": 0.85875, "macro avg": {"precision": 0.8149161792304412, "recall": 0.7940136698113335, "f1-score": 0.8035014818683601, "support": 4000}, "weighted avg": {"precision": 0.8550674838919883, "recall": 0.85875, "f1-score": 0.8563275048626863, "support": 4000}}, "confusion-matrix": [[2778, 236], [329, 657]]}, "6": {"report": {"False": {"precision": 0.8923521850899743, "recall": 0.9210613598673301, "f1-score": 0.9064795168924433, "support": 3015}, "True": {"precision": 0.7319819819819819, "recall": 0.6598984771573604, "f1-score": 0.6940736785904965, "support": 985}, "accuracy": 0.85675, "macro avg": {"precision": 0.8121670835359781, "recall": 0.7904799185123452, "f1-score": 0.8002765977414699, "support": 4000}, "weighted avg": {"precision": 0.8528610225746311, "recall": 0.85675, "f1-score": 0.8541745792105889, "support": 4000}}, "confusion-matrix": [[2777, 238], [335, 650]]}, "7": {"report": {"False": {"precision": 0.8804487179487179, "recall": 0.9236718224613315, "f1-score": 0.9015425008204793, "support": 2974}, "True": {"precision": 0.7420454545454546, "recall": 0.6364522417153996, "f1-score": 0.6852046169989506, "support": 1026}, "accuracy": 0.85, "macro avg": {"precision": 0.8112470862470862, "recall": 0.7800620320883656, "f1-score": 0.793373558909715, "support": 4000}, "weighted avg": {"precision": 0.8449482808857808, "recall": 0.85, "f1-score": 0.8460518336202572, "support": 4000}}, "confusion-matrix": [[2747, 227], [373, 653]]}, "9": {"report": {"False": {"precision": 0.8830594184576486, "recall": 0.9282392026578073, "f1-score": 0.9050858438613542, "support": 3010}, "True": {"precision": 0.7416267942583732, "recall": 0.6262626262626263, "f1-score": 0.67907995618839, "support": 990}, "accuracy": 0.8535, "macro avg": {"precision": 0.8123431063580109, "recall": 0.7772509144602169, "f1-score": 0.7920829000248721, "support": 4000}, "weighted avg": {"precision": 0.848054843968328, "recall": 0.8535, "f1-score": 0.8491493866622956, "support": 4000}}, "confusion-matrix": [[2794, 216], [370, 620]]}, "10": {"report": {"False": {"precision": 0.8885620915032679, "recall": 0.9048252911813643, "f1-score": 0.8966199505358615, "support": 3005}, "True": {"precision": 0.6957446808510638, "recall": 0.6572864321608041, "f1-score": 0.675968992248062, "support": 995}, "accuracy": 0.84325, "macro avg": {"precision": 0.7921533861771659, "recall": 0.7810558616710842, "f1-score": 0.7862944713919617, "support": 4000}, "weighted avg": {"precision": 0.8405987606035321, "recall": 0.84325, "f1-score": 0.8417330246617714, "support": 4000}}, "confusion-matrix": [[2719, 286], [341, 654]]}}, "overall": {"report": {"False": {"precision": 0.8865635109864562, "recall": 0.9174566605479286, "f1-score": 0.9017244212149595, "support": 30000.0}, "True": {"precision": 0.7239437578354049, "recall": 0.6478382557160619, "f1-score": 0.6835918299658261, "support": 10000.0}, "macro avg": {"precision": 0.8052536344109307, "recall": 0.7826474581319954, "f1-score": 0.7926581255903928, "support": 40000.0}, "weighted avg": {"precision": 0.8459121110039222, "recall": 0.8500500000000001, "f1-score": 0.8471917454882656, "support": 40000.0}, "accuracy": 0.8500500000000001}, "confusion-matrix": [[27524.0, 2476.0], [3522.0, 6478.0]]}}