{"features": "bow-pp-emot", "classifier": "DecisionTreeClassifier", "folds": {"6": {"report": {"False": {"precision": 0.9554098360655737, "recall": 0.9665008291873963, "f1-score": 0.9609233305853256, "support": 3015}, "True": {"precision": 0.8936842105263157, "recall": 0.8619289340101522, "f1-score": 0.8775193798449612, "support": 985}, "accuracy": 0.94075, "macro avg": {"precision": 0.9245470232959447, "recall": 0.9142148815987743, "f1-score": 0.9192213552151434, "support": 4000}, "weighted avg": {"precision": 0.9402099007765314, "recall": 0.94075, "f1-score": 0.9403851077155109, "support": 4000}}, "confusion-matrix": [[2914, 101], [136, 849]]}, "3": {"report": {"False": {"precision": 0.943081452404318, "recall": 0.9626043405676127, "f1-score": 0.9527428949107734, "support": 2995}, "True": {"precision": 0.8812301166489925, "recall": 0.826865671641791, "f1-score": 0.8531827515400411, "support": 1005}, "accuracy": 0.9285, "macro avg": {"precision": 0.9121557845266552, "recall": 0.8947350061047019, "f1-score": 0.9029628232254072, "support": 4000}, "weighted avg": {"precision": 0.9275413042957924, "recall": 0.9285, "f1-score": 0.9277284088888769, "support": 4000}}, "confusion-matrix": [[2883, 112], [174, 831]]}, "10": {"report": {"False": {"precision": 0.9492084432717678, "recall": 0.9577371048252912, "f1-score": 0.953453702169952, "support": 3005}, "True": {"precision": 0.868801652892562, "recall": 0.8452261306532663, "f1-score": 0.8568517575140091, "support": 995}, "accuracy": 0.92975, "macro avg": {"precision": 0.9090050480821649, "recall": 0.9014816177392788, "f1-score": 0.9051527298419806, "support": 4000}, "weighted avg": {"precision": 0.9292072541649404, "recall": 0.92975, "f1-score": 0.9294239684367862, "support": 4000}}, "confusion-matrix": [[2878, 127], [154, 841]]}, "1": {"report": {"False": {"precision": 0.952191235059761, "recall": 0.9601606963508537, "f1-score": 0.9561593598933156, "support": 2987}, "True": {"precision": 0.8795546558704453, "recall": 0.857847976307996, "f1-score": 0.8685657171414293, "support": 1013}, "accuracy": 0.93425, "macro avg": {"precision": 0.9158729454651031, "recall": 0.9090043363294249, "f1-score": 0.9123625385173724, "support": 4000}, "weighted avg": {"precision": 0.9337960213800668, "recall": 0.93425, "f1-score": 0.9339762698664004, "support": 4000}}, "confusion-matrix": [[2868, 119], [144, 869]]}, "7": {"report": {"False": {"precision": 0.9529686457638425, "recall": 0.960659045057162, "f1-score": 0.9567983924983254, "support": 2974}, "True": {"precision": 0.8832335329341318, "recall": 0.8625730994152047, "f1-score": 0.8727810650887573, "support": 1026}, "accuracy": 0.9355, "macro avg": {"precision": 0.9181010893489872, "recall": 0.9116160722361834, "f1-score": 0.9147897287935414, "support": 4000}, "weighted avg": {"precision": 0.9350815893230218, "recall": 0.9355, "f1-score": 0.9352479480177711, "support": 4000}}, "confusion-matrix": [[2857, 117], [141, 885]]}, "4": {"report": {"False": {"precision": 0.9530332681017613, "recall": 0.9701195219123506, "f1-score": 0.9615004935834156, "support": 3012}, "True": {"precision": 0.9036402569593148, "recall": 0.854251012145749, "f1-score": 0.878251821019771, "support": 988}, "accuracy": 0.9415, "macro avg": {"precision": 0.9283367625305381, "recall": 0.9121852670290498, "f1-score": 0.9198761573015932, "support": 4000}, "weighted avg": {"precision": 0.9408331943495769, "recall": 0.9415, "f1-score": 0.9409380714601954, "support": 4000}}, "confusion-matrix": [[2922, 90], [144, 844]]}, "2": {"report": {"False": {"precision": 0.9473856209150326, "recall": 0.9634430043203722, "f1-score": 0.955346844620201, "support": 3009}, "True": {"precision": 0.8829787234042553, "recall": 0.8375378405650857, "f1-score": 0.859658208182289, "support": 991}, "accuracy": 0.93225, "macro avg": {"precision": 0.915182172159644, "recall": 0.900490422442729, "f1-score": 0.9075025264012451, "support": 4000}, "weighted avg": {"precision": 0.9314288120567376, "recall": 0.93225, "f1-score": 0.9316399849427084, "support": 4000}}, "confusion-matrix": [[2899, 110], [161, 830]]}, "5": {"report": {"False": {"precision": 0.9546052631578947, "recall": 0.9628400796284008, "f1-score": 0.9587049884373966, "support": 3014}, "True": {"precision": 0.8833333333333333, "recall": 0.8600405679513184, "f1-score": 0.8715313463514902, "support": 986}, "accuracy": 0.9375, "macro avg": {"precision": 0.918969298245614, "recall": 0.9114403237898596, "f1-score": 0.9151181673944434, "support": 4000}, "weighted avg": {"precision": 0.9370367324561404, "recall": 0.9375, "f1-score": 0.9372166856632207, "support": 4000}}, "confusion-matrix": [[2902, 112], [138, 848]]}, "8": {"report": {"False": {"precision": 0.9490968801313628, "recall": 0.9701242027526016, "f1-score": 0.9594953519256307, "support": 2979}, "True": {"precision": 0.9068062827225131, "recall": 0.8481880509304603, "f1-score": 0.8765182186234818, "support": 1021}, "accuracy": 0.939, "macro avg": {"precision": 0.9279515814269379, "recall": 0.9091561268415309, "f1-score": 0.9180067852745563, "support": 4000}, "weighted avg": {"precision": 0.9383022051427539, "recall": 0.939, "f1-score": 0.9383154386502572, "support": 4000}}, "confusion-matrix": [[2890, 89], [155, 866]]}, "9": {"report": {"False": {"precision": 0.9440129449838188, "recall": 0.9691029900332226, "f1-score": 0.9563934426229509, "support": 3010}, "True": {"precision": 0.8978021978021978, "recall": 0.8252525252525252, "f1-score": 0.8600000000000001, "support": 990}, "accuracy": 0.9335, "macro avg": {"precision": 0.9209075713930084, "recall": 0.8971777576428739, "f1-score": 0.9081967213114754, "support": 4000}, "weighted avg": {"precision": 0.9325757850563677, "recall": 0.9335, "f1-score": 0.9325360655737706, "support": 4000}}, "confusion-matrix": [[2917, 93], [173, 817]]}}, "overall": {"report": {"False": {"precision": 0.9500993589855133, "recall": 0.9643291814635264, "f1-score": 0.9571518801247286, "support": 30000.0}, "True": {"precision": 0.8881064963094062, "recall": 0.8479711808873549, "f1-score": 0.8674860265306231, "support": 10000.0}, "macro avg": {"precision": 0.9191029276474598, "recall": 0.9061501811754408, "f1-score": 0.9123189533276758, "support": 40000.0}, "weighted avg": {"precision": 0.9346012799001929, "recall": 0.9352500000000001, "f1-score": 0.9347407949215498, "support": 40000.0}, "accuracy": 0.9352500000000001}, "confusion-matrix": [[28930.0, 1070.0], [1520.0, 8480.0]]}}