{"features": "emot", "classifier": "SVC", "folds": {"1": {"report": {"False": {"precision": 0.74675, "recall": 1.0, "f1-score": 0.8550164591383999, "support": 2987}, "True": {"precision": 0.0, "recall": 0.0, "f1-score": 0.0, "support": 1013}, "accuracy": 0.74675, "macro avg": {"precision": 0.373375, "recall": 0.5, "f1-score": 0.4275082295691999, "support": 4000}, "weighted avg": {"precision": 0.5576355625, "recall": 0.74675, "f1-score": 0.6384835408616001, "support": 4000}}, "confusion-matrix": [[2987, 0], [1013, 0]]}, "2": {"report": {"False": {"precision": 0.75225, "recall": 1.0, "f1-score": 0.8586103581110001, "support": 3009}, "True": {"precision": 0.0, "recall": 0.0, "f1-score": 0.0, "support": 991}, "accuracy": 0.75225, "macro avg": {"precision": 0.376125, "recall": 0.5, "f1-score": 0.42930517905550003, "support": 4000}, "weighted avg": {"precision": 0.5658800625, "recall": 0.75225, "f1-score": 0.6458896418889998, "support": 4000}}, "confusion-matrix": [[3009, 0], [991, 0]]}, "3": {"report": {"False": {"precision": 0.74875, "recall": 1.0, "f1-score": 0.856325947105075, "support": 2995}, "True": {"precision": 0.0, "recall": 0.0, "f1-score": 0.0, "support": 1005}, "accuracy": 0.74875, "macro avg": {"precision": 0.374375, "recall": 0.5, "f1-score": 0.4281629735525375, "support": 4000}, "weighted avg": {"precision": 0.5606265625, "recall": 0.74875, "f1-score": 0.6411740528949249, "support": 4000}}, "confusion-matrix": [[2995, 0], [1005, 0]]}, "4": {"report": {"False": {"precision": 0.753, "recall": 1.0, "f1-score": 0.8590986879634911, "support": 3012}, "True": {"precision": 0.0, "recall": 0.0, "f1-score": 0.0, "support": 988}, "accuracy": 0.753, "macro avg": {"precision": 0.3765, "recall": 0.5, "f1-score": 0.42954934398174555, "support": 4000}, "weighted avg": {"precision": 0.567009, "recall": 0.753, "f1-score": 0.6469013120365088, "support": 4000}}, "confusion-matrix": [[3012, 0], [988, 0]]}, "5": {"report": {"False": {"precision": 0.7535, "recall": 1.0, "f1-score": 0.8594240091246079, "support": 3014}, "True": {"precision": 0.0, "recall": 0.0, "f1-score": 0.0, "support": 986}, "accuracy": 0.7535, "macro avg": {"precision": 0.37675, "recall": 0.5, "f1-score": 0.42971200456230396, "support": 4000}, "weighted avg": {"precision": 0.56776225, "recall": 0.7535, "f1-score": 0.6475759908753921, "support": 4000}}, "confusion-matrix": [[3014, 0], [986, 0]]}, "6": {"report": {"False": {"precision": 0.75375, "recall": 1.0, "f1-score": 0.8595866001425516, "support": 3015}, "True": {"precision": 0.0, "recall": 0.0, "f1-score": 0.0, "support": 985}, "accuracy": 0.75375, "macro avg": {"precision": 0.376875, "recall": 0.5, "f1-score": 0.4297933000712758, "support": 4000}, "weighted avg": {"precision": 0.5681390625, "recall": 0.75375, "f1-score": 0.6479133998574483, "support": 4000}}, "confusion-matrix": [[3015, 0], [985, 0]]}, "7": {"report": {"False": {"precision": 0.7435, "recall": 1.0, "f1-score": 0.8528821336392315, "support": 2974}, "True": {"precision": 0.0, "recall": 0.0, "f1-score": 0.0, "support": 1026}, "accuracy": 0.7435, "macro avg": {"precision": 0.37175, "recall": 0.5, "f1-score": 0.42644106681961574, "support": 4000}, "weighted avg": {"precision": 0.5527922500000001, "recall": 0.7435, "f1-score": 0.6341178663607686, "support": 4000}}, "confusion-matrix": [[2974, 0], [1026, 0]]}, "8": {"report": {"False": {"precision": 0.74475, "recall": 1.0, "f1-score": 0.8537039690500072, "support": 2979}, "True": {"precision": 0.0, "recall": 0.0, "f1-score": 0.0, "support": 1021}, "accuracy": 0.74475, "macro avg": {"precision": 0.372375, "recall": 0.5, "f1-score": 0.4268519845250036, "support": 4000}, "weighted avg": {"precision": 0.5546525625000001, "recall": 0.74475, "f1-score": 0.6357960309499929, "support": 4000}}, "confusion-matrix": [[2979, 0], [1021, 0]]}, "9": {"report": {"False": {"precision": 0.7525, "recall": 1.0, "f1-score": 0.8587731811697574, "support": 3010}, "True": {"precision": 0.0, "recall": 0.0, "f1-score": 0.0, "support": 990}, "accuracy": 0.7525, "macro avg": {"precision": 0.37625, "recall": 0.5, "f1-score": 0.4293865905848787, "support": 4000}, "weighted avg": {"precision": 0.5662562499999999, "recall": 0.7525, "f1-score": 0.6462268188302425, "support": 4000}}, "confusion-matrix": [[3010, 0], [990, 0]]}, "10": {"report": {"False": {"precision": 0.75125, "recall": 1.0, "f1-score": 0.8579586009992862, "support": 3005}, "True": {"precision": 0.0, "recall": 0.0, "f1-score": 0.0, "support": 995}, "accuracy": 0.75125, "macro avg": {"precision": 0.375625, "recall": 0.5, "f1-score": 0.4289793004996431, "support": 4000}, "weighted avg": {"precision": 0.5643765625, "recall": 0.75125, "f1-score": 0.6445413990007138, "support": 4000}}, "confusion-matrix": [[3005, 0], [995, 0]]}}, "overall": {"report": {"False": {"precision": 0.7499999999999999, "recall": 1.0, "f1-score": 0.8571379946443407, "support": 30000.0}, "True": {"precision": 0.0, "recall": 0.0, "f1-score": 0.0, "support": 10000.0}, "macro avg": {"precision": 0.37499999999999994, "recall": 0.5, "f1-score": 0.42856899732217035, "support": 40000.0}, "weighted avg": {"precision": 0.5625130125, "recall": 0.7499999999999999, "f1-score": 0.6428620053556592, "support": 40000.0}, "accuracy": 0.7499999999999999}, "confusion-matrix": [[30000.0, 0.0], [10000.0, 0.0]]}}