{"features": "pp-emot", "classifier": "DecisionTreeClassifier", "folds": {"1": {"report": {"False": {"precision": 0.9047151277013753, "recall": 0.9250083696016069, "f1-score": 0.91474921370634, "support": 2987}, "True": {"precision": 0.7632135306553911, "recall": 0.7127344521224087, "f1-score": 0.7371107708014294, "support": 1013}, "accuracy": 0.87125, "macro avg": {"precision": 0.8339643291783831, "recall": 0.8188714108620079, "f1-score": 0.8259299922538847, "support": 4000}, "weighted avg": {"precision": 0.8688798482494797, "recall": 0.87125, "f1-score": 0.8697622780406714, "support": 4000}}, "confusion-matrix": [[2763, 224], [291, 722]]}, "2": {"report": {"False": {"precision": 0.9058591178406846, "recall": 0.9145895646394151, "f1-score": 0.9102034066479245, "support": 3009}, "True": {"precision": 0.7328482328482329, "recall": 0.7114026236125126, "f1-score": 0.7219662058371736, "support": 991}, "accuracy": 0.86425, "macro avg": {"precision": 0.8193536753444588, "recall": 0.8129960941259639, "f1-score": 0.8160848062425491, "support": 4000}, "weighted avg": {"precision": 0.8629956710838047, "recall": 0.86425, "f1-score": 0.8635676401470611, "support": 4000}}, "confusion-matrix": [[2752, 257], [286, 705]]}, "3": {"report": {"False": {"precision": 0.8992805755395683, "recall": 0.9181969949916527, "f1-score": 0.9086403436312572, "support": 2995}, "True": {"precision": 0.7399150743099787, "recall": 0.6935323383084577, "f1-score": 0.7159732922444787, "support": 1005}, "accuracy": 0.86175, "macro avg": {"precision": 0.8195978249247735, "recall": 0.8058646666500553, "f1-score": 0.812306817937868, "support": 4000}, "weighted avg": {"precision": 0.859239993355634, "recall": 0.86175, "f1-score": 0.8602327469703291, "support": 4000}}, "confusion-matrix": [[2750, 245], [308, 697]]}, "4": {"report": {"False": {"precision": 0.9037900874635568, "recall": 0.9262948207171314, "f1-score": 0.9149040826364978, "support": 3012}, "True": {"precision": 0.7568455640744798, "recall": 0.6993927125506073, "f1-score": 0.7269857969489742, "support": 988}, "accuracy": 0.87025, "macro avg": {"precision": 0.8303178257690182, "recall": 0.8128437666338694, "f1-score": 0.820944939792736, "support": 4000}, "weighted avg": {"precision": 0.8674947901864548, "recall": 0.87025, "f1-score": 0.8684882660716795, "support": 4000}}, "confusion-matrix": [[2790, 222], [297, 691]]}, "5": {"report": {"False": {"precision": 0.9035317200784827, "recall": 0.9167219641672196, "f1-score": 0.9100790513833992, "support": 3014}, "True": {"precision": 0.7335456475583864, "recall": 0.7008113590263692, "f1-score": 0.7168049792531119, "support": 986}, "accuracy": 0.8635, "macro avg": {"precision": 0.8185386838184345, "recall": 0.8087666615967943, "f1-score": 0.8134420153182556, "support": 4000}, "weighted avg": {"precision": 0.861630153202279, "recall": 0.8635, "f1-score": 0.8624369926032833, "support": 4000}}, "confusion-matrix": [[2763, 251], [295, 691]]}, "6": {"report": {"False": {"precision": 0.9057829759584145, "recall": 0.9247097844112769, "f1-score": 0.9151485311012637, "support": 3015}, "True": {"precision": 0.7537960954446855, "recall": 0.7055837563451777, "f1-score": 0.7288935500786576, "support": 985}, "accuracy": 0.87075, "macro avg": {"precision": 0.82978953570155, "recall": 0.8151467703782274, "f1-score": 0.8220210405899606, "support": 4000}, "weighted avg": {"precision": 0.8683562066319088, "recall": 0.87075, "f1-score": 0.869283242024447, "support": 4000}}, "confusion-matrix": [[2788, 227], [290, 695]]}, "7": {"report": {"False": {"precision": 0.9038969616908851, "recall": 0.9203093476798924, "f1-score": 0.9120293235588137, "support": 2974}, "True": {"precision": 0.7561728395061729, "recall": 0.716374269005848, "f1-score": 0.7357357357357359, "support": 1026}, "accuracy": 0.868, "macro avg": {"precision": 0.830034900598529, "recall": 0.8183418083428702, "f1-score": 0.8238825296472748, "support": 4000}, "weighted avg": {"precision": 0.8660057243505064, "recall": 0.868, "f1-score": 0.8668100182821943, "support": 4000}}, "confusion-matrix": [[2737, 237], [291, 735]]}, "8": {"report": {"False": {"precision": 0.8972447325769854, "recall": 0.9291708627056059, "f1-score": 0.9129287598944591, "support": 2979}, "True": {"precision": 0.7693989071038252, "recall": 0.6895200783545543, "f1-score": 0.7272727272727272, "support": 1021}, "accuracy": 0.868, "macro avg": {"precision": 0.8333218198404053, "recall": 0.8093454705300801, "f1-score": 0.8201007435835932, "support": 4000}, "weighted avg": {"precision": 0.8646120856249613, "recall": 0.868, "f1-score": 0.865540057567762, "support": 4000}}, "confusion-matrix": [[2768, 211], [317, 704]]}, "9": {"report": {"False": {"precision": 0.905102372440689, "recall": 0.925249169435216, "f1-score": 0.9150648923936259, "support": 3010}, "True": {"precision": 0.7562296858071506, "recall": 0.705050505050505, "f1-score": 0.7297438578149504, "support": 990}, "accuracy": 0.87075, "macro avg": {"precision": 0.8306660291239198, "recall": 0.8151498372428605, "f1-score": 0.8224043751042882, "support": 4000}, "weighted avg": {"precision": 0.8682563824988883, "recall": 0.87075, "f1-score": 0.8691979363354038, "support": 4000}}, "confusion-matrix": [[2785, 225], [292, 698]]}, "10": {"report": {"False": {"precision": 0.9016872160934458, "recall": 0.9247920133111481, "f1-score": 0.9130934779037293, "support": 3005}, "True": {"precision": 0.7538126361655774, "recall": 0.6954773869346733, "f1-score": 0.7234709879769995, "support": 995}, "accuracy": 0.86775, "macro avg": {"precision": 0.8277499261295116, "recall": 0.8101347001229107, "f1-score": 0.8182822329403644, "support": 4000}, "weighted avg": {"precision": 0.8649034143363885, "recall": 0.86775, "f1-score": 0.8659248835344553, "support": 4000}}, "confusion-matrix": [[2779, 226], [303, 692]]}}, "overall": {"report": {"False": {"precision": 0.9030890887384088, "recall": 0.9225042891660165, "f1-score": 0.9126841082857311, "support": 30000.0}, "True": {"precision": 0.7515778213473879, "recall": 0.7029879481311114, "f1-score": 0.7263957903964239, "support": 10000.0}, "macro avg": {"precision": 0.8273334550428985, "recall": 0.8127461186485639, "f1-score": 0.8195399493410773, "support": 40000.0}, "weighted avg": {"precision": 0.8652374269520304, "recall": 0.867625, "f1-score": 0.8661244061577287, "support": 40000.0}, "accuracy": 0.867625}, "confusion-matrix": [[27675.0, 2325.0], [2970.0, 7030.0]]}}