{"features": "pp-pos", "classifier": "MultinomialNB", "folds": {"1": {"report": {"False": {"precision": 0.8509354254677127, "recall": 0.9440910612654838, "f1-score": 0.8950960165053167, "support": 2987}, "True": {"precision": 0.7565597667638484, "recall": 0.5123395853899309, "f1-score": 0.61094761624485, "support": 1013}, "accuracy": 0.83475, "macro avg": {"precision": 0.8037475961157805, "recall": 0.7282153233277073, "f1-score": 0.7530218163750833, "support": 4000}, "weighted avg": {"precision": 0.8270347899009591, "recall": 0.83475, "f1-score": 0.8231354341393535, "support": 4000}}, "confusion-matrix": [[2820, 167], [494, 519]]}, "2": {"report": {"False": {"precision": 0.8526504941599281, "recall": 0.9461615154536391, "f1-score": 0.896975425330813, "support": 3009}, "True": {"precision": 0.7549167927382754, "recall": 0.5035317860746721, "f1-score": 0.6041162227602906, "support": 991}, "accuracy": 0.8365, "macro avg": {"precision": 0.8037836434491017, "recall": 0.7248466507641556, "f1-score": 0.7505458240455518, "support": 4000}, "weighted avg": {"precision": 0.8284369696327136, "recall": 0.8365, "f1-score": 0.8244195578939661, "support": 4000}}, "confusion-matrix": [[2847, 162], [492, 499]]}, "3": {"report": {"False": {"precision": 0.8513311396948848, "recall": 0.9502504173622704, "f1-score": 0.8980751025560114, "support": 2995}, "True": {"precision": 0.7732115677321156, "recall": 0.5054726368159204, "f1-score": 0.6113116726835138, "support": 1005}, "accuracy": 0.8385, "macro avg": {"precision": 0.8122713537135002, "recall": 0.7278615270890954, "f1-score": 0.7546933876197626, "support": 4000}, "weighted avg": {"precision": 0.8317035972392391, "recall": 0.8385, "f1-score": 0.8260257908005465, "support": 4000}}, "confusion-matrix": [[2846, 149], [497, 508]]}, "4": {"report": {"False": {"precision": 0.8534918276374442, "recall": 0.953519256308101, "f1-score": 0.9007370236788458, "support": 3012}, "True": {"precision": 0.7795275590551181, "recall": 0.5010121457489879, "f1-score": 0.6099815157116452, "support": 988}, "accuracy": 0.84175, "macro avg": {"precision": 0.8165096933462812, "recall": 0.7272657010285444, "f1-score": 0.7553592696952455, "support": 4000}, "weighted avg": {"precision": 0.8352226532976097, "recall": 0.84175, "f1-score": 0.8289204132109472, "support": 4000}}, "confusion-matrix": [[2872, 140], [493, 495]]}, "5": {"report": {"False": {"precision": 0.8575730201746462, "recall": 0.9449236894492369, "f1-score": 0.8991318074191003, "support": 3014}, "True": {"precision": 0.7555228276877761, "recall": 0.5202839756592292, "f1-score": 0.6162162162162163, "support": 986}, "accuracy": 0.84025, "macro avg": {"precision": 0.8065479239312112, "recall": 0.732603832554233, "f1-score": 0.7576740118176583, "support": 4000}, "weighted avg": {"precision": 0.8324176477266328, "recall": 0.84025, "f1-score": 0.8293931141875894, "support": 4000}}, "confusion-matrix": [[2848, 166], [473, 513]]}, "6": {"report": {"False": {"precision": 0.852914798206278, "recall": 0.9462686567164179, "f1-score": 0.8971698113207548, "support": 3015}, "True": {"precision": 0.7526717557251908, "recall": 0.500507614213198, "f1-score": 0.6012195121951219, "support": 985}, "accuracy": 0.8365, "macro avg": {"precision": 0.8027932769657344, "recall": 0.723388135464808, "f1-score": 0.7491946617579384, "support": 4000}, "weighted avg": {"precision": 0.8282299489953103, "recall": 0.8365, "f1-score": 0.8242920501610677, "support": 4000}}, "confusion-matrix": [[2853, 162], [492, 493]]}, "7": {"report": {"False": {"precision": 0.8554107305244013, "recall": 0.948890383322125, "f1-score": 0.8997289972899728, "support": 2974}, "True": {"precision": 0.7831669044222539, "recall": 0.5350877192982456, "f1-score": 0.6357845975680371, "support": 1026}, "accuracy": 0.84275, "macro avg": {"precision": 0.8192888174733276, "recall": 0.7419890513101853, "f1-score": 0.7677567974290049, "support": 4000}, "weighted avg": {"precision": 0.8368801891292005, "recall": 0.84275, "f1-score": 0.8320272587612962, "support": 4000}}, "confusion-matrix": [[2822, 152], [477, 549]]}, "8": {"report": {"False": {"precision": 0.8492736077481841, "recall": 0.9419268210808996, "f1-score": 0.8932038834951456, "support": 2979}, "True": {"precision": 0.7514367816091954, "recall": 0.5122428991185113, "f1-score": 0.6092020966802563, "support": 1021}, "accuracy": 0.83225, "macro avg": {"precision": 0.8003551946786898, "recall": 0.7270848600997055, "f1-score": 0.7512029900877009, "support": 4000}, "weighted avg": {"precision": 0.8243007578762072, "recall": 0.83225, "f1-score": 0.8207124274106451, "support": 4000}}, "confusion-matrix": [[2806, 173], [498, 523]]}, "9": {"report": {"False": {"precision": 0.8488717339667459, "recall": 0.9498338870431894, "f1-score": 0.8965192850423331, "support": 3010}, "True": {"precision": 0.7610759493670886, "recall": 0.4858585858585859, "f1-score": 0.593094944512947, "support": 990}, "accuracy": 0.835, "macro avg": {"precision": 0.8049738416669172, "recall": 0.7178462364508876, "f1-score": 0.7448071147776401, "support": 4000}, "weighted avg": {"precision": 0.8271422772783308, "recall": 0.835, "f1-score": 0.82142176076131, "support": 4000}}, "confusion-matrix": [[2859, 151], [509, 481]]}, "10": {"report": {"False": {"precision": 0.8572296476306197, "recall": 0.9391014975041597, "f1-score": 0.8962998253136414, "support": 3005}, "True": {"precision": 0.7415254237288136, "recall": 0.5276381909547738, "f1-score": 0.6165590135055784, "support": 995}, "accuracy": 0.83675, "macro avg": {"precision": 0.7993775356797166, "recall": 0.7333698442294667, "f1-score": 0.75642941940961, "support": 4000}, "weighted avg": {"precision": 0.8284482219350453, "recall": 0.83675, "f1-score": 0.8267142983763858, "support": 4000}}, "confusion-matrix": [[2822, 183], [470, 525]]}}, "overall": {"report": {"False": {"precision": 0.8529682425210845, "recall": 0.9464967185505524, "f1-score": 0.8972937177951934, "support": 30000.0}, "True": {"precision": 0.7609615328829676, "recall": 0.5103975139132055, "f1-score": 0.6108433408078457, "support": 10000.0}, "macro avg": {"precision": 0.806964887702026, "recall": 0.7284471162318789, "f1-score": 0.7540685293015196, "support": 40000.0}, "weighted avg": {"precision": 0.8299817053011249, "recall": 0.8375, "f1-score": 0.8257062105703108, "support": 40000.0}, "accuracy": 0.8375}, "confusion-matrix": [[28395.0, 1605.0], [4895.0, 5105.0]]}}