{"features": "pp-pos", "classifier": "DecisionTreeClassifier", "folds": {"1": {"report": {"False": {"precision": 0.898406374501992, "recall": 0.9059256779377302, "f1-score": 0.9021503583930656, "support": 2987}, "True": {"precision": 0.7155870445344129, "recall": 0.6979269496544916, "f1-score": 0.7066466766616691, "support": 1013}, "accuracy": 0.85325, "macro avg": {"precision": 0.8069967095182025, "recall": 0.8019263137961109, "f1-score": 0.8043985175273674, "support": 4000}, "weighted avg": {"precision": 0.8521073791877026, "recall": 0.85325, "f1-score": 0.8526390509945894, "support": 4000}}, "confusion-matrix": [[2706, 281], [306, 707]]}, "2": {"report": {"False": {"precision": 0.9016661221822934, "recall": 0.9172482552342971, "f1-score": 0.9093904448105438, "support": 3009}, "True": {"precision": 0.7348242811501597, "recall": 0.6962663975782039, "f1-score": 0.7150259067357513, "support": 991}, "accuracy": 0.8625, "macro avg": {"precision": 0.8182452016662265, "recall": 0.8067573264062504, "f1-score": 0.8122081757731475, "support": 4000}, "weighted avg": {"precision": 0.8603310560665822, "recall": 0.8625, "f1-score": 0.8612366305025139, "support": 4000}}, "confusion-matrix": [[2760, 249], [301, 690]]}, "3": {"report": {"False": {"precision": 0.8978919631093544, "recall": 0.9101836393989984, "f1-score": 0.9039960205604377, "support": 2995}, "True": {"precision": 0.720954356846473, "recall": 0.6915422885572139, "f1-score": 0.7059421025901472, "support": 1005}, "accuracy": 0.85525, "macro avg": {"precision": 0.8094231599779137, "recall": 0.8008629639781062, "f1-score": 0.8049690615752925, "support": 4000}, "weighted avg": {"precision": 0.8534363895358055, "recall": 0.85525, "f1-score": 0.8542349736704022, "support": 4000}}, "confusion-matrix": [[2726, 269], [310, 695]]}, "4": {"report": {"False": {"precision": 0.8992476283938502, "recall": 0.9126826029216467, "f1-score": 0.9059153072993904, "support": 3012}, "True": {"precision": 0.721102863202545, "recall": 0.6882591093117408, "f1-score": 0.7042982910409115, "support": 988}, "accuracy": 0.85725, "macro avg": {"precision": 0.8101752457981977, "recall": 0.8004708561166938, "f1-score": 0.8051067991701509, "support": 4000}, "weighted avg": {"precision": 0.8552458713915978, "recall": 0.85725, "f1-score": 0.8561159042835461, "support": 4000}}, "confusion-matrix": [[2749, 263], [308, 680]]}, "5": {"report": {"False": {"precision": 0.8966306836768073, "recall": 0.9094226940942269, "f1-score": 0.9029813869214297, "support": 3014}, "True": {"precision": 0.7104984093319194, "recall": 0.6795131845841785, "f1-score": 0.6946604458268534, "support": 986}, "accuracy": 0.85275, "macro avg": {"precision": 0.8035645465043634, "recall": 0.7944679393392027, "f1-score": 0.7988209163741415, "support": 4000}, "weighted avg": {"precision": 0.8507490780507925, "recall": 0.85275, "f1-score": 0.8516302749416167, "support": 4000}}, "confusion-matrix": [[2741, 273], [316, 670]]}, "6": {"report": {"False": {"precision": 0.9022779795311984, "recall": 0.9064676616915422, "f1-score": 0.9043679682329582, "support": 3015}, "True": {"precision": 0.709577754891864, "recall": 0.6994923857868021, "f1-score": 0.7044989775051125, "support": 985}, "accuracy": 0.8555, "macro avg": {"precision": 0.8059278672115312, "recall": 0.8029800237391722, "f1-score": 0.8044334728690353, "support": 4000}, "weighted avg": {"precision": 0.8548255492137623, "recall": 0.8555, "f1-score": 0.8551502292662262, "support": 4000}}, "confusion-matrix": [[2733, 282], [296, 689]]}, "7": {"report": {"False": {"precision": 0.8978369384359401, "recall": 0.9071956960322798, "f1-score": 0.9024920555276802, "support": 2974}, "True": {"precision": 0.7226130653266332, "recall": 0.7007797270955166, "f1-score": 0.7115289460663037, "support": 1026}, "accuracy": 0.85425, "macro avg": {"precision": 0.8102250018812867, "recall": 0.8039877115638983, "f1-score": 0.8070105007969919, "support": 4000}, "weighted avg": {"precision": 0.852892014983403, "recall": 0.85425, "f1-score": 0.8535100179508371, "support": 4000}}, "confusion-matrix": [[2698, 276], [307, 719]]}, "8": {"report": {"False": {"precision": 0.8910108659861705, "recall": 0.9083585095669687, "f1-score": 0.8996010638297872, "support": 2979}, "True": {"precision": 0.7165109034267912, "recall": 0.6758080313418218, "f1-score": 0.6955645161290323, "support": 1021}, "accuracy": 0.849, "macro avg": {"precision": 0.8037608847064809, "recall": 0.7920832704543952, "f1-score": 0.7975827899794097, "support": 4000}, "weighted avg": {"precision": 0.846469750542889, "recall": 0.849, "f1-score": 0.8475207350291695, "support": 4000}}, "confusion-matrix": [[2706, 273], [331, 690]]}, "9": {"report": {"False": {"precision": 0.9069690992767916, "recall": 0.9166112956810631, "f1-score": 0.911764705882353, "support": 3010}, "True": {"precision": 0.7379958246346555, "recall": 0.7141414141414142, "f1-score": 0.7258726899383984, "support": 990}, "accuracy": 0.8665, "macro avg": {"precision": 0.8224824619557236, "recall": 0.8153763549112387, "f1-score": 0.8188186979103758, "support": 4000}, "weighted avg": {"precision": 0.8651482138028629, "recall": 0.8665, "f1-score": 0.8657564319362242, "support": 4000}}, "confusion-matrix": [[2759, 251], [283, 707]]}, "10": {"report": {"False": {"precision": 0.9020516214427532, "recall": 0.9071547420965058, "f1-score": 0.9045959847353575, "support": 3005}, "True": {"precision": 0.7147239263803681, "recall": 0.7025125628140704, "f1-score": 0.7085656360871769, "support": 995}, "accuracy": 0.85625, "macro avg": {"precision": 0.8083877739115606, "recall": 0.8048336524552882, "f1-score": 0.8065808104112673, "support": 4000}, "weighted avg": {"precision": 0.8554538572959849, "recall": 0.85625, "f1-score": 0.8558334355091226, "support": 4000}}, "confusion-matrix": [[2726, 279], [296, 699]]}}, "overall": {"report": {"False": {"precision": 0.8993989276537151, "recall": 0.910125077465526, "f1-score": 0.9047255296193002, "support": 30000.0}, "True": {"precision": 0.7204388429725822, "recall": 0.6946242050865454, "f1-score": 0.7072604188581357, "support": 10000.0}, "macro avg": {"precision": 0.8099188853131487, "recall": 0.8023746412760356, "f1-score": 0.805992974238718, "support": 40000.0}, "weighted avg": {"precision": 0.8546659160071381, "recall": 0.85625, "f1-score": 0.8553627684084247, "support": 40000.0}, "accuracy": 0.85625}, "confusion-matrix": [[27304.0, 2696.0], [3054.0, 6946.0]]}}