{"features": "pp-pos-emot", "classifier": "DecisionTreeClassifier", "folds": {"1": {"report": {"False": {"precision": 0.9038978494623656, "recall": 0.9005691329092735, "f1-score": 0.9022304209290625, "support": 2987}, "True": {"precision": 0.7099609375, "recall": 0.717670286278381, "f1-score": 0.713794796269023, "support": 1013}, "accuracy": 0.85425, "macro avg": {"precision": 0.8069293934811828, "recall": 0.8091197095938273, "f1-score": 0.8080126085990427, "support": 4000}, "weighted avg": {"precision": 0.8547833265078965, "recall": 0.85425, "f1-score": 0.8545090989839075, "support": 4000}}, "confusion-matrix": [[2690, 297], [286, 727]]}, "2": {"report": {"False": {"precision": 0.9046984338553815, "recall": 0.9022931206380858, "f1-score": 0.9034941763727121, "support": 3009}, "True": {"precision": 0.7057057057057057, "recall": 0.7114026236125126, "f1-score": 0.7085427135678392, "support": 991}, "accuracy": 0.855, "macro avg": {"precision": 0.8052020697805435, "recall": 0.8068478721252992, "f1-score": 0.8060184449702756, "support": 4000}, "weighted avg": {"precision": 0.8553979854562992, "recall": 0.855, "f1-score": 0.8551949514628048, "support": 4000}}, "confusion-matrix": [[2715, 294], [286, 705]]}, "3": {"report": {"False": {"precision": 0.9003300330033003, "recall": 0.9108514190317195, "f1-score": 0.9055601659751037, "support": 2995}, "True": {"precision": 0.7247422680412371, "recall": 0.699502487562189, "f1-score": 0.7118987341772153, "support": 1005}, "accuracy": 0.85775, "macro avg": {"precision": 0.8125361505222687, "recall": 0.8051769532969543, "f1-score": 0.8087294500761595, "support": 4000}, "weighted avg": {"precision": 0.8562136070565819, "recall": 0.85775, "f1-score": 0.8569027312358842, "support": 4000}}, "confusion-matrix": [[2728, 267], [302, 703]]}, "4": {"report": {"False": {"precision": 0.9076872536136662, "recall": 0.9173306772908366, "f1-score": 0.9124834874504624, "support": 3012}, "True": {"precision": 0.7395397489539749, "recall": 0.7155870445344129, "f1-score": 0.727366255144033, "support": 988}, "accuracy": 0.8675, "macro avg": {"precision": 0.8236135012838206, "recall": 0.8164588609126248, "f1-score": 0.8199248712972477, "support": 4000}, "weighted avg": {"precision": 0.8661548199627224, "recall": 0.8675, "f1-score": 0.8667595310707743, "support": 4000}}, "confusion-matrix": [[2763, 249], [281, 707]]}, "5": {"report": {"False": {"precision": 0.9017359973796266, "recall": 0.9134041141340411, "f1-score": 0.90753255315642, "support": 3014}, "True": {"precision": 0.7243928194297783, "recall": 0.6957403651115619, "f1-score": 0.7097775478530781, "support": 986}, "accuracy": 0.85975, "macro avg": {"precision": 0.8130644084047025, "recall": 0.8045722396228014, "f1-score": 0.8086550505047491, "support": 4000}, "weighted avg": {"precision": 0.858020904014989, "recall": 0.85975, "f1-score": 0.8587859443491462, "support": 4000}}, "confusion-matrix": [[2753, 261], [300, 686]]}, "6": {"report": {"False": {"precision": 0.9074380165289256, "recall": 0.9104477611940298, "f1-score": 0.9089403973509934, "support": 3015}, "True": {"precision": 0.7230769230769231, "recall": 0.7157360406091371, "f1-score": 0.7193877551020407, "support": 985}, "accuracy": 0.8625, "macro avg": {"precision": 0.8152574698029244, "recall": 0.8130919009015835, "f1-score": 0.814164076226517, "support": 4000}, "weighted avg": {"precision": 0.86203909726637, "recall": 0.8625, "f1-score": 0.8622630591971888, "support": 4000}}, "confusion-matrix": [[2745, 270], [280, 705]]}, "7": {"report": {"False": {"precision": 0.9016393442622951, "recall": 0.9061869535978481, "f1-score": 0.9039074291464029, "support": 2974}, "True": {"precision": 0.7240356083086054, "recall": 0.7134502923976608, "f1-score": 0.7187039764359351, "support": 1026}, "accuracy": 0.85675, "macro avg": {"precision": 0.8128374762854502, "recall": 0.8098186229977544, "f1-score": 0.811305702791169, "support": 4000}, "weighted avg": {"precision": 0.8560839859901737, "recall": 0.85675, "f1-score": 0.856402743526168, "support": 4000}}, "confusion-matrix": [[2695, 279], [294, 732]]}, "8": {"report": {"False": {"precision": 0.892526455026455, "recall": 0.9060087277609936, "f1-score": 0.899217058137598, "support": 2979}, "True": {"precision": 0.7131147540983607, "recall": 0.6816846229187071, "f1-score": 0.6970455683525288, "support": 1021}, "accuracy": 0.84875, "macro avg": {"precision": 0.8028206045624078, "recall": 0.7938466753398503, "f1-score": 0.7981313132450634, "support": 4000}, "weighted avg": {"precision": 0.8467316183645589, "recall": 0.84875, "f1-score": 0.8476127853699591, "support": 4000}}, "confusion-matrix": [[2699, 280], [325, 696]]}, "9": {"report": {"False": {"precision": 0.9084273390842734, "recall": 0.9096345514950166, "f1-score": 0.9090305444887118, "support": 3010}, "True": {"precision": 0.7241379310344828, "recall": 0.7212121212121212, "f1-score": 0.722672064777328, "support": 990}, "accuracy": 0.863, "macro avg": {"precision": 0.8162826350593781, "recall": 0.8154233363535689, "f1-score": 0.8158513046330199, "support": 4000}, "weighted avg": {"precision": 0.8628157105919502, "recall": 0.863, "f1-score": 0.8629068207601442, "support": 4000}}, "confusion-matrix": [[2738, 272], [276, 714]]}, "10": {"report": {"False": {"precision": 0.9000332115576221, "recall": 0.9018302828618968, "f1-score": 0.9009308510638298, "support": 3005}, "True": {"precision": 0.7017189079878665, "recall": 0.6974874371859296, "f1-score": 0.6995967741935484, "support": 995}, "accuracy": 0.851, "macro avg": {"precision": 0.8008760597727442, "recall": 0.7996588600239132, "f1-score": 0.8002638126286891, "support": 4000}, "weighted avg": {"precision": 0.8507025285446453, "recall": 0.851, "f1-score": 0.8508489994423473, "support": 4000}}, "confusion-matrix": [[2710, 295], [301, 694]]}}, "overall": {"report": {"False": {"precision": 0.9028413933773912, "recall": 0.9078556740913741, "f1-score": 0.9053327084071296, "support": 30000.0}, "True": {"precision": 0.7190425604136935, "recall": 0.7069473321422612, "f1-score": 0.7128786185872569, "support": 10000.0}, "macro avg": {"precision": 0.8109419768955423, "recall": 0.8074015031168178, "f1-score": 0.8091056634971933, "support": 40000.0}, "weighted avg": {"precision": 0.8568943583756188, "recall": 0.8576249999999999, "f1-score": 0.8572186665398325, "support": 40000.0}, "accuracy": 0.8576249999999999}, "confusion-matrix": [[27236.0, 2764.0], [2931.0, 7069.0]]}}