{"features": "sbert-pp-emot", "classifier": "DecisionTreeClassifier", "folds": {"4": {"report": {"False": {"precision": 0.9074440052700923, "recall": 0.9146746347941567, "f1-score": 0.9110449735449736, "support": 3012}, "True": {"precision": 0.733402489626556, "recall": 0.7155870445344129, "f1-score": 0.7243852459016393, "support": 988}, "accuracy": 0.8655, "macro avg": {"precision": 0.8204232474483242, "recall": 0.8151308396642848, "f1-score": 0.8177151097233064, "support": 4000}, "weighted avg": {"precision": 0.8644557509061389, "recall": 0.8655, "f1-score": 0.86494002081707, "support": 4000}}, "confusion-matrix": [[2755, 257], [281, 707]]}, "2": {"report": {"False": {"precision": 0.9106551952349438, "recall": 0.9145895646394151, "f1-score": 0.9126181396120046, "support": 3009}, "True": {"precision": 0.7372188139059305, "recall": 0.727547931382442, "f1-score": 0.7323514474352463, "support": 991}, "accuracy": 0.86825, "macro avg": {"precision": 0.8239370045704371, "recall": 0.8210687480109286, "f1-score": 0.8224847935236255, "support": 4000}, "weighted avg": {"precision": 0.8676863317606808, "recall": 0.86825, "f1-score": 0.8679570666252127, "support": 4000}}, "confusion-matrix": [[2752, 257], [270, 721]]}, "1": {"report": {"False": {"precision": 0.9139784946236559, "recall": 0.9106126548376298, "f1-score": 0.9122924702331041, "support": 2987}, "True": {"precision": 0.7392578125, "recall": 0.7472852912142152, "f1-score": 0.7432498772704959, "support": 1013}, "accuracy": 0.86925, "macro avg": {"precision": 0.826618153561828, "recall": 0.8289489730259225, "f1-score": 0.8277711737518, "support": 4000}, "weighted avg": {"precision": 0.86973048187584, "recall": 0.86925, "f1-score": 0.8694824335653235, "support": 4000}}, "confusion-matrix": [[2720, 267], [256, 757]]}, "3": {"report": {"False": {"precision": 0.9086682165393557, "recall": 0.9135225375626044, "f1-score": 0.9110889110889112, "support": 2995}, "True": {"precision": 0.7381193124368048, "recall": 0.7263681592039801, "f1-score": 0.732196589769308, "support": 1005}, "accuracy": 0.8665, "macro avg": {"precision": 0.8233937644880802, "recall": 0.8199453483832922, "f1-score": 0.8216427504291096, "support": 4000}, "weighted avg": {"precision": 0.8658178043835898, "recall": 0.8665, "f1-score": 0.8661422153573609, "support": 4000}}, "confusion-matrix": [[2736, 259], [275, 730]]}, "6": {"report": {"False": {"precision": 0.9196098217288934, "recall": 0.9067993366500829, "f1-score": 0.9131596526386105, "support": 3015}, "True": {"precision": 0.7263875365141188, "recall": 0.7573604060913706, "f1-score": 0.7415506958250497, "support": 985}, "accuracy": 0.87, "macro avg": {"precision": 0.822998679121506, "recall": 0.8320798713707267, "f1-score": 0.8273551742318301, "support": 4000}, "weighted avg": {"precision": 0.8720288339947552, "recall": 0.87, "f1-score": 0.8709009470232713, "support": 4000}}, "confusion-matrix": [[2734, 281], [239, 746]]}, "5": {"report": {"False": {"precision": 0.9194630872483222, "recall": 0.9090909090909091, "f1-score": 0.9142475809142475, "support": 3014}, "True": {"precision": 0.7313725490196078, "recall": 0.7565922920892495, "f1-score": 0.7437686939182452, "support": 986}, "accuracy": 0.8715, "macro avg": {"precision": 0.825417818133965, "recall": 0.8328416005900793, "f1-score": 0.8290081374162463, "support": 4000}, "weighted avg": {"precision": 0.873098769574944, "recall": 0.8715, "f1-score": 0.872224535269733, "support": 4000}}, "confusion-matrix": [[2740, 274], [240, 746]]}, "7": {"report": {"False": {"precision": 0.9074875207986689, "recall": 0.9169468728984532, "f1-score": 0.9121926743602609, "support": 2974}, "True": {"precision": 0.7517587939698492, "recall": 0.7290448343079922, "f1-score": 0.7402276100940128, "support": 1026}, "accuracy": 0.86875, "macro avg": {"precision": 0.8296231573842591, "recall": 0.8229958536032227, "f1-score": 0.8262101422271368, "support": 4000}, "weighted avg": {"precision": 0.8675431023670767, "recall": 0.86875, "f1-score": 0.8680836353759682, "support": 4000}}, "confusion-matrix": [[2727, 247], [278, 748]]}, "8": {"report": {"False": {"precision": 0.9126666666666666, "recall": 0.9191003692514267, "f1-score": 0.9158722194346881, "support": 2979}, "True": {"precision": 0.759, "recall": 0.7433888344760039, "f1-score": 0.7511133102424542, "support": 1021}, "accuracy": 0.87425, "macro avg": {"precision": 0.8358333333333333, "recall": 0.8312446018637153, "f1-score": 0.8334927648385712, "support": 4000}, "weighted avg": {"precision": 0.8734432499999999, "recall": 0.87425, "f1-score": 0.8738175078633704, "support": 4000}}, "confusion-matrix": [[2738, 241], [262, 759]]}, "10": {"report": {"False": {"precision": 0.92154210348326, "recall": 0.9068219633943427, "f1-score": 0.9141227775914124, "support": 3005}, "True": {"precision": 0.7315436241610739, "recall": 0.7668341708542713, "f1-score": 0.7487733071638862, "support": 995}, "accuracy": 0.872, "macro avg": {"precision": 0.826542863822167, "recall": 0.836828067124307, "f1-score": 0.8314480423776494, "support": 4000}, "weighted avg": {"precision": 0.8742799817518662, "recall": 0.872, "f1-score": 0.8729920968225653, "support": 4000}}, "confusion-matrix": [[2725, 280], [232, 763]]}, "9": {"report": {"False": {"precision": 0.9195364238410596, "recall": 0.9225913621262458, "f1-score": 0.92106135986733, "support": 3010}, "True": {"precision": 0.7622448979591837, "recall": 0.7545454545454545, "f1-score": 0.7583756345177666, "support": 990}, "accuracy": 0.881, "macro avg": {"precision": 0.8408906609001217, "recall": 0.8385684083358502, "f1-score": 0.8397184971925482, "support": 4000}, "weighted avg": {"precision": 0.8806067711852953, "recall": 0.881, "f1-score": 0.880796642843313, "support": 4000}}, "confusion-matrix": [[2777, 233], [243, 747]]}}, "overall": {"report": {"False": {"precision": 0.9141051535434919, "recall": 0.9134750205245267, "f1-score": 0.9137700759285543, "support": 30000.0}, "True": {"precision": 0.7410305830093125, "recall": 0.7424554418699393, "f1-score": 0.7415992412138104, "support": 10000.0}, "macro avg": {"precision": 0.8275678682764023, "recall": 0.827965231197233, "f1-score": 0.8276846585711823, "support": 40000.0}, "weighted avg": {"precision": 0.8708691077800186, "recall": 0.8706999999999999, "f1-score": 0.8707337101563188, "support": 40000.0}, "accuracy": 0.8706999999999999}, "confusion-matrix": [[27404.0, 2596.0], [2576.0, 7424.0]]}}