{"features": "sbert-emot", "classifier": "SVC", "folds": {"1": {"report": {"False": {"precision": 0.9406864378540486, "recall": 0.9450954134583194, "f1-score": 0.9428857715430862, "support": 2987}, "True": {"precision": 0.8358358358358359, "recall": 0.824284304047384, "f1-score": 0.8300198807157058, "support": 1013}, "accuracy": 0.9145, "macro avg": {"precision": 0.8882611368449422, "recall": 0.8846898587528517, "f1-score": 0.886452826129396, "support": 4000}, "weighted avg": {"precision": 0.9141330228929362, "recall": 0.9145, "f1-score": 0.9143024846910521, "support": 4000}}, "confusion-matrix": [[2823, 164], [178, 835]]}, "6": {"report": {"False": {"precision": 0.938421225024566, "recall": 0.9502487562189055, "f1-score": 0.9442979564930785, "support": 3015}, "True": {"precision": 0.8416050686378036, "recall": 0.8091370558375635, "f1-score": 0.8250517598343685, "support": 985}, "accuracy": 0.9155, "macro avg": {"precision": 0.8900131468311848, "recall": 0.8796929060282345, "f1-score": 0.8846748581637235, "support": 4000}, "weighted avg": {"precision": 0.9145802465143258, "recall": 0.9155, "f1-score": 0.9149335805658712, "support": 4000}}, "confusion-matrix": [[2865, 150], [188, 797]]}, "3": {"report": {"False": {"precision": 0.9335071707953064, "recall": 0.9562604340567613, "f1-score": 0.9447468250041234, "support": 2995}, "True": {"precision": 0.8594420600858369, "recall": 0.7970149253731343, "f1-score": 0.8270521424883841, "support": 1005}, "accuracy": 0.91625, "macro avg": {"precision": 0.8964746154405716, "recall": 0.8766376797149478, "f1-score": 0.8858994837462537, "support": 4000}, "weighted avg": {"precision": 0.9148983117295523, "recall": 0.91625, "f1-score": 0.9151760360220439, "support": 4000}}, "confusion-matrix": [[2864, 131], [204, 801]]}, "4": {"report": {"False": {"precision": 0.9389288047028086, "recall": 0.954515272244356, "f1-score": 0.9466578860717814, "support": 3012}, "True": {"precision": 0.8539445628997868, "recall": 0.8107287449392713, "f1-score": 0.8317757009345794, "support": 988}, "accuracy": 0.919, "macro avg": {"precision": 0.8964366838012977, "recall": 0.8826220085918136, "f1-score": 0.8892167935031804, "support": 4000}, "weighted avg": {"precision": 0.9179376969774622, "recall": 0.919, "f1-score": 0.9182819863428924, "support": 4000}}, "confusion-matrix": [[2875, 137], [187, 801]]}, "9": {"report": {"False": {"precision": 0.9287564766839378, "recall": 0.9528239202657808, "f1-score": 0.9406362741882585, "support": 3010}, "True": {"precision": 0.8442982456140351, "recall": 0.7777777777777778, "f1-score": 0.8096740273396426, "support": 990}, "accuracy": 0.9095, "macro avg": {"precision": 0.8865273611489864, "recall": 0.8653008490217793, "f1-score": 0.8751551507639506, "support": 4000}, "weighted avg": {"precision": 0.9078530644941368, "recall": 0.9095, "f1-score": 0.9082231180932261, "support": 4000}}, "confusion-matrix": [[2868, 142], [220, 770]]}, "2": {"report": {"False": {"precision": 0.93354943273906, "recall": 0.9571286141575274, "f1-score": 0.9451919921234001, "support": 3009}, "True": {"precision": 0.8590163934426229, "recall": 0.79313824419778, "f1-score": 0.8247639034627492, "support": 991}, "accuracy": 0.9165, "macro avg": {"precision": 0.8962829130908414, "recall": 0.8751334291776537, "f1-score": 0.8849779477930746, "support": 4000}, "weighted avg": {"precision": 0.9150838722533677, "recall": 0.9165, "f1-score": 0.9153559331577238, "support": 4000}}, "confusion-matrix": [[2880, 129], [205, 786]]}, "7": {"report": {"False": {"precision": 0.9315113598946329, "recall": 0.9512441156691325, "f1-score": 0.9412743303942772, "support": 2974}, "True": {"precision": 0.8494288681204569, "recall": 0.797270955165692, "f1-score": 0.8225238813474108, "support": 1026}, "accuracy": 0.91175, "macro avg": {"precision": 0.8904701140075448, "recall": 0.8742575354174122, "f1-score": 0.8818991058708441, "support": 4000}, "weighted avg": {"precision": 0.9104572007545566, "recall": 0.91175, "f1-score": 0.910814840213756, "support": 4000}}, "confusion-matrix": [[2829, 145], [208, 818]]}, "5": {"report": {"False": {"precision": 0.9340266493337667, "recall": 0.953550099535501, "f1-score": 0.9436874076506321, "support": 3014}, "True": {"precision": 0.8483206933911159, "recall": 0.7941176470588235, "f1-score": 0.8203247773703509, "support": 986}, "accuracy": 0.91425, "macro avg": {"precision": 0.8911736713624413, "recall": 0.8738338732971622, "f1-score": 0.8820060925104916, "support": 4000}, "weighted avg": {"precision": 0.9129001311939032, "recall": 0.91425, "f1-score": 0.9132785192865428, "support": 4000}}, "confusion-matrix": [[2874, 140], [203, 783]]}, "8": {"report": {"False": {"precision": 0.9357377049180328, "recall": 0.9580396106075865, "f1-score": 0.9467573395256261, "support": 2979}, "True": {"precision": 0.868421052631579, "recall": 0.8080313418217434, "f1-score": 0.8371385083713851, "support": 1021}, "accuracy": 0.91975, "macro avg": {"precision": 0.9020793787748058, "recall": 0.8830354762146649, "f1-score": 0.8919479239485056, "support": 4000}, "weighted avg": {"precision": 0.9185551294219154, "recall": 0.91975, "f1-score": 0.918777132873506, "support": 4000}}, "confusion-matrix": [[2854, 125], [196, 825]]}, "10": {"report": {"False": {"precision": 0.9391046741277156, "recall": 0.9494176372712146, "f1-score": 0.9442329968558663, "support": 3005}, "True": {"precision": 0.841995841995842, "recall": 0.8140703517587939, "f1-score": 0.8277976494634645, "support": 995}, "accuracy": 0.91575, "macro avg": {"precision": 0.8905502580617788, "recall": 0.8817439945150043, "f1-score": 0.8860153231596654, "support": 4000}, "weighted avg": {"precision": 0.9149488521349121, "recall": 0.91575, "f1-score": 0.9152697041920063, "support": 4000}}, "confusion-matrix": [[2853, 152], [185, 810]]}}, "overall": {"report": {"False": {"precision": 0.9354229936073877, "recall": 0.9528323873485084, "f1-score": 0.9440368779850129, "support": 30000.0}, "True": {"precision": 0.8502308622654915, "recall": 0.8025571347977964, "f1-score": 0.825612223132804, "support": 10000.0}, "macro avg": {"precision": 0.8928269279364395, "recall": 0.8776947610731524, "f1-score": 0.8848245505589085, "support": 40000.0}, "weighted avg": {"precision": 0.9141347528367069, "recall": 0.915275, "f1-score": 0.9144413335438621, "support": 40000.0}, "accuracy": 0.915275}, "confusion-matrix": [[28585.0, 1415.0], [1974.0, 8026.0]]}}