{"features": "sbert-pos-emot", "classifier": "DecisionTreeClassifier", "folds": {"1": {"report": {"False": {"precision": 0.8531653960888299, "recall": 0.8617341814529629, "f1-score": 0.8574283810792805, "support": 2987}, "True": {"precision": 0.5798575788402849, "recall": 0.562685093780849, "f1-score": 0.5711422845691383, "support": 1013}, "accuracy": 0.786, "macro avg": {"precision": 0.7165114874645574, "recall": 0.7122096376169059, "f1-score": 0.7142853328242094, "support": 4000}, "weighted avg": {"precision": 0.7839501913706359, "recall": 0.786, "f1-score": 0.7849264271380871, "support": 4000}}, "confusion-matrix": [[2574, 413], [443, 570]]}, "3": {"report": {"False": {"precision": 0.8651085141903172, "recall": 0.8651085141903172, "f1-score": 0.8651085141903172, "support": 2995}, "True": {"precision": 0.5980099502487563, "recall": 0.5980099502487563, "f1-score": 0.5980099502487563, "support": 1005}, "accuracy": 0.798, "macro avg": {"precision": 0.7315592322195368, "recall": 0.7315592322195368, "f1-score": 0.7315592322195368, "support": 4000}, "weighted avg": {"precision": 0.798, "recall": 0.798, "f1-score": 0.798, "support": 4000}}, "confusion-matrix": [[2591, 404], [404, 601]]}, "9": {"report": {"False": {"precision": 0.8589018302828619, "recall": 0.8574750830564785, "f1-score": 0.8581878636741479, "support": 3010}, "True": {"precision": 0.5688442211055277, "recall": 0.5717171717171717, "f1-score": 0.5702770780856423, "support": 990}, "accuracy": 0.78675, "macro avg": {"precision": 0.7138730256941948, "recall": 0.7145961273868251, "f1-score": 0.714232470879895, "support": 4000}, "weighted avg": {"precision": 0.7871125720114717, "recall": 0.78675, "f1-score": 0.7869299442409926, "support": 4000}}, "confusion-matrix": [[2581, 429], [424, 566]]}, "5": {"report": {"False": {"precision": 0.863059452237809, "recall": 0.8573324485733245, "f1-score": 0.8601864181091878, "support": 3014}, "True": {"precision": 0.5725646123260437, "recall": 0.5841784989858012, "f1-score": 0.5783132530120482, "support": 986}, "accuracy": 0.79, "macro avg": {"precision": 0.7178120322819264, "recall": 0.7207554737795628, "f1-score": 0.7192498355606181, "support": 4000}, "weighted avg": {"precision": 0.7914524741995589, "recall": 0.79, "f1-score": 0.7907046829127429, "support": 4000}}, "confusion-matrix": [[2584, 430], [410, 576]]}, "2": {"report": {"False": {"precision": 0.8585092348284961, "recall": 0.8650714523097375, "f1-score": 0.8617778513491144, "support": 3009}, "True": {"precision": 0.5805785123966942, "recall": 0.5671039354187689, "f1-score": 0.5737621235324146, "support": 991}, "accuracy": 0.79125, "macro avg": {"precision": 0.7195438736125952, "recall": 0.7160876938642532, "f1-score": 0.7177699874407646, "support": 4000}, "weighted avg": {"precision": 0.7896518983460172, "recall": 0.79125, "f1-score": 0.7904219547825271, "support": 4000}}, "confusion-matrix": [[2603, 406], [429, 562]]}, "4": {"report": {"False": {"precision": 0.8642384105960265, "recall": 0.8665338645418327, "f1-score": 0.8653846153846153, "support": 3012}, "True": {"precision": 0.5897959183673469, "recall": 0.5850202429149798, "f1-score": 0.5873983739837398, "support": 988}, "accuracy": 0.797, "macro avg": {"precision": 0.7270171644816867, "recall": 0.7257770537284063, "f1-score": 0.7263914946841776, "support": 4000}, "weighted avg": {"precision": 0.7964511150155427, "recall": 0.797, "f1-score": 0.7967220137585991, "support": 4000}}, "confusion-matrix": [[2610, 402], [410, 578]]}, "8": {"report": {"False": {"precision": 0.8553162853297442, "recall": 0.8533064786841222, "f1-score": 0.8543101999663921, "support": 2979}, "True": {"precision": 0.5749027237354085, "recall": 0.5788442703232125, "f1-score": 0.5768667642752562, "support": 1021}, "accuracy": 0.78325, "macro avg": {"precision": 0.7151095045325764, "recall": 0.7160753745036674, "f1-score": 0.7155884821208242, "support": 4000}, "weighted avg": {"precision": 0.78374072373279, "recall": 0.78325, "f1-score": 0.7834927630062297, "support": 4000}}, "confusion-matrix": [[2542, 437], [430, 591]]}, "7": {"report": {"False": {"precision": 0.8587684069611781, "recall": 0.8628110289172831, "f1-score": 0.8607849714860786, "support": 2974}, "True": {"precision": 0.5968379446640316, "recall": 0.5886939571150097, "f1-score": 0.592737978410206, "support": 1026}, "accuracy": 0.7925, "macro avg": {"precision": 0.7278031758126049, "recall": 0.7257524930161464, "f1-score": 0.7267614749481424, "support": 4000}, "weighted avg": {"precision": 0.79158324338196, "recall": 0.7925, "f1-score": 0.7920309177621173, "support": 4000}}, "confusion-matrix": [[2566, 408], [422, 604]]}, "6": {"report": {"False": {"precision": 0.8647117627457515, "recall": 0.8606965174129353, "f1-score": 0.8626994680851063, "support": 3015}, "True": {"precision": 0.5795795795795796, "recall": 0.5878172588832488, "f1-score": 0.5836693548387097, "support": 985}, "accuracy": 0.7935, "macro avg": {"precision": 0.7221456711626655, "recall": 0.724256888148092, "f1-score": 0.723184411461908, "support": 4000}, "weighted avg": {"precision": 0.7944979626410816, "recall": 0.7935, "f1-score": 0.7939883026981812, "support": 4000}}, "confusion-matrix": [[2595, 420], [406, 579]]}, "10": {"report": {"False": {"precision": 0.8604806408544726, "recall": 0.8579034941763727, "f1-score": 0.8591901349775037, "support": 3005}, "True": {"precision": 0.5747011952191236, "recall": 0.5798994974874372, "f1-score": 0.5772886443221611, "support": 995}, "accuracy": 0.78875, "macro avg": {"precision": 0.7175909180367981, "recall": 0.7189014958319049, "f1-score": 0.7182393896498325, "support": 4000}, "weighted avg": {"precision": 0.7893930037526795, "recall": 0.78875, "f1-score": 0.7890671391769873, "support": 4000}}, "confusion-matrix": [[2578, 427], [418, 577]]}}, "overall": {"report": {"False": {"precision": 0.8602259934115487, "recall": 0.8607973063315366, "f1-score": 0.8605058418301745, "support": 30000.0}, "True": {"precision": 0.5815672236482797, "recall": 0.5803969876875235, "f1-score": 0.5809465805278073, "support": 10000.0}, "macro avg": {"precision": 0.7208966085299141, "recall": 0.7205971470095303, "f1-score": 0.7207262111789909, "support": 40000.0}, "weighted avg": {"precision": 0.7905833184451738, "recall": 0.7907, "f1-score": 0.7906284145476464, "support": 40000.0}, "accuracy": 0.7907}, "confusion-matrix": [[25824.0, 4176.0], [4196.0, 5804.0]]}}