{"features": "sbert-pp-pos-emot", "classifier": "SVC", "folds": {"2": {"report": {"False": {"precision": 0.9482645710543549, "recall": 0.9624459953472915, "f1-score": 0.9553026554510968, "support": 3009}, "True": {"precision": 0.8805496828752643, "recall": 0.8405650857719476, "f1-score": 0.8600929272070212, "support": 991}, "accuracy": 0.93225, "macro avg": {"precision": 0.9144071269648095, "recall": 0.9015055405596195, "f1-score": 0.907697791329059, "support": 4000}, "weighted avg": {"precision": 0.9314882075079852, "recall": 0.93225, "f1-score": 0.931714445278627, "support": 4000}}, "confusion-matrix": [[2896, 113], [158, 833]]}, "3": {"report": {"False": {"precision": 0.9438608010505581, "recall": 0.9599332220367279, "f1-score": 0.951829167356398, "support": 2995}, "True": {"precision": 0.8742138364779874, "recall": 0.8298507462686567, "f1-score": 0.8514548238897397, "support": 1005}, "accuracy": 0.92725, "macro avg": {"precision": 0.9090373187642729, "recall": 0.8948919841526923, "f1-score": 0.9016419956230688, "support": 4000}, "weighted avg": {"precision": 0.9263620012016998, "recall": 0.92725, "f1-score": 0.9266101135604001, "support": 4000}}, "confusion-matrix": [[2875, 120], [171, 834]]}, "1": {"report": {"False": {"precision": 0.9517470881863561, "recall": 0.9574824238366254, "f1-score": 0.9546061415220293, "support": 2987}, "True": {"precision": 0.8723618090452261, "recall": 0.8568608094768015, "f1-score": 0.8645418326693227, "support": 1013}, "accuracy": 0.932, "macro avg": {"precision": 0.9120544486157911, "recall": 0.9071716166567134, "f1-score": 0.909573987095676, "support": 4000}, "weighted avg": {"precision": 0.931642766243865, "recall": 0.932, "f1-score": 0.9317973553050812, "support": 4000}}, "confusion-matrix": [[2860, 127], [145, 868]]}, "9": {"report": {"False": {"precision": 0.9458754483208347, "recall": 0.9637873754152824, "f1-score": 0.954747408260655, "support": 3010}, "True": {"precision": 0.8831725616291533, "recall": 0.8323232323232324, "f1-score": 0.8569942797711909, "support": 990}, "accuracy": 0.93125, "macro avg": {"precision": 0.914524004974994, "recall": 0.8980553038692574, "f1-score": 0.9058708440159229, "support": 4000}, "weighted avg": {"precision": 0.9303564838646434, "recall": 0.93125, "f1-score": 0.9305535089595127, "support": 4000}}, "confusion-matrix": [[2901, 109], [166, 824]]}, "5": {"report": {"False": {"precision": 0.9463589076723017, "recall": 0.9658261446582614, "f1-score": 0.9559934318555009, "support": 3014}, "True": {"precision": 0.8885281385281385, "recall": 0.8326572008113591, "f1-score": 0.8596858638743455, "support": 986}, "accuracy": 0.933, "macro avg": {"precision": 0.91744352310022, "recall": 0.8992416727348103, "f1-score": 0.9078396478649232, "support": 4000}, "weighted avg": {"precision": 0.9321036230782656, "recall": 0.933, "f1-score": 0.9322536163481461, "support": 4000}}, "confusion-matrix": [[2911, 103], [165, 821]]}, "4": {"report": {"False": {"precision": 0.9494916366021646, "recall": 0.9611553784860558, "f1-score": 0.9552879062860914, "support": 3012}, "True": {"precision": 0.8769716088328076, "recall": 0.8441295546558705, "f1-score": 0.8602372356884992, "support": 988}, "accuracy": 0.93225, "macro avg": {"precision": 0.9132316227174861, "recall": 0.9026424665709631, "f1-score": 0.9077625709872953, "support": 4000}, "weighted avg": {"precision": 0.9315791897431334, "recall": 0.93225, "f1-score": 0.931810390648486, "support": 4000}}, "confusion-matrix": [[2895, 117], [154, 834]]}, "10": {"report": {"False": {"precision": 0.950808847804556, "recall": 0.9584026622296173, "f1-score": 0.9545906529665231, "support": 3005}, "True": {"precision": 0.8712667353244078, "recall": 0.8502512562814071, "f1-score": 0.8606307222787386, "support": 995}, "accuracy": 0.9315, "macro avg": {"precision": 0.9110377915644818, "recall": 0.9043269592555122, "f1-score": 0.9076106876226309, "support": 4000}, "weighted avg": {"precision": 0.9310227473251192, "recall": 0.9315, "f1-score": 0.9312181202079367, "support": 4000}}, "confusion-matrix": [[2880, 125], [149, 846]]}, "7": {"report": {"False": {"precision": 0.9503498833722093, "recall": 0.9589778076664425, "f1-score": 0.954644351464435, "support": 2974}, "True": {"precision": 0.8778778778778779, "recall": 0.854775828460039, "f1-score": 0.8661728395061729, "support": 1026}, "accuracy": 0.93225, "macro avg": {"precision": 0.9141138806250435, "recall": 0.9068768180632407, "f1-score": 0.910408595485304, "support": 4000}, "weighted avg": {"precision": 0.9317608139629133, "recall": 0.93225, "f1-score": 0.9319514086471409, "support": 4000}}, "confusion-matrix": [[2852, 122], [149, 877]]}, "6": {"report": {"False": {"precision": 0.9529605263157894, "recall": 0.9608623548922056, "f1-score": 0.9568951279933937, "support": 3015}, "True": {"precision": 0.8770833333333333, "recall": 0.8548223350253807, "f1-score": 0.8658097686375322, "support": 985}, "accuracy": 0.93475, "macro avg": {"precision": 0.9150219298245614, "recall": 0.9078423449587931, "f1-score": 0.9113524483154629, "support": 4000}, "weighted avg": {"precision": 0.9342757675438597, "recall": 0.93475, "f1-score": 0.9344653582520127, "support": 4000}}, "confusion-matrix": [[2897, 118], [143, 842]]}, "8": {"report": {"False": {"precision": 0.9475074281941235, "recall": 0.9634105404498153, "f1-score": 0.955392809587217, "support": 2979}, "True": {"precision": 0.8877445932028837, "recall": 0.8442703232125367, "f1-score": 0.8654618473895582, "support": 1021}, "accuracy": 0.933, "macro avg": {"precision": 0.9176260106985036, "recall": 0.903840431831176, "f1-score": 0.9104273284883876, "support": 4000}, "weighted avg": {"precision": 0.9322529645626095, "recall": 0.933, "f1-score": 0.9324379314862645, "support": 4000}}, "confusion-matrix": [[2870, 109], [159, 862]]}}, "overall": {"report": {"False": {"precision": 0.948722513857325, "recall": 0.9612283905018326, "f1-score": 0.9549289652743338, "support": 30000.0}, "True": {"precision": 0.878977017712708, "recall": 0.8440506372287231, "f1-score": 0.8611082140912121, "support": 10000.0}, "macro avg": {"precision": 0.9138497657850164, "recall": 0.9026395138652777, "f1-score": 0.908018589682773, "support": 40000.0}, "weighted avg": {"precision": 0.9312844565034094, "recall": 0.93195, "f1-score": 0.9314812248693608, "support": 40000.0}, "accuracy": 0.93195}, "confusion-matrix": [[28837.0, 1163.0], [1559.0, 8441.0]]}}