{"features": "sbert-pp-emot", "classifier": "SVC", "folds": {"3": {"report": {"False": {"precision": 0.9435139573070608, "recall": 0.9592654424040067, "f1-score": 0.9513245033112583, "support": 2995}, "True": {"precision": 0.8722513089005236, "recall": 0.8288557213930349, "f1-score": 0.85, "support": 1005}, "accuracy": 0.9265, "macro avg": {"precision": 0.9078826331037921, "recall": 0.8940605818985208, "f1-score": 0.9006622516556291, "support": 4000}, "weighted avg": {"precision": 0.9256092168949183, "recall": 0.9265, "f1-score": 0.9258667218543046, "support": 4000}}, "confusion-matrix": [[2873, 122], [172, 833]]}, "1": {"report": {"False": {"precision": 0.9511465603190429, "recall": 0.9581519919651824, "f1-score": 0.9546364242828552, "support": 2987}, "True": {"precision": 0.8738647830474269, "recall": 0.8548864758144127, "f1-score": 0.8642714570858285, "support": 1013}, "accuracy": 0.932, "macro avg": {"precision": 0.9125056716832349, "recall": 0.9065192338897976, "f1-score": 0.9094539406843418, "support": 4000}, "weighted avg": {"precision": 0.9315749502250061, "recall": 0.932, "f1-score": 0.9317514963402082, "support": 4000}}, "confusion-matrix": [[2862, 125], [147, 866]]}, "2": {"report": {"False": {"precision": 0.945822454308094, "recall": 0.963110667996012, "f1-score": 0.9543882759756298, "support": 3009}, "True": {"precision": 0.8814102564102564, "recall": 0.8324924318869829, "f1-score": 0.8562532433834976, "support": 991}, "accuracy": 0.93075, "macro avg": {"precision": 0.9136163553591752, "recall": 0.8978015499414974, "f1-score": 0.9053207596795637, "support": 4000}, "weighted avg": {"precision": 0.9298643322789047, "recall": 0.93075, "f1-score": 0.9300753216509291, "support": 4000}}, "confusion-matrix": [[2898, 111], [166, 825]]}, "6": {"report": {"False": {"precision": 0.9529140599275601, "recall": 0.9598673300165838, "f1-score": 0.9563780568407138, "support": 3015}, "True": {"precision": 0.8743509865005192, "recall": 0.8548223350253807, "f1-score": 0.8644763860369611, "support": 985}, "accuracy": 0.934, "macro avg": {"precision": 0.9136325232140396, "recall": 0.9073448325209823, "f1-score": 0.9104272214388374, "support": 4000}, "weighted avg": {"precision": 0.9335679030961512, "recall": 0.934, "f1-score": 0.9337472704052897, "support": 4000}}, "confusion-matrix": [[2894, 121], [143, 842]]}, "5": {"report": {"False": {"precision": 0.9475911458333334, "recall": 0.9658261446582614, "f1-score": 0.9566217548471904, "support": 3014}, "True": {"precision": 0.8890086206896551, "recall": 0.8367139959432048, "f1-score": 0.8620689655172413, "support": 986}, "accuracy": 0.934, "macro avg": {"precision": 0.9182998832614943, "recall": 0.9012700703007331, "f1-score": 0.9093453601822159, "support": 4000}, "weighted avg": {"precision": 0.9331505533854167, "recall": 0.934, "f1-score": 0.9333144922773579, "support": 4000}}, "confusion-matrix": [[2911, 103], [161, 825]]}, "4": {"report": {"False": {"precision": 0.9482306684141546, "recall": 0.9608233731739708, "f1-score": 0.954485488126649, "support": 3012}, "True": {"precision": 0.8755274261603375, "recall": 0.840080971659919, "f1-score": 0.8574380165289256, "support": 988}, "accuracy": 0.931, "macro avg": {"precision": 0.911879047287246, "recall": 0.900452172416945, "f1-score": 0.9059617523277873, "support": 4000}, "weighted avg": {"precision": 0.9302729675774618, "recall": 0.931, "f1-score": 0.9305147626420114, "support": 4000}}, "confusion-matrix": [[2894, 118], [158, 830]]}, "9": {"report": {"False": {"precision": 0.9465449804432855, "recall": 0.9647840531561461, "f1-score": 0.9555774925962488, "support": 3010}, "True": {"precision": 0.8862660944206009, "recall": 0.8343434343434344, "f1-score": 0.8595213319458896, "support": 990}, "accuracy": 0.9325, "macro avg": {"precision": 0.9164055374319432, "recall": 0.8995637437497903, "f1-score": 0.9075494122710692, "support": 4000}, "weighted avg": {"precision": 0.9316259561526711, "recall": 0.9325, "f1-score": 0.9318035928352849, "support": 4000}}, "confusion-matrix": [[2904, 106], [164, 826]]}, "10": {"report": {"False": {"precision": 0.9498018494055482, "recall": 0.957071547420965, "f1-score": 0.9534228410409414, "support": 3005}, "True": {"precision": 0.8672839506172839, "recall": 0.8472361809045226, "f1-score": 0.8571428571428571, "support": 995}, "accuracy": 0.92975, "macro avg": {"precision": 0.908542900011416, "recall": 0.9021538641627438, "f1-score": 0.9052828490918993, "support": 4000}, "weighted avg": {"precision": 0.9292755220819674, "recall": 0.92975, "f1-score": 0.929473195046293, "support": 4000}}, "confusion-matrix": [[2876, 129], [152, 843]]}, "8": {"report": {"False": {"precision": 0.9467944481163252, "recall": 0.9617321248741189, "f1-score": 0.9542048293089092, "support": 2979}, "True": {"precision": 0.8829568788501027, "recall": 0.8423114593535749, "f1-score": 0.8621553884711779, "support": 1021}, "accuracy": 0.93125, "macro avg": {"precision": 0.9148756634832139, "recall": 0.9020217921138469, "f1-score": 0.9081801088900435, "support": 4000}, "weighted avg": {"precision": 0.9304999085611219, "recall": 0.93125, "f1-score": 0.9307092095350782, "support": 4000}}, "confusion-matrix": [[2865, 114], [161, 860]]}, "7": {"report": {"False": {"precision": 0.94994994994995, "recall": 0.9572965702757229, "f1-score": 0.9536091107017249, "support": 2974}, "True": {"precision": 0.8733798604187437, "recall": 0.8538011695906432, "f1-score": 0.8634795465746673, "support": 1026}, "accuracy": 0.93075, "macro avg": {"precision": 0.9116649051843468, "recall": 0.9055488699331831, "f1-score": 0.9085443286381961, "support": 4000}, "weighted avg": {"precision": 0.9303097219851956, "recall": 0.93075, "f1-score": 0.9304908775031348, "support": 4000}}, "confusion-matrix": [[2847, 127], [150, 876]]}}, "overall": {"report": {"False": {"precision": 0.9482310074024355, "recall": 0.9607929245940969, "f1-score": 0.9544648777032121, "support": 30000.0}, "True": {"precision": 0.8776300166015449, "recall": 0.8425544175915111, "f1-score": 0.8596807192687047, "support": 10000.0}, "macro avg": {"precision": 0.9129305120019902, "recall": 0.9016736710928039, "f1-score": 0.9070727984859583, "support": 40000.0}, "weighted avg": {"precision": 0.9305751032238815, "recall": 0.93125, "f1-score": 0.930774694008989, "support": 40000.0}, "accuracy": 0.93125}, "confusion-matrix": [[28824.0, 1176.0], [1574.0, 8426.0]]}}