{"features": "sbert-pos-emot", "classifier": "SVC", "folds": {"3": {"report": {"False": {"precision": 0.9349673202614379, "recall": 0.9552587646076794, "f1-score": 0.9450041288191577, "support": 2995}, "True": {"precision": 0.8574468085106383, "recall": 0.8019900497512438, "f1-score": 0.8287917737789204, "support": 1005}, "accuracy": 0.91675, "macro avg": {"precision": 0.896207064386038, "recall": 0.8786244071794616, "f1-score": 0.8868979512990391, "support": 4000}, "weighted avg": {"precision": 0.9154902916840496, "recall": 0.91675, "f1-score": 0.9158057746152981, "support": 4000}}, "confusion-matrix": [[2861, 134], [199, 806]]}, "6": {"report": {"False": {"precision": 0.9401709401709402, "recall": 0.9485903814262023, "f1-score": 0.9443618953277201, "support": 3015}, "True": {"precision": 0.8382045929018789, "recall": 0.8152284263959391, "f1-score": 0.8265568708183222, "support": 985}, "accuracy": 0.91575, "macro avg": {"precision": 0.8891877665364095, "recall": 0.8819094039110706, "f1-score": 0.8854593830730211, "support": 4000}, "weighted avg": {"precision": 0.9150617271559338, "recall": 0.91575, "f1-score": 0.9153524080422809, "support": 4000}}, "confusion-matrix": [[2860, 155], [182, 803]]}, "9": {"report": {"False": {"precision": 0.9299383717158611, "recall": 0.9524916943521595, "f1-score": 0.9410799277859839, "support": 3010}, "True": {"precision": 0.8440567066521265, "recall": 0.7818181818181819, "f1-score": 0.8117461982170948, "support": 990}, "accuracy": 0.91025, "macro avg": {"precision": 0.8869975391839938, "recall": 0.8671549380851706, "f1-score": 0.8764130630015394, "support": 4000}, "weighted avg": {"precision": 0.9086826596125868, "recall": 0.91025, "f1-score": 0.9090698297176839, "support": 4000}}, "confusion-matrix": [[2867, 143], [216, 774]]}, "7": {"report": {"False": {"precision": 0.9338186631369954, "recall": 0.948890383322125, "f1-score": 0.9412941961307538, "support": 2974}, "True": {"precision": 0.8445807770961146, "recall": 0.8050682261208577, "f1-score": 0.8243512974051896, "support": 1026}, "accuracy": 0.912, "macro avg": {"precision": 0.8891997201165549, "recall": 0.8769793047214913, "f1-score": 0.8828227467679717, "support": 4000}, "weighted avg": {"precision": 0.9109291453675095, "recall": 0.912, "f1-score": 0.9112983426076466, "support": 4000}}, "confusion-matrix": [[2822, 152], [200, 826]]}, "10": {"report": {"False": {"precision": 0.9397233201581028, "recall": 0.9494176372712146, "f1-score": 0.9445456050322794, "support": 3005}, "True": {"precision": 0.8423236514522822, "recall": 0.8160804020100503, "f1-score": 0.8289943848902501, "support": 995}, "accuracy": 0.91625, "macro avg": {"precision": 0.8910234858051924, "recall": 0.8827490196406325, "f1-score": 0.8867699949612647, "support": 4000}, "weighted avg": {"precision": 0.9154951525675299, "recall": 0.91625, "f1-score": 0.9158022390219496, "support": 4000}}, "confusion-matrix": [[2853, 152], [183, 812]]}, "2": {"report": {"False": {"precision": 0.9313249109167476, "recall": 0.9554669325357261, "f1-score": 0.9432414698162729, "support": 3009}, "True": {"precision": 0.8532311062431545, "recall": 0.786074672048436, "f1-score": 0.8182773109243697, "support": 991}, "accuracy": 0.9135, "macro avg": {"precision": 0.8922780085799511, "recall": 0.870770802292081, "f1-score": 0.8807593903703212, "support": 4000}, "weighted avg": {"precision": 0.9119771708088649, "recall": 0.9135, "f1-score": 0.9122815994508039, "support": 4000}}, "confusion-matrix": [[2875, 134], [212, 779]]}, "5": {"report": {"False": {"precision": 0.9356306892067621, "recall": 0.9548772395487723, "f1-score": 0.9451559934318555, "support": 3014}, "True": {"precision": 0.8528138528138528, "recall": 0.7991886409736308, "f1-score": 0.825130890052356, "support": 986}, "accuracy": 0.9165, "macro avg": {"precision": 0.8942222710103074, "recall": 0.8770329402612016, "f1-score": 0.8851434417421058, "support": 4000}, "weighted avg": {"precision": 0.9152163390359099, "recall": 0.9165, "f1-score": 0.9155698054488088, "support": 4000}}, "confusion-matrix": [[2878, 136], [198, 788]]}, "1": {"report": {"False": {"precision": 0.9391217564870259, "recall": 0.9450954134583194, "f1-score": 0.9420991156349073, "support": 2987}, "True": {"precision": 0.8350100603621731, "recall": 0.8193484698914116, "f1-score": 0.8271051320378675, "support": 1013}, "accuracy": 0.91325, "macro avg": {"precision": 0.8870659084245995, "recall": 0.8822219416748656, "f1-score": 0.8846021238363875, "support": 4000}, "weighted avg": {"precision": 0.9127554694434069, "recall": 0.91325, "f1-score": 0.9129768892889569, "support": 4000}}, "confusion-matrix": [[2823, 164], [183, 830]]}, "4": {"report": {"False": {"precision": 0.9383963494132985, "recall": 0.9558432934926959, "f1-score": 0.9470394736842105, "support": 3012}, "True": {"precision": 0.8572961373390557, "recall": 0.8087044534412956, "f1-score": 0.8322916666666668, "support": 988}, "accuracy": 0.9195, "macro avg": {"precision": 0.8978462433761771, "recall": 0.8822738734669957, "f1-score": 0.8896655701754386, "support": 4000}, "weighted avg": {"precision": 0.9183645970309605, "recall": 0.9195, "f1-score": 0.9186967653508772, "support": 4000}}, "confusion-matrix": [[2879, 133], [189, 799]]}, "8": {"report": {"False": {"precision": 0.935176044751563, "recall": 0.9540114132259148, "f1-score": 0.9444998338318378, "support": 2979}, "True": {"precision": 0.8574401664932362, "recall": 0.8070519098922625, "f1-score": 0.8314833501513622, "support": 1021}, "accuracy": 0.9165, "macro avg": {"precision": 0.8963081056223996, "recall": 0.8805316615590886, "f1-score": 0.8879915919915999, "support": 4000}, "weighted avg": {"precision": 0.9153339618261251, "recall": 0.9165, "f1-score": 0.9156523763723964, "support": 4000}}, "confusion-matrix": [[2842, 137], [197, 824]]}}, "overall": {"report": {"False": {"precision": 0.9358268366218734, "recall": 0.951994315324081, "f1-score": 0.9438321639494978, "support": 30000.0}, "True": {"precision": 0.8482403859864511, "recall": 0.8040553432343309, "f1-score": 0.82547288749424, "support": 10000.0}, "macro avg": {"precision": 0.8920336113041623, "recall": 0.8780248292792058, "f1-score": 0.8846525257218689, "support": 40000.0}, "weighted avg": {"precision": 0.9139306514532877, "recall": 0.9150249999999998, "f1-score": 0.9142506029916702, "support": 40000.0}, "accuracy": 0.9150249999999998}, "confusion-matrix": [[28560.0, 1440.0], [1959.0, 8041.0]]}}