{"features": "sbert-pp-pos", "classifier": "DecisionTreeClassifier", "folds": {"3": {"report": {"False": {"precision": 0.9132162967870155, "recall": 0.920534223706177, "f1-score": 0.916860658463585, "support": 2995}, "True": {"precision": 0.7573904179408767, "recall": 0.7393034825870647, "f1-score": 0.7482376636455186, "support": 1005}, "accuracy": 0.875, "macro avg": {"precision": 0.8353033573639461, "recall": 0.8299188531466208, "f1-score": 0.8325491610545518, "support": 4000}, "weighted avg": {"precision": 0.8740650447269231, "recall": 0.875, "f1-score": 0.8744941310155457, "support": 4000}}, "confusion-matrix": [[2757, 238], [262, 743]]}, "1": {"report": {"False": {"precision": 0.9083361009631352, "recall": 0.9156344158018078, "f1-score": 0.9119706568856286, "support": 2987}, "True": {"precision": 0.7451971688574317, "recall": 0.7275419545903258, "f1-score": 0.7362637362637361, "support": 1013}, "accuracy": 0.868, "macro avg": {"precision": 0.8267666349102835, "recall": 0.8215881851960668, "f1-score": 0.8241171965746823, "support": 4000}, "weighted avg": {"precision": 0.8670211664073658, "recall": 0.868, "f1-score": 0.8674728792381343, "support": 4000}}, "confusion-matrix": [[2735, 252], [276, 737]]}, "4": {"report": {"False": {"precision": 0.9129857190302225, "recall": 0.9126826029216467, "f1-score": 0.9128341358127179, "support": 3012}, "True": {"precision": 0.7340748230535895, "recall": 0.7348178137651822, "f1-score": 0.7344461305007587, "support": 988}, "accuracy": 0.86875, "macro avg": {"precision": 0.823530271041906, "recall": 0.8237502083434145, "f1-score": 0.8236401331567382, "support": 4000}, "weighted avg": {"precision": 0.8687947277239941, "recall": 0.86875, "f1-score": 0.868772298500664, "support": 4000}}, "confusion-matrix": [[2749, 263], [262, 726]]}, "5": {"report": {"False": {"precision": 0.9108552631578948, "recall": 0.9187126741871268, "f1-score": 0.9147670961347869, "support": 3014}, "True": {"precision": 0.7447916666666666, "recall": 0.7251521298174443, "f1-score": 0.7348406988694759, "support": 986}, "accuracy": 0.871, "macro avg": {"precision": 0.8278234649122806, "recall": 0.8219324020022856, "f1-score": 0.8248038975021315, "support": 4000}, "weighted avg": {"precision": 0.8699205866228069, "recall": 0.871, "f1-score": 0.8704152392088877, "support": 4000}}, "confusion-matrix": [[2769, 245], [271, 715]]}, "8": {"report": {"False": {"precision": 0.9158815612382234, "recall": 0.9137294394091977, "f1-score": 0.9148042345824231, "support": 2979}, "True": {"precision": 0.75, "recall": 0.7551420176297747, "f1-score": 0.7525622254758418, "support": 1021}, "accuracy": 0.87325, "macro avg": {"precision": 0.8329407806191117, "recall": 0.8344357285194862, "f1-score": 0.8336832300291325, "support": 4000}, "weighted avg": {"precision": 0.8735402927321669, "recall": 0.87325, "f1-score": 0.8733919617579683, "support": 4000}}, "confusion-matrix": [[2722, 257], [250, 771]]}, "6": {"report": {"False": {"precision": 0.9196162752232881, "recall": 0.9220563847429519, "f1-score": 0.9208347134812852, "support": 3015}, "True": {"precision": 0.759467758444217, "recall": 0.7532994923857868, "f1-score": 0.7563710499490316, "support": 985}, "accuracy": 0.8805, "macro avg": {"precision": 0.8395420168337526, "recall": 0.8376779385643693, "f1-score": 0.8386028817151584, "support": 4000}, "weighted avg": {"precision": 0.8801797029664418, "recall": 0.8805, "f1-score": 0.8803355363364678, "support": 4000}}, "confusion-matrix": [[2780, 235], [243, 742]]}, "2": {"report": {"False": {"precision": 0.9101796407185628, "recall": 0.909272183449651, "f1-score": 0.9097256857855361, "support": 3009}, "True": {"precision": 0.7253521126760564, "recall": 0.727547931382442, "f1-score": 0.726448362720403, "support": 991}, "accuracy": 0.86425, "macro avg": {"precision": 0.8177658766973096, "recall": 0.8184100574160464, "f1-score": 0.8180870242529696, "support": 4000}, "weighted avg": {"precision": 0.8643886206460318, "recall": 0.86425, "f1-score": 0.8643187289961494, "support": 4000}}, "confusion-matrix": [[2736, 273], [270, 721]]}, "9": {"report": {"False": {"precision": 0.9186937687437521, "recall": 0.9159468438538206, "f1-score": 0.9173182498752287, "support": 3010}, "True": {"precision": 0.7467467467467468, "recall": 0.7535353535353535, "f1-score": 0.7501256913021619, "support": 990}, "accuracy": 0.87575, "macro avg": {"precision": 0.8327202577452495, "recall": 0.8347410986945871, "f1-score": 0.8337219705886953, "support": 4000}, "weighted avg": {"precision": 0.8761368807994933, "recall": 0.87575, "f1-score": 0.8759380916283946, "support": 4000}}, "confusion-matrix": [[2757, 253], [244, 746]]}, "10": {"report": {"False": {"precision": 0.9086328518642929, "recall": 0.9001663893510815, "f1-score": 0.9043798060849214, "support": 3005}, "True": {"precision": 0.7067448680351907, "recall": 0.7266331658291457, "f1-score": 0.7165510406342913, "support": 995}, "accuracy": 0.857, "macro avg": {"precision": 0.8076888599497418, "recall": 0.8133997775901136, "f1-score": 0.8104654233596064, "support": 4000}, "weighted avg": {"precision": 0.8584132158868037, "recall": 0.857, "f1-score": 0.8576574006790773, "support": 4000}}, "confusion-matrix": [[2705, 300], [272, 723]]}, "7": {"report": {"False": {"precision": 0.9052701801200801, "recall": 0.9125756556825824, "f1-score": 0.9089082384460818, "support": 2974}, "True": {"precision": 0.7405189620758483, "recall": 0.723196881091618, "f1-score": 0.7317554240631164, "support": 1026}, "accuracy": 0.864, "macro avg": {"precision": 0.8228945710979643, "recall": 0.8178862683871002, "f1-score": 0.8203318312545991, "support": 4000}, "weighted avg": {"precision": 0.8630114926917347, "recall": 0.864, "f1-score": 0.8634685415568513, "support": 4000}}, "confusion-matrix": [[2714, 260], [284, 742]]}}, "overall": {"report": {"False": {"precision": 0.9123667657846468, "recall": 0.9141310813106044, "f1-score": 0.9132403475552195, "support": 30000.0}, "True": {"precision": 0.7410284524496623, "recall": 0.7366170222614137, "f1-score": 0.7387602023424336, "support": 10000.0}, "macro avg": {"precision": 0.8266976091171546, "recall": 0.8253740517860091, "f1-score": 0.8260002749488266, "support": 40000.0}, "weighted avg": {"precision": 0.8695471731203762, "recall": 0.86975, "f1-score": 0.869626480891814, "support": 40000.0}, "accuracy": 0.86975}, "confusion-matrix": [[27424.0, 2576.0], [2634.0, 7366.0]]}}