{"features": "sbert-pos", "classifier": "SVC", "folds": {"3": {"report": {"False": {"precision": 0.933442088091354, "recall": 0.9552587646076794, "f1-score": 0.9442244224422442, "support": 2995}, "True": {"precision": 0.8566844919786096, "recall": 0.7970149253731343, "f1-score": 0.8257731958762887, "support": 1005}, "accuracy": 0.9155, "macro avg": {"precision": 0.8950632900349818, "recall": 0.8761368449904069, "f1-score": 0.8849988091592664, "support": 4000}, "weighted avg": {"precision": 0.9141567420680269, "recall": 0.9155, "f1-score": 0.9144635517675479, "support": 4000}}, "confusion-matrix": [[2861, 134], [204, 801]]}, "6": {"report": {"False": {"precision": 0.9400393184796855, "recall": 0.951575456053068, "f1-score": 0.9457722103181144, "support": 3015}, "True": {"precision": 0.8459915611814346, "recall": 0.8142131979695432, "f1-score": 0.8297982410760475, "support": 985}, "accuracy": 0.91775, "macro avg": {"precision": 0.8930154398305601, "recall": 0.8828943270113057, "f1-score": 0.887785225697081, "support": 4000}, "weighted avg": {"precision": 0.9168800582449912, "recall": 0.91775, "f1-score": 0.9172136203922555, "support": 4000}}, "confusion-matrix": [[2869, 146], [183, 802]]}, "9": {"report": {"False": {"precision": 0.9297279792746114, "recall": 0.9538205980066445, "f1-score": 0.9416202033453591, "support": 3010}, "True": {"precision": 0.8475877192982456, "recall": 0.7808080808080808, "f1-score": 0.8128286014721346, "support": 990}, "accuracy": 0.911, "macro avg": {"precision": 0.8886578492864285, "recall": 0.8673143394073627, "f1-score": 0.8772244024087469, "support": 4000}, "weighted avg": {"precision": 0.9093982649304607, "recall": 0.911, "f1-score": 0.9097442818817361, "support": 4000}}, "confusion-matrix": [[2871, 139], [217, 773]]}, "7": {"report": {"False": {"precision": 0.9327176781002638, "recall": 0.9509078681909886, "f1-score": 0.9417249417249417, "support": 2974}, "True": {"precision": 0.8491735537190083, "recall": 0.8011695906432749, "f1-score": 0.8244734202607824, "support": 1026}, "accuracy": 0.9125, "macro avg": {"precision": 0.8909456159096361, "recall": 0.8760387294171317, "f1-score": 0.8830991809928621, "support": 4000}, "weighted avg": {"precision": 0.9112886101964718, "recall": 0.9125, "f1-score": 0.9116499264693848, "support": 4000}}, "confusion-matrix": [[2828, 146], [204, 822]]}, "1": {"report": {"False": {"precision": 0.9379767827529022, "recall": 0.9467693337797121, "f1-score": 0.9423525491502832, "support": 2987}, "True": {"precision": 0.8385786802030457, "recall": 0.8153998025666338, "f1-score": 0.8268268268268268, "support": 1013}, "accuracy": 0.9135, "macro avg": {"precision": 0.888277731477974, "recall": 0.8810845681731729, "f1-score": 0.8845896879885551, "support": 4000}, "weighted avg": {"precision": 0.9128042132821511, "recall": 0.9135, "f1-score": 0.9130956599718679, "support": 4000}}, "confusion-matrix": [[2828, 159], [187, 826]]}, "5": {"report": {"False": {"precision": 0.9347190646313738, "recall": 0.9548772395487723, "f1-score": 0.9446906285901855, "support": 3014}, "True": {"precision": 0.8523344191096635, "recall": 0.7961460446247465, "f1-score": 0.8232826428945988, "support": 986}, "accuracy": 0.91575, "macro avg": {"precision": 0.8935267418705186, "recall": 0.8755116420867595, "f1-score": 0.8839866357423922, "support": 4000}, "weighted avg": {"precision": 0.9144112495102721, "recall": 0.91575, "f1-score": 0.9147635601162234, "support": 4000}}, "confusion-matrix": [[2878, 136], [201, 785]]}, "4": {"report": {"False": {"precision": 0.9406751884627991, "recall": 0.952855245683931, "f1-score": 0.946726043212931, "support": 3012}, "True": {"precision": 0.8503688092729189, "recall": 0.8168016194331984, "f1-score": 0.8332472896231286, "support": 988}, "accuracy": 0.91925, "macro avg": {"precision": 0.895521998867859, "recall": 0.8848284325585647, "f1-score": 0.8899866664180298, "support": 4000}, "weighted avg": {"precision": 0.9183695128028986, "recall": 0.91925, "f1-score": 0.9186967910762497, "support": 4000}}, "confusion-matrix": [[2870, 142], [181, 807]]}, "2": {"report": {"False": {"precision": 0.9341550437885177, "recall": 0.9571286141575274, "f1-score": 0.9455022980958634, "support": 3009}, "True": {"precision": 0.8593238822246456, "recall": 0.7951564076690212, "f1-score": 0.8259958071278826, "support": 991}, "accuracy": 0.917, "macro avg": {"precision": 0.8967394630065817, "recall": 0.8761425109132743, "f1-score": 0.885749052611873, "support": 4000}, "weighted avg": {"precision": 0.9156156235110684, "recall": 0.917, "f1-score": 0.915894564958546, "support": 4000}}, "confusion-matrix": [[2880, 129], [203, 788]]}, "10": {"report": {"False": {"precision": 0.9390444810543658, "recall": 0.9484193011647255, "f1-score": 0.9437086092715232, "support": 3005}, "True": {"precision": 0.8393782383419689, "recall": 0.8140703517587939, "f1-score": 0.8265306122448979, "support": 995}, "accuracy": 0.915, "macro avg": {"precision": 0.8892113596981673, "recall": 0.8812448264617597, "f1-score": 0.8851196107582106, "support": 4000}, "weighted avg": {"precision": 0.9142525031796571, "recall": 0.915, "f1-score": 0.9145605825111501, "support": 4000}}, "confusion-matrix": [[2850, 155], [185, 810]]}, "8": {"report": {"False": {"precision": 0.9344100197758735, "recall": 0.9516616314199395, "f1-score": 0.9429569266589056, "support": 2979}, "True": {"precision": 0.8509316770186336, "recall": 0.8050930460333007, "f1-score": 0.8273779567186713, "support": 1021}, "accuracy": 0.91425, "macro avg": {"precision": 0.8926708483972535, "recall": 0.87837733872662, "f1-score": 0.8851674416887885, "support": 4000}, "weighted avg": {"precision": 0.9131021727870879, "recall": 0.91425, "f1-score": 0.9134553945816608, "support": 4000}}, "confusion-matrix": [[2835, 144], [199, 822]]}}, "overall": {"report": {"False": {"precision": 0.9356907644411745, "recall": 0.9523274052612989, "f1-score": 0.943927883281035, "support": 30000.0}, "True": {"precision": 0.8490353032348175, "recall": 0.8035873066879727, "f1-score": 0.825613459412126, "support": 10000.0}, "macro avg": {"precision": 0.8923630338379962, "recall": 0.8779573559746359, "f1-score": 0.8847706713465806, "support": 40000.0}, "weighted avg": {"precision": 0.9140278950513085, "recall": 0.9151499999999999, "f1-score": 0.9143537933726622, "support": 40000.0}, "accuracy": 0.9151499999999999}, "confusion-matrix": [[28570.0, 1430.0], [1964.0, 8036.0]]}}