{"features": "sbert-pp-pos", "classifier": "SVC", "folds": {"3": {"report": {"False": {"precision": 0.9441340782122905, "recall": 0.9592654424040067, "f1-score": 0.9516396157668102, "support": 2995}, "True": {"precision": 0.8725182863113897, "recall": 0.8308457711442786, "f1-score": 0.8511722731906217, "support": 1005}, "accuracy": 0.927, "macro avg": {"precision": 0.90832618226184, "recall": 0.8950556067741426, "f1-score": 0.9014059444787159, "support": 4000}, "weighted avg": {"precision": 0.9261406104971892, "recall": 0.927, "f1-score": 0.9263971959445427, "support": 4000}}, "confusion-matrix": [[2873, 122], [170, 835]]}, "2": {"report": {"False": {"precision": 0.9483997387328543, "recall": 0.9651046859421735, "f1-score": 0.9566792950090596, "support": 3009}, "True": {"precision": 0.8880597014925373, "recall": 0.8405650857719476, "f1-score": 0.8636599274235355, "support": 991}, "accuracy": 0.93425, "macro avg": {"precision": 0.9182297201126959, "recall": 0.9028348858570605, "f1-score": 0.9101696112162976, "support": 4000}, "weighted avg": {"precision": 0.9334504945065658, "recall": 0.93425, "f1-score": 0.933633746689746, "support": 4000}}, "confusion-matrix": [[2904, 105], [158, 833]]}, "1": {"report": {"False": {"precision": 0.9517470881863561, "recall": 0.9574824238366254, "f1-score": 0.9546061415220293, "support": 2987}, "True": {"precision": 0.8723618090452261, "recall": 0.8568608094768015, "f1-score": 0.8645418326693227, "support": 1013}, "accuracy": 0.932, "macro avg": {"precision": 0.9120544486157911, "recall": 0.9071716166567134, "f1-score": 0.909573987095676, "support": 4000}, "weighted avg": {"precision": 0.931642766243865, "recall": 0.932, "f1-score": 0.9317973553050812, "support": 4000}}, "confusion-matrix": [[2860, 127], [145, 868]]}, "10": {"report": {"False": {"precision": 0.9495548961424333, "recall": 0.9584026622296173, "f1-score": 0.9539582643259358, "support": 3005}, "True": {"precision": 0.8707342295760083, "recall": 0.8462311557788945, "f1-score": 0.8583078491335373, "support": 995}, "accuracy": 0.9305, "macro avg": {"precision": 0.9101445628592209, "recall": 0.902316909004256, "f1-score": 0.9061330567297365, "support": 4000}, "weighted avg": {"precision": 0.9299482553340351, "recall": 0.9305, "f1-score": 0.9301652235468267, "support": 4000}}, "confusion-matrix": [[2880, 125], [153, 842]]}, "4": {"report": {"False": {"precision": 0.9498196129878649, "recall": 0.9614873837981408, "f1-score": 0.9556178848374856, "support": 3012}, "True": {"precision": 0.8780231335436383, "recall": 0.8451417004048583, "f1-score": 0.8612686952037132, "support": 988}, "accuracy": 0.93275, "macro avg": {"precision": 0.9139213732657516, "recall": 0.9033145421014995, "f1-score": 0.9084432900205994, "support": 4000}, "weighted avg": {"precision": 0.932085882565141, "recall": 0.93275, "f1-score": 0.9323136349979438, "support": 4000}}, "confusion-matrix": [[2896, 116], [153, 835]]}, "5": {"report": {"False": {"precision": 0.9463065408395704, "recall": 0.9648307896483079, "f1-score": 0.9554788894365039, "support": 3014}, "True": {"precision": 0.8856526429341963, "recall": 0.8326572008113591, "f1-score": 0.8583376894929431, "support": 986}, "accuracy": 0.93225, "macro avg": {"precision": 0.9159795918868834, "recall": 0.8987439952298335, "f1-score": 0.9069082894647236, "support": 4000}, "weighted avg": {"precision": 0.9313553550058957, "recall": 0.93225, "f1-score": 0.9315335836504162, "support": 4000}}, "confusion-matrix": [[2908, 106], [165, 821]]}, "7": {"report": {"False": {"precision": 0.9510163278907031, "recall": 0.9596503026227303, "f1-score": 0.9553138075313807, "support": 2974}, "True": {"precision": 0.8798798798798799, "recall": 0.8567251461988304, "f1-score": 0.8681481481481482, "support": 1026}, "accuracy": 0.93325, "macro avg": {"precision": 0.9154481038852915, "recall": 0.9081877244107803, "f1-score": 0.9117309778397644, "support": 4000}, "weighted avg": {"precision": 0.9327698289759269, "recall": 0.93325, "f1-score": 0.9329558158995817, "support": 4000}}, "confusion-matrix": [[2854, 120], [147, 879]]}, "9": {"report": {"False": {"precision": 0.9462014998369742, "recall": 0.9641196013289036, "f1-score": 0.9550765180187593, "support": 3010}, "True": {"precision": 0.8842443729903537, "recall": 0.8333333333333334, "f1-score": 0.8580343213728551, "support": 990}, "accuracy": 0.93175, "macro avg": {"precision": 0.9152229364136639, "recall": 0.8987264673311185, "f1-score": 0.9065554196958072, "support": 4000}, "weighted avg": {"precision": 0.9308671109424357, "recall": 0.93175, "f1-score": 0.9310585743488979, "support": 4000}}, "confusion-matrix": [[2902, 108], [165, 825]]}, "6": {"report": {"False": {"precision": 0.9520367936925098, "recall": 0.9611940298507463, "f1-score": 0.9565934972767783, "support": 3015}, "True": {"precision": 0.8776150627615062, "recall": 0.8517766497461929, "f1-score": 0.8645028335909325, "support": 985}, "accuracy": 0.93425, "macro avg": {"precision": 0.914825928227008, "recall": 0.9064853397984696, "f1-score": 0.9105481654338554, "support": 4000}, "weighted avg": {"precision": 0.9337104424507502, "recall": 0.93425, "f1-score": 0.9339161713441387, "support": 4000}}, "confusion-matrix": [[2898, 117], [146, 839]]}, "8": {"report": {"False": {"precision": 0.9478719894424282, "recall": 0.9644175897952333, "f1-score": 0.9560732113144759, "support": 2979}, "True": {"precision": 0.890608875128999, "recall": 0.8452497551420176, "f1-score": 0.8673366834170855, "support": 1021}, "accuracy": 0.934, "macro avg": {"precision": 0.9192404322857136, "recall": 0.9048336724686254, "f1-score": 0.9117049473657807, "support": 4000}, "weighted avg": {"precision": 0.9332555795139253, "recall": 0.934, "f1-score": 0.9334232125686669, "support": 4000}}, "confusion-matrix": [[2873, 106], [158, 863]]}}, "overall": {"report": {"False": {"precision": 0.9487088565963985, "recall": 0.9615954911456486, "f1-score": 0.9551037125039217, "support": 30000.0}, "True": {"precision": 0.8799697993663734, "recall": 0.8439386607808513, "f1-score": 0.8615310253642694, "support": 10000.0}, "macro avg": {"precision": 0.9143393279813861, "recall": 0.90276707596325, "f1-score": 0.9083173689340956, "support": 40000.0}, "weighted avg": {"precision": 0.9315226326035729, "recall": 0.9321999999999999, "f1-score": 0.931719451429584, "support": 40000.0}, "accuracy": 0.9321999999999999}, "confusion-matrix": [[28848.0, 1152.0], [1560.0, 8440.0]]}}