{"features": "sbert", "classifier": "DecisionTreeClassifier", "folds": {"1": {"report": {"False": {"precision": 0.8524916943521594, "recall": 0.8590559089387345, "f1-score": 0.8557612139403035, "support": 2987}, "True": {"precision": 0.5747474747474748, "recall": 0.5616979269496545, "f1-score": 0.5681477783325013, "support": 1013}, "accuracy": 0.78375, "macro avg": {"precision": 0.7136195845498171, "recall": 0.7103769179441946, "f1-score": 0.7119544961364024, "support": 4000}, "weighted avg": {"precision": 0.782152970737273, "recall": 0.78375, "f1-score": 0.7829231113726276, "support": 4000}}, "confusion-matrix": [[2566, 421], [444, 569]]}, "3": {"report": {"False": {"precision": 0.8564721663313213, "recall": 0.852754590984975, "f1-score": 0.8546093357871842, "support": 2995}, "True": {"precision": 0.5667976424361493, "recall": 0.5741293532338309, "f1-score": 0.5704399406821552, "support": 1005}, "accuracy": 0.78275, "macro avg": {"precision": 0.7116349043837353, "recall": 0.713441972109403, "f1-score": 0.7125246382346697, "support": 4000}, "weighted avg": {"precision": 0.7836914422026593, "recall": 0.78275, "f1-score": 0.7832117752670456, "support": 4000}}, "confusion-matrix": [[2554, 441], [428, 577]]}, "9": {"report": {"False": {"precision": 0.8571428571428571, "recall": 0.8611295681063122, "f1-score": 0.8591315876698706, "support": 3010}, "True": {"precision": 0.5717213114754098, "recall": 0.5636363636363636, "f1-score": 0.5676500508646998, "support": 990}, "accuracy": 0.7875, "macro avg": {"precision": 0.7144320843091334, "recall": 0.7123829658713379, "f1-score": 0.7133908192672852, "support": 4000}, "weighted avg": {"precision": 0.786501024590164, "recall": 0.7875, "f1-score": 0.7869899073105908, "support": 4000}}, "confusion-matrix": [[2592, 418], [432, 558]]}, "5": {"report": {"False": {"precision": 0.8706081081081081, "recall": 0.8550099535500996, "f1-score": 0.8627385336457984, "support": 3014}, "True": {"precision": 0.5798076923076924, "recall": 0.6115618661257607, "f1-score": 0.5952615992102666, "support": 986}, "accuracy": 0.795, "macro avg": {"precision": 0.7252079002079002, "recall": 0.7332859098379301, "f1-score": 0.7290000664280325, "support": 4000}, "weighted avg": {"precision": 0.7989258056133055, "recall": 0.795, "f1-score": 0.7968054693074398, "support": 4000}}, "confusion-matrix": [[2577, 437], [383, 603]]}, "2": {"report": {"False": {"precision": 0.8606584635849684, "recall": 0.8600864074443336, "f1-score": 0.8603723404255319, "support": 3009}, "True": {"precision": 0.5760322255790534, "recall": 0.5771947527749748, "f1-score": 0.5766129032258065, "support": 991}, "accuracy": 0.79, "macro avg": {"precision": 0.7183453445820109, "recall": 0.7186405801096543, "f1-score": 0.7184926218256692, "support": 4000}, "weighted avg": {"precision": 0.790142313119003, "recall": 0.79, "f1-score": 0.7900709398592999, "support": 4000}}, "confusion-matrix": [[2588, 421], [419, 572]]}, "8": {"report": {"False": {"precision": 0.8517402945113789, "recall": 0.8543135280295401, "f1-score": 0.8530249706720294, "support": 2979}, "True": {"precision": 0.5711462450592886, "recall": 0.5661116552399609, "f1-score": 0.5686178061977374, "support": 1021}, "accuracy": 0.78075, "macro avg": {"precision": 0.7114432697853337, "recall": 0.7102125916347505, "f1-score": 0.7108213884348834, "support": 4000}, "weighted avg": {"precision": 0.7801186633887328, "recall": 0.78075, "f1-score": 0.7804300419399663, "support": 4000}}, "confusion-matrix": [[2545, 434], [443, 578]]}, "4": {"report": {"False": {"precision": 0.8659827928524156, "recall": 0.8688579017264276, "f1-score": 0.8674179648657607, "support": 3012}, "True": {"precision": 0.5961145194274029, "recall": 0.590080971659919, "f1-score": 0.5930824008138351, "support": 988}, "accuracy": 0.8, "macro avg": {"precision": 0.7310486561399092, "recall": 0.7294694366931733, "f1-score": 0.7302501828397979, "support": 4000}, "weighted avg": {"precision": 0.7993253293164375, "recall": 0.8, "f1-score": 0.7996570805449351, "support": 4000}}, "confusion-matrix": [[2617, 395], [405, 583]]}, "7": {"report": {"False": {"precision": 0.8540073162620552, "recall": 0.863483523873571, "f1-score": 0.8587192777127571, "support": 2974}, "True": {"precision": 0.5911379657603223, "recall": 0.5721247563352827, "f1-score": 0.5814759782070331, "support": 1026}, "accuracy": 0.78875, "macro avg": {"precision": 0.7225726410111888, "recall": 0.7178041401044268, "f1-score": 0.7200976279598952, "support": 4000}, "weighted avg": {"precision": 0.7865813278583608, "recall": 0.78875, "f1-score": 0.7876063713895389, "support": 4000}}, "confusion-matrix": [[2568, 406], [439, 587]]}, "10": {"report": {"False": {"precision": 0.8632218844984803, "recall": 0.8505823627287854, "f1-score": 0.8568555145826349, "support": 3005}, "True": {"precision": 0.5678537054860443, "recall": 0.592964824120603, "f1-score": 0.5801376597836775, "support": 995}, "accuracy": 0.7865, "macro avg": {"precision": 0.7155377949922623, "recall": 0.7217735934246943, "f1-score": 0.7184965871831561, "support": 4000}, "weighted avg": {"precision": 0.7897490499691369, "recall": 0.7865, "f1-score": 0.7880219482013943, "support": 4000}}, "confusion-matrix": [[2556, 449], [405, 590]]}, "6": {"report": {"False": {"precision": 0.8629086057371581, "recall": 0.8580431177446103, "f1-score": 0.8604689838682854, "support": 3015}, "True": {"precision": 0.5728542914171657, "recall": 0.582741116751269, "f1-score": 0.5777554101660796, "support": 985}, "accuracy": 0.79025, "macro avg": {"precision": 0.7178814485771619, "recall": 0.7203921172479397, "f1-score": 0.7191121970171825, "support": 4000}, "weighted avg": {"precision": 0.79148273083586, "recall": 0.79025, "f1-score": 0.7908507663441171, "support": 4000}}, "confusion-matrix": [[2587, 428], [411, 574]]}}, "overall": {"report": {"False": {"precision": 0.8595234183380903, "recall": 0.858331686312739, "f1-score": 0.8589099723170156, "support": 30000.0}, "True": {"precision": 0.5768213073696004, "recall": 0.5792243586827619, "f1-score": 0.5779181527483791, "support": 10000.0}, "macro avg": {"precision": 0.7181723628538453, "recall": 0.7187780224977505, "f1-score": 0.7184140625326976, "support": 40000.0}, "weighted avg": {"precision": 0.7888670657630932, "recall": 0.7885250000000001, "f1-score": 0.7886567411536956, "support": 40000.0}, "accuracy": 0.7885250000000001}, "confusion-matrix": [[25750.0, 4250.0], [4209.0, 5791.0]]}}