{"features": "sbert", "classifier": "SVC", "folds": {"7": {"report": {"False": {"precision": 0.9326732673267327, "recall": 0.9502353732347008, "f1-score": 0.9413724183877415, "support": 2974}, "True": {"precision": 0.8474226804123711, "recall": 0.8011695906432749, "f1-score": 0.8236472945891784, "support": 1026}, "accuracy": 0.912, "macro avg": {"precision": 0.8900479738695519, "recall": 0.8757024819389878, "f1-score": 0.8825098564884599, "support": 4000}, "weighted avg": {"precision": 0.9108064917831991, "recall": 0.912, "f1-score": 0.9111759241334102, "support": 4000}}, "confusion-matrix": [[2826, 148], [204, 822]]}, "1": {"report": {"False": {"precision": 0.9388704318936877, "recall": 0.9460997656511551, "f1-score": 0.9424712356178089, "support": 2987}, "True": {"precision": 0.8373737373737373, "recall": 0.8183613030602171, "f1-score": 0.8277583624563155, "support": 1013}, "accuracy": 0.91375, "macro avg": {"precision": 0.8881220846337126, "recall": 0.8822305343556861, "f1-score": 0.8851147990370622, "support": 4000}, "weighted avg": {"precision": 0.9131663940065102, "recall": 0.91375, "f1-score": 0.9134202004896605, "support": 4000}}, "confusion-matrix": [[2826, 161], [184, 829]]}, "2": {"report": {"False": {"precision": 0.933852140077821, "recall": 0.9571286141575274, "f1-score": 0.9453471196454949, "support": 3009}, "True": {"precision": 0.8591703056768559, "recall": 0.7941473259334006, "f1-score": 0.8253801782905088, "support": 991}, "accuracy": 0.91675, "macro avg": {"precision": 0.8965112228773384, "recall": 0.875637970045464, "f1-score": 0.8853636489680019, "support": 4000}, "weighted avg": {"precision": 0.9153497156049818, "recall": 0.91675, "f1-score": 0.9156253099247972, "support": 4000}}, "confusion-matrix": [[2880, 129], [204, 787]]}, "3": {"report": {"False": {"precision": 0.9339221458946679, "recall": 0.9532554257095158, "f1-score": 0.9434897554527428, "support": 2995}, "True": {"precision": 0.8515376458112407, "recall": 0.7990049751243781, "f1-score": 0.824435318275154, "support": 1005}, "accuracy": 0.9145, "macro avg": {"precision": 0.8927298958529544, "recall": 0.8761302004169469, "f1-score": 0.8839625368639484, "support": 4000}, "weighted avg": {"precision": 0.9132230402487068, "recall": 0.9145, "f1-score": 0.9135773281118736, "support": 4000}}, "confusion-matrix": [[2855, 140], [202, 803]]}, "9": {"report": {"False": {"precision": 0.9290573372206026, "recall": 0.9528239202657808, "f1-score": 0.9407905527308513, "support": 3010}, "True": {"precision": 0.8444687842278203, "recall": 0.7787878787878788, "f1-score": 0.8102995270625328, "support": 990}, "accuracy": 0.90975, "macro avg": {"precision": 0.8867630607242114, "recall": 0.8658058995268298, "f1-score": 0.8755450398966921, "support": 4000}, "weighted avg": {"precision": 0.908121670354889, "recall": 0.90975, "f1-score": 0.9084940238779425, "support": 4000}}, "confusion-matrix": [[2868, 142], [219, 771]]}, "4": {"report": {"False": {"precision": 0.940983606557377, "recall": 0.952855245683931, "f1-score": 0.9468822170900693, "support": 3012}, "True": {"precision": 0.8505263157894737, "recall": 0.8178137651821862, "f1-score": 0.8338493292053664, "support": 988}, "accuracy": 0.9195, "macro avg": {"precision": 0.8957549611734253, "recall": 0.8853345054330586, "f1-score": 0.8903657731477178, "support": 4000}, "weighted avg": {"precision": 0.9186406557377049, "recall": 0.9195, "f1-score": 0.9189630937825477, "support": 4000}}, "confusion-matrix": [[2870, 142], [180, 808]]}, "6": {"report": {"False": {"precision": 0.9375816993464052, "recall": 0.951575456053068, "f1-score": 0.9445267489711934, "support": 3015}, "True": {"precision": 0.8446808510638298, "recall": 0.8060913705583757, "f1-score": 0.8249350649350651, "support": 985}, "accuracy": 0.91575, "macro avg": {"precision": 0.8911312752051175, "recall": 0.8788334133057218, "f1-score": 0.8847309069531293, "support": 4000}, "weighted avg": {"precision": 0.9147048654568211, "recall": 0.91575, "f1-score": 0.9150772967772969, "support": 4000}}, "confusion-matrix": [[2869, 146], [191, 794]]}, "10": {"report": {"False": {"precision": 0.9378698224852071, "recall": 0.9494176372712146, "f1-score": 0.9436084008599306, "support": 3005}, "True": {"precision": 0.8413361169102297, "recall": 0.8100502512562814, "f1-score": 0.8253968253968255, "support": 995}, "accuracy": 0.91475, "macro avg": {"precision": 0.8896029696977183, "recall": 0.879733944263748, "f1-score": 0.884502613128378, "support": 4000}, "weighted avg": {"precision": 0.9138570632234314, "recall": 0.91475, "f1-score": 0.9142032714634832, "support": 4000}}, "confusion-matrix": [[2853, 152], [189, 806]]}, "5": {"report": {"False": {"precision": 0.9349804941482445, "recall": 0.9542136695421367, "f1-score": 0.9444991789819377, "support": 3014}, "True": {"precision": 0.8506493506493507, "recall": 0.7971602434077079, "f1-score": 0.8230366492146597, "support": 986}, "accuracy": 0.9155, "macro avg": {"precision": 0.8928149223987976, "recall": 0.8756869564749223, "f1-score": 0.8837679140982987, "support": 4000}, "weighted avg": {"precision": 0.9141928672757672, "recall": 0.9155, "f1-score": 0.9145586653943037, "support": 4000}}, "confusion-matrix": [[2876, 138], [200, 786]]}, "8": {"report": {"False": {"precision": 0.9351669941060904, "recall": 0.9587109768378651, "f1-score": 0.9467926404773744, "support": 2979}, "True": {"precision": 0.8699788583509513, "recall": 0.8060724779627816, "f1-score": 0.8368073207930857, "support": 1021}, "accuracy": 0.91975, "macro avg": {"precision": 0.9025729262285209, "recall": 0.8823917274003233, "f1-score": 0.8917999806352301, "support": 4000}, "weighted avg": {"precision": 0.9185277224545911, "recall": 0.91975, "f1-score": 0.9187188876279597, "support": 4000}}, "confusion-matrix": [[2856, 123], [198, 823]]}}, "overall": {"report": {"False": {"precision": 0.9354957939056836, "recall": 0.9526316084406895, "f1-score": 0.9439780268215145, "support": 30000.0}, "True": {"precision": 0.849714464626586, "recall": 0.8028659181916481, "f1-score": 0.8255545870218691, "support": 10000.0}, "macro avg": {"precision": 0.8926051292661349, "recall": 0.8777487633161689, "f1-score": 0.8847663069216919, "support": 40000.0}, "weighted avg": {"precision": 0.9140590486146604, "recall": 0.9152000000000001, "f1-score": 0.9143814001583277, "support": 40000.0}, "accuracy": 0.9152000000000001}, "confusion-matrix": [[28579.0, 1421.0], [1971.0, 8029.0]]}}