{"features": "sbert-pos", "classifier": "DecisionTreeClassifier", "folds": {"3": {"report": {"False": {"precision": 0.8651647612642905, "recall": 0.8590984974958263, "f1-score": 0.8621209582844697, "support": 2995}, "True": {"precision": 0.5886939571150097, "recall": 0.6009950248756218, "f1-score": 0.5947808961102904, "support": 1005}, "accuracy": 0.79425, "macro avg": {"precision": 0.7269293591896502, "recall": 0.7300467611857241, "f1-score": 0.72845092719738, "support": 4000}, "weighted avg": {"precision": 0.7957014717217837, "recall": 0.79425, "f1-score": 0.7949517676632072, "support": 4000}}, "confusion-matrix": [[2573, 422], [401, 604]]}, "1": {"report": {"False": {"precision": 0.853448275862069, "recall": 0.8617341814529629, "f1-score": 0.8575712143928036, "support": 2987}, "True": {"precision": 0.5802845528455285, "recall": 0.5636722606120435, "f1-score": 0.57185778668002, "support": 1013}, "accuracy": 0.78625, "macro avg": {"precision": 0.7168664143537987, "recall": 0.7127032210325032, "f1-score": 0.7147145005364117, "support": 4000}, "weighted avg": {"precision": 0.78426956300813, "recall": 0.78625, "f1-score": 0.7852142888245413, "support": 4000}}, "confusion-matrix": [[2574, 413], [442, 571]]}, "9": {"report": {"False": {"precision": 0.8564830089079511, "recall": 0.8624584717607974, "f1-score": 0.8594603542459858, "support": 3010}, "True": {"precision": 0.5727554179566563, "recall": 0.5606060606060606, "f1-score": 0.566615620214395, "support": 990}, "accuracy": 0.78775, "macro avg": {"precision": 0.7146192134323037, "recall": 0.7115322661834289, "f1-score": 0.7130379872301904, "support": 4000}, "weighted avg": {"precision": 0.7862604301475057, "recall": 0.78775, "f1-score": 0.786981282573167, "support": 4000}}, "confusion-matrix": [[2596, 414], [435, 555]]}, "2": {"report": {"False": {"precision": 0.8592297476759628, "recall": 0.8600864074443336, "f1-score": 0.859657864142169, "support": 3009}, "True": {"precision": 0.5738866396761133, "recall": 0.5721493440968718, "f1-score": 0.5730166750884284, "support": 991}, "accuracy": 0.78875, "macro avg": {"precision": 0.7165581936760381, "recall": 0.7161178757706027, "f1-score": 0.7163372696152988, "support": 4000}, "weighted avg": {"precision": 0.7885359926690002, "recall": 0.78875, "f1-score": 0.7886425095541049, "support": 4000}}, "confusion-matrix": [[2588, 421], [424, 567]]}, "5": {"report": {"False": {"precision": 0.8680836707152496, "recall": 0.8536828135368282, "f1-score": 0.8608230177316829, "support": 3014}, "True": {"precision": 0.5743243243243243, "recall": 0.603448275862069, "f1-score": 0.5885262116716122, "support": 986}, "accuracy": 0.792, "macro avg": {"precision": 0.721203997519787, "recall": 0.7285655446994486, "f1-score": 0.7246746147016476, "support": 4000}, "weighted avg": {"precision": 0.7956719918298866, "recall": 0.792, "f1-score": 0.7937018550378755, "support": 4000}}, "confusion-matrix": [[2573, 441], [391, 595]]}, "4": {"report": {"False": {"precision": 0.859822309970385, "recall": 0.8675298804780877, "f1-score": 0.8636588993554783, "support": 3012}, "True": {"precision": 0.5848074921956296, "recall": 0.5688259109311741, "f1-score": 0.5767060030785018, "support": 988}, "accuracy": 0.79375, "macro avg": {"precision": 0.7223149010830072, "recall": 0.7181778957046309, "f1-score": 0.7201824512169901, "support": 4000}, "weighted avg": {"precision": 0.7918936499800203, "recall": 0.79375, "f1-score": 0.7927815339750651, "support": 4000}}, "confusion-matrix": [[2613, 399], [426, 562]]}, "8": {"report": {"False": {"precision": 0.8499162479061977, "recall": 0.8516280631084256, "f1-score": 0.8507712944332663, "support": 2979}, "True": {"precision": 0.5645320197044335, "recall": 0.5612144955925563, "f1-score": 0.56286836935167, "support": 1021}, "accuracy": 0.7775, "macro avg": {"precision": 0.7072241338053156, "recall": 0.7064212793504909, "f1-score": 0.7068198318924681, "support": 4000}, "weighted avg": {"precision": 0.7770719236576974, "recall": 0.7775, "f1-score": 0.7772840728061888, "support": 4000}}, "confusion-matrix": [[2537, 442], [448, 573]]}, "7": {"report": {"False": {"precision": 0.8555630026809652, "recall": 0.8584398117014123, "f1-score": 0.8569989929506546, "support": 2974}, "True": {"precision": 0.5856299212598425, "recall": 0.5799220272904484, "f1-score": 0.5827619980411362, "support": 1026}, "accuracy": 0.787, "macro avg": {"precision": 0.7205964619704038, "recall": 0.7191809194959303, "f1-score": 0.7198804954958954, "support": 4000}, "weighted avg": {"precision": 0.7863251672964473, "recall": 0.787, "f1-score": 0.7866572037563632, "support": 4000}}, "confusion-matrix": [[2553, 421], [431, 595]]}, "10": {"report": {"False": {"precision": 0.8571908602150538, "recall": 0.8489184692179701, "f1-score": 0.8530346095970575, "support": 3005}, "True": {"precision": 0.556640625, "recall": 0.5728643216080402, "f1-score": 0.5646359583952453, "support": 995}, "accuracy": 0.78025, "macro avg": {"precision": 0.7069157426075269, "recall": 0.7108913954130052, "f1-score": 0.7088352839961514, "support": 4000}, "weighted avg": {"precision": 0.7824289892053091, "recall": 0.78025, "f1-score": 0.7812954451106067, "support": 4000}}, "confusion-matrix": [[2551, 454], [425, 570]]}, "6": {"report": {"False": {"precision": 0.8593384563982626, "recall": 0.8530679933665009, "f1-score": 0.8561917443408789, "support": 3015}, "True": {"precision": 0.5600794438927508, "recall": 0.5725888324873096, "f1-score": 0.5662650602409638, "support": 985}, "accuracy": 0.784, "macro avg": {"precision": 0.7097089501455067, "recall": 0.7128284129269052, "f1-score": 0.7112284022909213, "support": 4000}, "weighted avg": {"precision": 0.7856459245687802, "recall": 0.784, "f1-score": 0.7847972983812748, "support": 4000}}, "confusion-matrix": [[2572, 443], [421, 564]]}}, "overall": {"report": {"False": {"precision": 0.8584240341596387, "recall": 0.8576644589563145, "f1-score": 0.8580288949474447, "support": 30000.0}, "True": {"precision": 0.5741634393970289, "recall": 0.5756286553962195, "f1-score": 0.5748034578872263, "support": 10000.0}, "macro avg": {"precision": 0.716293736778334, "recall": 0.716646557176267, "f1-score": 0.7164161764173356, "support": 40000.0}, "weighted avg": {"precision": 0.7873805104084561, "recall": 0.7871499999999999, "f1-score": 0.7872307257682394, "support": 40000.0}, "accuracy": 0.7871499999999999}, "confusion-matrix": [[25730.0, 4270.0], [4244.0, 5756.0]]}}