{"features": "sbert-pp", "classifier": "SVC", "folds": {"3": {"report": {"False": {"precision": 0.9437684972048668, "recall": 0.9582637729549248, "f1-score": 0.9509609012591119, "support": 2995}, "True": {"precision": 0.8696558915537018, "recall": 0.8298507462686567, "f1-score": 0.8492871690427699, "support": 1005}, "accuracy": 0.926, "macro avg": {"precision": 0.9067121943792843, "recall": 0.8940572596117908, "f1-score": 0.900124035150941, "support": 4000}, "weighted avg": {"precision": 0.9251477050350115, "recall": 0.926, "f1-score": 0.925415376039756, "support": 4000}}, "confusion-matrix": [[2870, 125], [171, 834]]}, "1": {"report": {"False": {"precision": 0.9520958083832335, "recall": 0.9581519919651824, "f1-score": 0.9551143000166861, "support": 2987}, "True": {"precision": 0.8742454728370221, "recall": 0.857847976307996, "f1-score": 0.8659691081215745, "support": 1013}, "accuracy": 0.93275, "macro avg": {"precision": 0.9131706406101279, "recall": 0.9079999841365892, "f1-score": 0.9105417040691303, "support": 4000}, "weighted avg": {"precision": 0.9323802109061555, "recall": 0.93275, "f1-score": 0.932538280169249, "support": 4000}}, "confusion-matrix": [[2862, 125], [144, 869]]}, "2": {"report": {"False": {"precision": 0.9458577951728636, "recall": 0.9637753406447325, "f1-score": 0.9547325102880657, "support": 3009}, "True": {"precision": 0.8832976445396146, "recall": 0.8324924318869829, "f1-score": 0.8571428571428572, "support": 991}, "accuracy": 0.93125, "macro avg": {"precision": 0.914577719856239, "recall": 0.8981338862658577, "f1-score": 0.9059376837154615, "support": 4000}, "weighted avg": {"precision": 0.9303585178534761, "recall": 0.93125, "f1-score": 0.9305546737213404, "support": 4000}}, "confusion-matrix": [[2900, 109], [166, 825]]}, "9": {"report": {"False": {"precision": 0.9474714518760196, "recall": 0.9647840531561461, "f1-score": 0.9560493827160493, "support": 3010}, "True": {"precision": 0.8866310160427807, "recall": 0.8373737373737373, "f1-score": 0.8612987012987012, "support": 990}, "accuracy": 0.93325, "macro avg": {"precision": 0.9170512339594001, "recall": 0.9010788952649418, "f1-score": 0.9086740420073753, "support": 4000}, "weighted avg": {"precision": 0.9324134440072931, "recall": 0.93325, "f1-score": 0.9325985890652557, "support": 4000}}, "confusion-matrix": [[2904, 106], [161, 829]]}, "6": {"report": {"False": {"precision": 0.9535726045439579, "recall": 0.960530679933665, "f1-score": 0.9570389953734303, "support": 3015}, "True": {"precision": 0.8764278296988577, "recall": 0.8568527918781725, "f1-score": 0.86652977412731, "support": 985}, "accuracy": 0.935, "macro avg": {"precision": 0.9150002171214078, "recall": 0.9086917359059188, "f1-score": 0.9117843847503702, "support": 4000}, "weighted avg": {"precision": 0.9345757037383519, "recall": 0.935, "f1-score": 0.9347510996415732, "support": 4000}}, "confusion-matrix": [[2896, 119], [141, 844]]}, "10": {"report": {"False": {"precision": 0.9498349834983498, "recall": 0.9577371048252912, "f1-score": 0.9537696768848385, "support": 3005}, "True": {"precision": 0.8690721649484536, "recall": 0.8472361809045226, "f1-score": 0.8580152671755724, "support": 995}, "accuracy": 0.93025, "macro avg": {"precision": 0.9094535742234018, "recall": 0.9024866428649069, "f1-score": 0.9058924720302055, "support": 4000}, "weighted avg": {"precision": 0.9297452323840633, "recall": 0.93025, "f1-score": 0.9299507674696585, "support": 4000}}, "confusion-matrix": [[2878, 127], [152, 843]]}, "4": {"report": {"False": {"precision": 0.9473339875695126, "recall": 0.9614873837981408, "f1-score": 0.9543582138737848, "support": 3012}, "True": {"precision": 0.8769883351007424, "recall": 0.8370445344129555, "f1-score": 0.8565510098394613, "support": 988}, "accuracy": 0.93075, "macro avg": {"precision": 0.9121611613351275, "recall": 0.8992659591055481, "f1-score": 0.9054546118566231, "support": 4000}, "weighted avg": {"precision": 0.9299586114097262, "recall": 0.93075, "f1-score": 0.9301998344773069, "support": 4000}}, "confusion-matrix": [[2896, 116], [161, 827]]}, "5": {"report": {"False": {"precision": 0.9482253337675024, "recall": 0.9661579296615793, "f1-score": 0.9571076417419886, "support": 3014}, "True": {"precision": 0.8902045209903121, "recall": 0.8387423935091278, "f1-score": 0.8637075718015667, "support": 986}, "accuracy": 0.93475, "macro avg": {"precision": 0.9192149273789072, "recall": 0.9024501615853535, "f1-score": 0.9104076067717777, "support": 4000}, "weighted avg": {"precision": 0.933923203417925, "recall": 0.93475, "f1-score": 0.9340845245016746, "support": 4000}}, "confusion-matrix": [[2912, 102], [159, 827]]}, "7": {"report": {"False": {"precision": 0.9497169497169498, "recall": 0.9589778076664425, "f1-score": 0.9543249121632926, "support": 2974}, "True": {"precision": 0.8776328986960883, "recall": 0.8528265107212476, "f1-score": 0.8650519031141869, "support": 1026}, "accuracy": 0.93175, "macro avg": {"precision": 0.913674924206519, "recall": 0.905902159193845, "f1-score": 0.9096884076387397, "support": 4000}, "weighted avg": {"precision": 0.9312273906300987, "recall": 0.93175, "f1-score": 0.9314263853421969, "support": 4000}}, "confusion-matrix": [[2852, 122], [151, 875]]}, "8": {"report": {"False": {"precision": 0.9462223688551633, "recall": 0.9627391742195368, "f1-score": 0.9544093178036607, "support": 2979}, "True": {"precision": 0.8854489164086687, "recall": 0.8403525954946132, "f1-score": 0.8623115577889447, "support": 1021}, "accuracy": 0.9315, "macro avg": {"precision": 0.9158356426319161, "recall": 0.901545884857075, "f1-score": 0.9083604377963027, "support": 4000}, "weighted avg": {"precision": 0.9307099451181956, "recall": 0.9315, "f1-score": 0.9309013645599045, "support": 4000}}, "confusion-matrix": [[2868, 111], [163, 858]]}}, "overall": {"report": {"False": {"precision": 0.948409978058842, "recall": 0.9612605238825642, "f1-score": 0.9547865852120909, "support": 30000.0}, "True": {"precision": 0.8789604690816242, "recall": 0.8430619898758012, "f1-score": 0.8605864919452945, "support": 10000.0}, "macro avg": {"precision": 0.9136852235702332, "recall": 0.9021612568791827, "f1-score": 0.9076865385786925, "support": 40000.0}, "weighted avg": {"precision": 0.9310439964500297, "recall": 0.9317249999999999, "f1-score": 0.9312420894987916, "support": 40000.0}, "accuracy": 0.9317249999999999}, "confusion-matrix": [[28838.0, 1162.0], [1569.0, 8431.0]]}}