{"features": "sbert-pp", "classifier": "DecisionTreeClassifier", "folds": {"4": {"report": {"False": {"precision": 0.9134902220749088, "recall": 0.9150066401062417, "f1-score": 0.9142478022889369, "support": 3012}, "True": {"precision": 0.7395727365208545, "recall": 0.7358299595141701, "f1-score": 0.7376966007102993, "support": 988}, "accuracy": 0.87075, "macro avg": {"precision": 0.8265314792978817, "recall": 0.8254182998102059, "f1-score": 0.825972201499618, "support": 4000}, "weighted avg": {"precision": 0.8705326031430574, "recall": 0.87075, "f1-score": 0.8706396554990135, "support": 4000}}, "confusion-matrix": [[2756, 256], [261, 727]]}, "2": {"report": {"False": {"precision": 0.9132450331125828, "recall": 0.9165835825855766, "f1-score": 0.9149112622325426, "support": 3009}, "True": {"precision": 0.7438775510204082, "recall": 0.7356205852674067, "f1-score": 0.7397260273972603, "support": 991}, "accuracy": 0.87175, "macro avg": {"precision": 0.8285612920664955, "recall": 0.8261020839264916, "f1-score": 0.8273186448149015, "support": 4000}, "weighted avg": {"precision": 0.8712842394242466, "recall": 0.87175, "f1-score": 0.8715091203021014, "support": 4000}}, "confusion-matrix": [[2758, 251], [262, 729]]}, "1": {"report": {"False": {"precision": 0.911973018549747, "recall": 0.905256109809173, "f1-score": 0.9086021505376343, "support": 2987}, "True": {"precision": 0.7265700483091787, "recall": 0.7423494570582428, "f1-score": 0.734375, "support": 1013}, "accuracy": 0.864, "macro avg": {"precision": 0.8192715334294629, "recall": 0.8238027834337079, "f1-score": 0.8214885752688171, "support": 4000}, "weighted avg": {"precision": 0.865019716336323, "recall": 0.864, "f1-score": 0.8644791246639784, "support": 4000}}, "confusion-matrix": [[2704, 283], [261, 752]]}, "3": {"report": {"False": {"precision": 0.910427807486631, "recall": 0.9095158597662771, "f1-score": 0.9099716051444797, "support": 2995}, "True": {"precision": 0.7311507936507936, "recall": 0.7333333333333333, "f1-score": 0.7322404371584699, "support": 1005}, "accuracy": 0.86525, "macro avg": {"precision": 0.8207893005687124, "recall": 0.8214245965498053, "f1-score": 0.8211060211514748, "support": 4000}, "weighted avg": {"precision": 0.8653844577603769, "recall": 0.86525, "f1-score": 0.8653166491879947, "support": 4000}}, "confusion-matrix": [[2724, 271], [268, 737]]}, "6": {"report": {"False": {"precision": 0.919451871657754, "recall": 0.9124378109452737, "f1-score": 0.9159314133510903, "support": 3015}, "True": {"precision": 0.7380952380952381, "recall": 0.7553299492385787, "f1-score": 0.7466131460110387, "support": 985}, "accuracy": 0.87375, "macro avg": {"precision": 0.8287735548764961, "recall": 0.8338838800919262, "f1-score": 0.8312722796810645, "support": 4000}, "weighted avg": {"precision": 0.8747928006429845, "recall": 0.87375, "f1-score": 0.8742367900186025, "support": 4000}}, "confusion-matrix": [[2751, 264], [241, 744]]}, "5": {"report": {"False": {"precision": 0.9169169169169169, "recall": 0.9117451891174518, "f1-score": 0.9143237398103476, "support": 3014}, "True": {"precision": 0.7347956131605184, "recall": 0.7474645030425964, "f1-score": 0.7410759175465057, "support": 986}, "accuracy": 0.87125, "macro avg": {"precision": 0.8258562650387177, "recall": 0.829604846080024, "f1-score": 0.8276998286784267, "support": 4000}, "weighted avg": {"precision": 0.8720240155409646, "recall": 0.87125, "f1-score": 0.8716181516223106, "support": 4000}}, "confusion-matrix": [[2748, 266], [249, 737]]}, "7": {"report": {"False": {"precision": 0.9114478114478114, "recall": 0.910221923335575, "f1-score": 0.9108344549125167, "support": 2974}, "True": {"precision": 0.7407766990291262, "recall": 0.7436647173489279, "f1-score": 0.742217898832685, "support": 1026}, "accuracy": 0.8675, "macro avg": {"precision": 0.8261122552384688, "recall": 0.8269433203422514, "f1-score": 0.8265261768726009, "support": 4000}, "weighted avg": {"precision": 0.8676706711124187, "recall": 0.8675, "f1-score": 0.8675843082780398, "support": 4000}}, "confusion-matrix": [[2707, 267], [263, 763]]}, "8": {"report": {"False": {"precision": 0.9106368789596532, "recall": 0.9167505874454515, "f1-score": 0.9136835061893609, "support": 2979}, "True": {"precision": 0.7522477522477522, "recall": 0.7375122428991185, "f1-score": 0.744807121661721, "support": 1021}, "accuracy": 0.871, "macro avg": {"precision": 0.8314423156037027, "recall": 0.8271314151722851, "f1-score": 0.8292453139255409, "support": 4000}, "weighted avg": {"precision": 0.8702080543664403, "recall": 0.871, "f1-score": 0.8705778090386808, "support": 4000}}, "confusion-matrix": [[2731, 248], [268, 753]]}, "9": {"report": {"False": {"precision": 0.9159747592162072, "recall": 0.9162790697674419, "f1-score": 0.9161268892210596, "support": 3010}, "True": {"precision": 0.7451971688574317, "recall": 0.7444444444444445, "f1-score": 0.7448206164729662, "support": 990}, "accuracy": 0.87375, "macro avg": {"precision": 0.8305859640368194, "recall": 0.8303617571059432, "f1-score": 0.8304737528470129, "support": 4000}, "weighted avg": {"precision": 0.8737073056024103, "recall": 0.87375, "f1-score": 0.8737285867159065, "support": 4000}}, "confusion-matrix": [[2758, 252], [253, 737]]}, "10": {"report": {"False": {"precision": 0.9208053691275168, "recall": 0.913144758735441, "f1-score": 0.9169590643274853, "support": 3005}, "True": {"precision": 0.7441176470588236, "recall": 0.7628140703517587, "f1-score": 0.753349875930521, "support": 995}, "accuracy": 0.87575, "macro avg": {"precision": 0.8324615080931701, "recall": 0.8379794145435999, "f1-score": 0.8351544701290032, "support": 4000}, "weighted avg": {"precision": 0.8768542982629293, "recall": 0.87575, "f1-score": 0.8762612787137405, "support": 4000}}, "confusion-matrix": [[2744, 261], [236, 759]]}}, "overall": {"report": {"False": {"precision": 0.914436968854973, "recall": 0.9126941531613904, "f1-score": 0.9135591888015455, "support": 30000.0}, "True": {"precision": 0.7396401247950125, "recall": 0.7438363262498577, "f1-score": 0.7416922641721466, "support": 10000.0}, "macro avg": {"precision": 0.8270385468249927, "recall": 0.828265239705624, "f1-score": 0.8276257264868461, "support": 40000.0}, "weighted avg": {"precision": 0.8707478162192152, "recall": 0.8704750000000001, "f1-score": 0.8705951474040369, "support": 40000.0}, "accuracy": 0.8704750000000001}, "confusion-matrix": [[27381.0, 2619.0], [2562.0, 7438.0]]}}