{"features": "sbert-emot", "classifier": "DecisionTreeClassifier", "folds": {"1": {"report": {"False": {"precision": 0.848424543946932, "recall": 0.8563776364245062, "f1-score": 0.8523825391536154, "support": 2987}, "True": {"precision": 0.5644670050761421, "recall": 0.5488647581441264, "f1-score": 0.5565565565565566, "support": 1013}, "accuracy": 0.7785, "macro avg": {"precision": 0.7064457745115371, "recall": 0.7026211972843163, "f1-score": 0.704469547855086, "support": 4000}, "weighted avg": {"precision": 0.7765122972279045, "recall": 0.7785, "f1-score": 0.7774646090609102, "support": 4000}}, "confusion-matrix": [[2558, 429], [457, 556]]}, "3": {"report": {"False": {"precision": 0.8617449664429531, "recall": 0.8574290484140233, "f1-score": 0.859581589958159, "support": 2995}, "True": {"precision": 0.5813725490196079, "recall": 0.5900497512437811, "f1-score": 0.5856790123456791, "support": 1005}, "accuracy": 0.79025, "macro avg": {"precision": 0.7215587577312805, "recall": 0.7237393998289022, "f1-score": 0.7226303011519191, "support": 4000}, "weighted avg": {"precision": 0.7913013965653375, "recall": 0.79025, "f1-score": 0.7907635673330236, "support": 4000}}, "confusion-matrix": [[2568, 427], [412, 593]]}, "2": {"report": {"False": {"precision": 0.8543528632903012, "recall": 0.8577600531738119, "f1-score": 0.8560530679933666, "support": 3009}, "True": {"precision": 0.5628192032686414, "recall": 0.5560040363269425, "f1-score": 0.5593908629441624, "support": 991}, "accuracy": 0.783, "macro avg": {"precision": 0.7085860332794713, "recall": 0.7068820447503772, "f1-score": 0.7077219654687645, "support": 4000}, "weighted avg": {"precision": 0.782125399019935, "recall": 0.783, "f1-score": 0.7825550066924262, "support": 4000}}, "confusion-matrix": [[2581, 428], [440, 551]]}, "9": {"report": {"False": {"precision": 0.8529796987557302, "recall": 0.8654485049833887, "f1-score": 0.8591688654353562, "support": 3010}, "True": {"precision": 0.5718816067653277, "recall": 0.5464646464646464, "f1-score": 0.5588842975206612, "support": 990}, "accuracy": 0.7865, "macro avg": {"precision": 0.712430652760529, "recall": 0.7059565757240176, "f1-score": 0.7090265814780087, "support": 4000}, "weighted avg": {"precision": 0.7834079209881056, "recall": 0.7865, "f1-score": 0.7848484348764692, "support": 4000}}, "confusion-matrix": [[2605, 405], [449, 541]]}, "5": {"report": {"False": {"precision": 0.8717083051991897, "recall": 0.8566688785666888, "f1-score": 0.8641231593038823, "support": 3014}, "True": {"precision": 0.5838150289017341, "recall": 0.6146044624746451, "f1-score": 0.598814229249012, "support": 986}, "accuracy": 0.797, "macro avg": {"precision": 0.7277616670504619, "recall": 0.735636670520667, "f1-score": 0.7314686942764471, "support": 4000}, "weighted avg": {"precision": 0.800742612591867, "recall": 0.797, "f1-score": 0.7987245080453568, "support": 4000}}, "confusion-matrix": [[2582, 432], [380, 606]]}, "4": {"report": {"False": {"precision": 0.8675099866844208, "recall": 0.8652058432934927, "f1-score": 0.8663563829787235, "support": 3012}, "True": {"precision": 0.5923694779116466, "recall": 0.597165991902834, "f1-score": 0.594758064516129, "support": 988}, "accuracy": 0.799, "macro avg": {"precision": 0.7299397322980337, "recall": 0.7311859175981634, "f1-score": 0.7305572237474263, "support": 4000}, "weighted avg": {"precision": 0.7995502810175455, "recall": 0.799, "f1-score": 0.7992715983184627, "support": 4000}}, "confusion-matrix": [[2606, 406], [398, 590]]}, "8": {"report": {"False": {"precision": 0.8540195089135554, "recall": 0.8522994293387043, "f1-score": 0.8531586021505377, "support": 2979}, "True": {"precision": 0.5715676728334956, "recall": 0.574926542605289, "f1-score": 0.5732421874999999, "support": 1021}, "accuracy": 0.7815, "macro avg": {"precision": 0.7127935908735255, "recall": 0.7136129859719966, "f1-score": 0.7132003948252688, "support": 4000}, "weighted avg": {"precision": 0.7819236777541201, "recall": 0.7815, "f1-score": 0.7817099373109879, "support": 4000}}, "confusion-matrix": [[2539, 440], [434, 587]]}, "7": {"report": {"False": {"precision": 0.8558139534883721, "recall": 0.8661735036987223, "f1-score": 0.8609625668449198, "support": 2974}, "True": {"precision": 0.597979797979798, "recall": 0.5769980506822612, "f1-score": 0.5873015873015873, "support": 1026}, "accuracy": 0.792, "macro avg": {"precision": 0.726896875734085, "recall": 0.7215857771904917, "f1-score": 0.7241320770732536, "support": 4000}, "weighted avg": {"precision": 0.7896794926004228, "recall": 0.792, "f1-score": 0.790768525592055, "support": 4000}}, "confusion-matrix": [[2576, 398], [434, 592]]}, "10": {"report": {"False": {"precision": 0.8582887700534759, "recall": 0.8545757071547421, "f1-score": 0.8564282141070535, "support": 3005}, "True": {"precision": 0.566468253968254, "recall": 0.5738693467336683, "f1-score": 0.5701447828257614, "support": 995}, "accuracy": 0.78475, "macro avg": {"precision": 0.712378512010865, "recall": 0.7142225269442052, "f1-score": 0.7132864984664075, "support": 4000}, "weighted avg": {"precision": 0.7856984166772769, "recall": 0.78475, "f1-score": 0.7852152105758321, "support": 4000}}, "confusion-matrix": [[2568, 437], [424, 571]]}, "6": {"report": {"False": {"precision": 0.863150867823765, "recall": 0.8577114427860697, "f1-score": 0.8604225586424888, "support": 3015}, "True": {"precision": 0.5727091633466136, "recall": 0.583756345177665, "f1-score": 0.5781799899446959, "support": 985}, "accuracy": 0.79025, "macro avg": {"precision": 0.7179300155851893, "recall": 0.7207338939818673, "f1-score": 0.7193012742935924, "support": 4000}, "weighted avg": {"precision": 0.7916295980962665, "recall": 0.79025, "f1-score": 0.7909203261006573, "support": 4000}}, "confusion-matrix": [[2586, 429], [410, 575]]}}, "overall": {"report": {"False": {"precision": 0.8587993464598697, "recall": 0.858965004783415, "f1-score": 0.8588637546568103, "support": 30000.0}, "True": {"precision": 0.5765449759071262, "recall": 0.5762703931755859, "f1-score": 0.5762951570704244, "support": 10000.0}, "macro avg": {"precision": 0.7176721611834977, "recall": 0.7176176989795005, "f1-score": 0.7175794558636175, "support": 40000.0}, "weighted avg": {"precision": 0.7882571092538782, "recall": 0.7882750000000001, "f1-score": 0.788224172390618, "support": 40000.0}, "accuracy": 0.7882750000000001}, "confusion-matrix": [[25769.0, 4231.0], [4238.0, 5762.0]]}}