{"features": "sbert-pp-pos-emot", "classifier": "DecisionTreeClassifier", "folds": {"3": {"report": {"False": {"precision": 0.9145327569005653, "recall": 0.9181969949916527, "f1-score": 0.9163612129290236, "support": 2995}, "True": {"precision": 0.7532729103726082, "recall": 0.7442786069651741, "f1-score": 0.7487487487487486, "support": 1005}, "accuracy": 0.8745, "macro avg": {"precision": 0.8339028336365868, "recall": 0.8312378009784134, "f1-score": 0.8325549808388861, "support": 4000}, "weighted avg": {"precision": 0.8740162204604162, "recall": 0.8745, "f1-score": 0.8742485813037294, "support": 4000}}, "confusion-matrix": [[2750, 245], [257, 748]]}, "5": {"report": {"False": {"precision": 0.9113463446907046, "recall": 0.9140676841406769, "f1-score": 0.912704985920159, "support": 3014}, "True": {"precision": 0.7349027635619243, "recall": 0.7281947261663286, "f1-score": 0.7315333672949568, "support": 986}, "accuracy": 0.86825, "macro avg": {"precision": 0.8231245541263145, "recall": 0.8211312051535027, "f1-score": 0.822119176607558, "support": 4000}, "weighted avg": {"precision": 0.8678530019424603, "recall": 0.86825, "f1-score": 0.8680461819290467, "support": 4000}}, "confusion-matrix": [[2755, 259], [268, 718]]}, "4": {"report": {"False": {"precision": 0.916832339297548, "recall": 0.9186586985391766, "f1-score": 0.9177446102819237, "support": 3012}, "True": {"precision": 0.7505091649694501, "recall": 0.7459514170040485, "f1-score": 0.748223350253807, "support": 988}, "accuracy": 0.876, "macro avg": {"precision": 0.8336707521334991, "recall": 0.8323050577716126, "f1-score": 0.8329839802678654, "support": 4000}, "weighted avg": {"precision": 0.8757505152385078, "recall": 0.876, "f1-score": 0.8758728590549788, "support": 4000}}, "confusion-matrix": [[2767, 245], [251, 737]]}, "1": {"report": {"False": {"precision": 0.9146014735432016, "recall": 0.9142952795446937, "f1-score": 0.9144483509124393, "support": 2987}, "True": {"precision": 0.747534516765286, "recall": 0.7482724580454096, "f1-score": 0.7479033053774051, "support": 1013}, "accuracy": 0.87225, "macro avg": {"precision": 0.8310679951542439, "recall": 0.8312838687950517, "f1-score": 0.8311758281449222, "support": 4000}, "weighted avg": {"precision": 0.8722917667391946, "recall": 0.87225, "f1-score": 0.8722708181306918, "support": 4000}}, "confusion-matrix": [[2731, 256], [255, 758]]}, "8": {"report": {"False": {"precision": 0.9152712659075687, "recall": 0.9174219536757301, "f1-score": 0.9163453478625314, "support": 2979}, "True": {"precision": 0.757396449704142, "recall": 0.752203721841332, "f1-score": 0.7547911547911548, "support": 1021}, "accuracy": 0.87525, "macro avg": {"precision": 0.8363338578058553, "recall": 0.8348128377585311, "f1-score": 0.8355682513268431, "support": 4000}, "weighted avg": {"precision": 0.8749737190716439, "recall": 0.87525, "f1-score": 0.8751086400810625, "support": 4000}}, "confusion-matrix": [[2733, 246], [253, 768]]}, "2": {"report": {"False": {"precision": 0.913144758735441, "recall": 0.9119308740445331, "f1-score": 0.9125374127036914, "support": 3009}, "True": {"precision": 0.7336683417085427, "recall": 0.7366296670030272, "f1-score": 0.7351460221550855, "support": 991}, "accuracy": 0.8685, "macro avg": {"precision": 0.8234065502219918, "recall": 0.8242802705237802, "f1-score": 0.8238417174293884, "support": 4000}, "weighted avg": {"precision": 0.868679476417027, "recall": 0.8685, "f1-score": 0.8685886956952743, "support": 4000}}, "confusion-matrix": [[2744, 265], [261, 730]]}, "6": {"report": {"False": {"precision": 0.9184350132625995, "recall": 0.9187396351575456, "f1-score": 0.9185872989553971, "support": 3015}, "True": {"precision": 0.7510162601626016, "recall": 0.750253807106599, "f1-score": 0.7506348400203148, "support": 985}, "accuracy": 0.87725, "macro avg": {"precision": 0.8347256367126006, "recall": 0.8344967211320723, "f1-score": 0.8346110694878559, "support": 4000}, "weighted avg": {"precision": 0.877208145311725, "recall": 0.87725, "f1-score": 0.8772290059426331, "support": 4000}}, "confusion-matrix": [[2770, 245], [246, 739]]}, "9": {"report": {"False": {"precision": 0.9180875961216984, "recall": 0.9122923588039867, "f1-score": 0.9151808031994668, "support": 3010}, "True": {"precision": 0.7383548067393458, "recall": 0.7525252525252525, "f1-score": 0.7453726863431716, "support": 990}, "accuracy": 0.87275, "macro avg": {"precision": 0.8282212014305221, "recall": 0.8324088056646196, "f1-score": 0.8302767447713192, "support": 4000}, "weighted avg": {"precision": 0.8736037307495662, "recall": 0.87275, "f1-score": 0.8731532942775337, "support": 4000}}, "confusion-matrix": [[2746, 264], [245, 745]]}, "10": {"report": {"False": {"precision": 0.9145847400405132, "recall": 0.9014975041597337, "f1-score": 0.9079939668174962, "support": 3005}, "True": {"precision": 0.7148362235067437, "recall": 0.7457286432160805, "f1-score": 0.7299557304476143, "support": 995}, "accuracy": 0.86275, "macro avg": {"precision": 0.8147104817736284, "recall": 0.823613073687907, "f1-score": 0.8189748486325552, "support": 4000}, "weighted avg": {"precision": 0.864897296552738, "recall": 0.86275, "f1-score": 0.8637069555204882, "support": 4000}}, "confusion-matrix": [[2709, 296], [253, 742]]}, "7": {"report": {"False": {"precision": 0.9048252911813643, "recall": 0.9142568930733019, "f1-score": 0.9095166415788593, "support": 2974}, "True": {"precision": 0.7437185929648241, "recall": 0.7212475633528265, "f1-score": 0.7323107372587828, "support": 1026}, "accuracy": 0.86475, "macro avg": {"precision": 0.8242719420730942, "recall": 0.8177522282130643, "f1-score": 0.820913689418821, "support": 4000}, "weighted avg": {"precision": 0.8635014230888217, "recall": 0.86475, "f1-score": 0.8640633271207597, "support": 4000}}, "confusion-matrix": [[2719, 255], [286, 740]]}}, "overall": {"report": {"False": {"precision": 0.9141661579681205, "recall": 0.9141357876131032, "f1-score": 0.9141420631160988, "support": 30000.0}, "True": {"precision": 0.7425210030455468, "recall": 0.7425285863226078, "f1-score": 0.7424619942691041, "support": 10000.0}, "macro avg": {"precision": 0.8283435805068338, "recall": 0.8283321869678556, "f1-score": 0.8283020286926014, "support": 40000.0}, "weighted avg": {"precision": 0.87127752955721, "recall": 0.8712250000000001, "f1-score": 0.87122883590562, "support": 40000.0}, "accuracy": 0.8712250000000001}, "confusion-matrix": [[27424.0, 2576.0], [2575.0, 7425.0]]}}