{"features": "bert-pos-emot", "classifier": "DecisionTreeClassifier", "folds": {"1": {"report": {"False": {"precision": 0.855807743658211, "recall": 0.8583863408101774, "f1-score": 0.8570951027912419, "support": 2987}, "True": {"precision": 0.5786852589641435, "recall": 0.5735439289239882, "f1-score": 0.5761031234506694, "support": 1013}, "accuracy": 0.78625, "macro avg": {"precision": 0.7172465013111773, "recall": 0.7159651348670828, "f1-score": 0.7165991131209557, "support": 4000}, "weighted avg": {"precision": 0.7856264744094384, "recall": 0.78625, "f1-score": 0.7859338840232419, "support": 4000}}, "confusion-matrix": [[2564, 423], [432, 581]]}, "2": {"report": {"False": {"precision": 0.8544176706827309, "recall": 0.8484546360917248, "f1-score": 0.8514257128564281, "support": 3009}, "True": {"precision": 0.549407114624506, "recall": 0.5610494450050454, "f1-score": 0.5551672491263105, "support": 991}, "accuracy": 0.77725, "macro avg": {"precision": 0.7019123926536184, "recall": 0.7047520405483851, "f1-score": 0.7032964809913693, "support": 4000}, "weighted avg": {"precision": 0.7788513054193057, "recall": 0.77725, "f1-score": 0.7780276784672915, "support": 4000}}, "confusion-matrix": [[2553, 456], [435, 556]]}, "3": {"report": {"False": {"precision": 0.8558262014483212, "recall": 0.8681135225375626, "f1-score": 0.8619260732637162, "support": 2995}, "True": {"precision": 0.5893970893970893, "recall": 0.564179104477612, "f1-score": 0.5765124555160143, "support": 1005}, "accuracy": 0.79175, "macro avg": {"precision": 0.7226116454227053, "recall": 0.7161463135075873, "f1-score": 0.7192192643898652, "support": 4000}, "weighted avg": {"precision": 0.7888858870454492, "recall": 0.79175, "f1-score": 0.7902159018046061, "support": 4000}}, "confusion-matrix": [[2600, 395], [438, 567]]}, "4": {"report": {"False": {"precision": 0.8635437881873728, "recall": 0.8446215139442231, "f1-score": 0.8539778449144009, "support": 3012}, "True": {"precision": 0.5559772296015181, "recall": 0.5931174089068826, "f1-score": 0.5739471106758081, "support": 988}, "accuracy": 0.7825, "macro avg": {"precision": 0.7097605088944454, "recall": 0.7188694614255529, "f1-score": 0.7139624777951045, "support": 4000}, "weighted avg": {"precision": 0.7875748482166668, "recall": 0.7825, "f1-score": 0.7848102535574685, "support": 4000}}, "confusion-matrix": [[2544, 468], [402, 586]]}, "7": {"report": {"False": {"precision": 0.854936198791135, "recall": 0.8560860793544048, "f1-score": 0.8555107526881721, "support": 2974}, "True": {"precision": 0.5812133072407045, "recall": 0.5789473684210527, "f1-score": 0.5800781250000001, "support": 1026}, "accuracy": 0.785, "macro avg": {"precision": 0.7180747530159197, "recall": 0.7175167238877287, "f1-score": 0.7177944388440861, "support": 4000}, "weighted avg": {"precision": 0.7847262771084498, "recall": 0.785, "f1-score": 0.784862283686156, "support": 4000}}, "confusion-matrix": [[2546, 428], [432, 594]]}, "6": {"report": {"False": {"precision": 0.8645552560646901, "recall": 0.851077943615257, "f1-score": 0.8577636637138559, "support": 3015}, "True": {"precision": 0.564922480620155, "recall": 0.5918781725888325, "f1-score": 0.5780862667327715, "support": 985}, "accuracy": 0.78725, "macro avg": {"precision": 0.7147388683424225, "recall": 0.7214780581020448, "f1-score": 0.7179249652233137, "support": 4000}, "weighted avg": {"precision": 0.7907706851114733, "recall": 0.78725, "f1-score": 0.7888931047072639, "support": 4000}}, "confusion-matrix": [[2566, 449], [402, 583]]}, "9": {"report": {"False": {"precision": 0.8590848806366048, "recall": 0.860797342192691, "f1-score": 0.8599402588781945, "support": 3010}, "True": {"precision": 0.5741869918699187, "recall": 0.5707070707070707, "f1-score": 0.5724417426545085, "support": 990}, "accuracy": 0.789, "macro avg": {"precision": 0.7166359362532617, "recall": 0.7157522064498809, "f1-score": 0.7161910007663514, "support": 4000}, "weighted avg": {"precision": 0.7885726531668499, "recall": 0.789, "f1-score": 0.7887843761128323, "support": 4000}}, "confusion-matrix": [[2591, 419], [425, 565]]}, "8": {"report": {"False": {"precision": 0.8522462562396007, "recall": 0.8596844578717691, "f1-score": 0.8559491978609626, "support": 2979}, "True": {"precision": 0.5798994974874372, "recall": 0.56513222331048, "f1-score": 0.5724206349206349, "support": 1021}, "accuracy": 0.7845, "macro avg": {"precision": 0.716072876863519, "recall": 0.7124083405911246, "f1-score": 0.7141849163907987, "support": 4000}, "weighted avg": {"precision": 0.7827297460681109, "recall": 0.7845, "f1-score": 0.7835785321704439, "support": 4000}}, "confusion-matrix": [[2561, 418], [444, 577]]}, "5": {"report": {"False": {"precision": 0.8660477453580901, "recall": 0.8666224286662243, "f1-score": 0.866334991708126, "support": 3014}, "True": {"precision": 0.5914634146341463, "recall": 0.59026369168357, "f1-score": 0.5908629441624365, "support": 986}, "accuracy": 0.7985, "macro avg": {"precision": 0.7287555799961183, "recall": 0.7284430601748971, "f1-score": 0.7285989679352812, "support": 4000}, "weighted avg": {"precision": 0.7983627078346379, "recall": 0.7985, "f1-score": 0.7984311319881136, "support": 4000}}, "confusion-matrix": [[2612, 402], [404, 582]]}, "10": {"report": {"False": {"precision": 0.8508010680907877, "recall": 0.8482529118136439, "f1-score": 0.8495250791534745, "support": 3005}, "True": {"precision": 0.545816733067729, "recall": 0.5507537688442211, "f1-score": 0.5482741370685343, "support": 995}, "accuracy": 0.77425, "macro avg": {"precision": 0.6983089005792584, "recall": 0.6995033403289326, "f1-score": 0.6988996081110044, "support": 4000}, "weighted avg": {"precision": 0.7749362147538019, "recall": 0.77425, "f1-score": 0.7745889073098456, "support": 4000}}, "confusion-matrix": [[2549, 456], [447, 548]]}}, "overall": {"report": {"False": {"precision": 0.8577266809157544, "recall": 0.8562097176897678, "f1-score": 0.8569448677828573, "support": 30000.0}, "True": {"precision": 0.5710969117507348, "recall": 0.5739572182868755, "f1-score": 0.5723893789307689, "support": 10000.0}, "macro avg": {"precision": 0.7144117963332446, "recall": 0.7150834679883218, "f1-score": 0.7146671233568129, "support": 40000.0}, "weighted avg": {"precision": 0.7861036799134185, "recall": 0.785625, "f1-score": 0.7858126053827263, "support": 40000.0}, "accuracy": 0.785625}, "confusion-matrix": [[25686.0, 4314.0], [4261.0, 5739.0]]}}