{"features": "bert-pos", "classifier": "DecisionTreeClassifier", "folds": {"1": {"report": {"False": {"precision": 0.8601538976246236, "recall": 0.8607298292601272, "f1-score": 0.860441767068273, "support": 2987}, "True": {"precision": 0.5885262116716122, "recall": 0.5873642645607108, "f1-score": 0.5879446640316205, "support": 1013}, "accuracy": 0.7915, "macro avg": {"precision": 0.7243400546481179, "recall": 0.724047046910419, "f1-score": 0.7241932155499468, "support": 4000}, "weighted avg": {"precision": 0.7913641861570234, "recall": 0.7915, "f1-score": 0.7914318757242408, "support": 4000}}, "confusion-matrix": [[2571, 416], [418, 595]]}, "2": {"report": {"False": {"precision": 0.8521361815754339, "recall": 0.8484546360917248, "f1-score": 0.8502914238134888, "support": 3009}, "True": {"precision": 0.545816733067729, "recall": 0.5529767911200807, "f1-score": 0.5493734335839598, "support": 991}, "accuracy": 0.77525, "macro avg": {"precision": 0.6989764573215815, "recall": 0.7007157136059028, "f1-score": 0.6998324286987243, "support": 4000}, "weighted avg": {"precision": 0.7762455382076501, "recall": 0.77525, "f1-score": 0.775738991734123, "support": 4000}}, "confusion-matrix": [[2553, 456], [443, 548]]}, "4": {"report": {"False": {"precision": 0.8678414096916299, "recall": 0.850265604249668, "f1-score": 0.8589636089216837, "support": 3012}, "True": {"precision": 0.5700667302192565, "recall": 0.6052631578947368, "f1-score": 0.5871379479626903, "support": 988}, "accuracy": 0.78975, "macro avg": {"precision": 0.7189540699554432, "recall": 0.7277643810722024, "f1-score": 0.7230507784421869, "support": 4000}, "weighted avg": {"precision": 0.7942910638619537, "recall": 0.78975, "f1-score": 0.7918226706648123, "support": 4000}}, "confusion-matrix": [[2561, 451], [390, 598]]}, "3": {"report": {"False": {"precision": 0.8565776458951533, "recall": 0.8674457429048414, "f1-score": 0.8619774386197744, "support": 2995}, "True": {"precision": 0.5894519131334023, "recall": 0.5671641791044776, "f1-score": 0.5780933062880325, "support": 1005}, "accuracy": 0.792, "macro avg": {"precision": 0.7230147795142778, "recall": 0.7173049610046596, "f1-score": 0.7200353724539035, "support": 4000}, "weighted avg": {"precision": 0.7894623055387634, "recall": 0.792, "f1-score": 0.7906515503714242, "support": 4000}}, "confusion-matrix": [[2598, 397], [435, 570]]}, "7": {"report": {"False": {"precision": 0.8582914572864322, "recall": 0.8614660390047074, "f1-score": 0.8598758180902835, "support": 2974}, "True": {"precision": 0.594088669950739, "recall": 0.5877192982456141, "f1-score": 0.5908868201861833, "support": 1026}, "accuracy": 0.79125, "macro avg": {"precision": 0.7261900636185856, "recall": 0.7245926686251607, "f1-score": 0.7253813191382334, "support": 4000}, "weighted avg": {"precision": 0.7905234423348269, "recall": 0.79125, "f1-score": 0.7908801401278818, "support": 4000}}, "confusion-matrix": [[2562, 412], [423, 603]]}, "6": {"report": {"False": {"precision": 0.864684263280989, "recall": 0.8583747927031509, "f1-score": 0.8615179760319575, "support": 3015}, "True": {"precision": 0.5759682224428997, "recall": 0.5888324873096447, "f1-score": 0.5823293172690763, "support": 985}, "accuracy": 0.792, "macro avg": {"precision": 0.7203262428619444, "recall": 0.7236036400063978, "f1-score": 0.7219236466505169, "support": 4000}, "weighted avg": {"precision": 0.7935879382246096, "recall": 0.792, "f1-score": 0.7927677688115979, "support": 4000}}, "confusion-matrix": [[2588, 427], [405, 580]]}, "5": {"report": {"False": {"precision": 0.8654545454545455, "recall": 0.8686131386861314, "f1-score": 0.8670309653916211, "support": 3014}, "True": {"precision": 0.5938461538461538, "recall": 0.5872210953346856, "f1-score": 0.590515043345232, "support": 986}, "accuracy": 0.79925, "macro avg": {"precision": 0.7296503496503497, "recall": 0.7279171170104085, "f1-score": 0.7287730043684265, "support": 4000}, "weighted avg": {"precision": 0.798503076923077, "recall": 0.79925, "f1-score": 0.7988697906071861, "support": 4000}}, "confusion-matrix": [[2618, 396], [407, 579]]}, "8": {"report": {"False": {"precision": 0.8536988110964333, "recall": 0.8677408526351125, "f1-score": 0.8606625603462627, "support": 2979}, "True": {"precision": 0.5946502057613169, "recall": 0.5661116552399609, "f1-score": 0.5800301053687908, "support": 1021}, "accuracy": 0.79075, "macro avg": {"precision": 0.7241745084288751, "recall": 0.7169262539375367, "f1-score": 0.7203463328575268, "support": 4000}, "weighted avg": {"precision": 0.7875766545846449, "recall": 0.79075, "f1-score": 0.789031126213263, "support": 4000}}, "confusion-matrix": [[2585, 394], [443, 578]]}, "9": {"report": {"False": {"precision": 0.8545095457537853, "recall": 0.8624584717607974, "f1-score": 0.8584656084656085, "support": 3010}, "True": {"precision": 0.5696465696465697, "recall": 0.5535353535353535, "f1-score": 0.5614754098360657, "support": 990}, "accuracy": 0.786, "macro avg": {"precision": 0.7120780577001775, "recall": 0.7079969126480754, "f1-score": 0.709970509150837, "support": 4000}, "weighted avg": {"precision": 0.7840059591672496, "recall": 0.786, "f1-score": 0.7849605343047967, "support": 4000}}, "confusion-matrix": [[2596, 414], [442, 548]]}, "10": {"report": {"False": {"precision": 0.8536096256684492, "recall": 0.8499168053244592, "f1-score": 0.8517592129398032, "support": 3005}, "True": {"precision": 0.5525793650793651, "recall": 0.5597989949748744, "f1-score": 0.5561657513729407, "support": 995}, "accuracy": 0.77775, "macro avg": {"precision": 0.7030944953739071, "recall": 0.7048579001496669, "f1-score": 0.7039624821563719, "support": 4000}, "weighted avg": {"precision": 0.7787283483469146, "recall": 0.77775, "f1-score": 0.7782303393750462, "support": 4000}}, "confusion-matrix": [[2554, 451], [438, 557]]}}, "overall": {"report": {"False": {"precision": 0.8586957383327476, "recall": 0.8595465912620721, "f1-score": 0.8590986379688756, "support": 30000.0}, "True": {"precision": 0.5774640774819044, "recall": 0.5755987277320139, "f1-score": 0.5763951799244593, "support": 10000.0}, "macro avg": {"precision": 0.718079907907326, "recall": 0.7175726594970431, "f1-score": 0.7177469089466675, "support": 40000.0}, "weighted avg": {"precision": 0.7884288513346713, "recall": 0.78855, "f1-score": 0.7884384787934372, "support": 40000.0}, "accuracy": 0.78855}, "confusion-matrix": [[25786.0, 4214.0], [4244.0, 5756.0]]}}