{"features": "bert", "classifier": "SVC", "folds": {"4": {"report": {"False": {"precision": 0.9176470588235294, "recall": 0.9322709163346613, "f1-score": 0.924901185770751, "support": 3012}, "True": {"precision": 0.7829787234042553, "recall": 0.7449392712550608, "f1-score": 0.7634854771784232, "support": 988}, "accuracy": 0.886, "macro avg": {"precision": 0.8503128911138924, "recall": 0.838605093794861, "f1-score": 0.8441933314745871, "support": 4000}, "weighted avg": {"precision": 0.8843839799749688, "recall": 0.886, "f1-score": 0.8850315057484461, "support": 4000}}, "confusion-matrix": [[2808, 204], [252, 736]]}, "1": {"report": {"False": {"precision": 0.9125487646293888, "recall": 0.9397388684298628, "f1-score": 0.9259442520204518, "support": 2987}, "True": {"precision": 0.8051948051948052, "recall": 0.7344521224086871, "f1-score": 0.7681982447083119, "support": 1013}, "accuracy": 0.88775, "macro avg": {"precision": 0.858871784912097, "recall": 0.8370954954192749, "f1-score": 0.8470712483643819, "support": 4000}, "weighted avg": {"precision": 0.8853613744025807, "recall": 0.88775, "f1-score": 0.8859950756686523, "support": 4000}}, "confusion-matrix": [[2807, 180], [269, 744]]}, "2": {"report": {"False": {"precision": 0.9110824742268041, "recall": 0.9398471252907943, "f1-score": 0.9252412890561098, "support": 3009}, "True": {"precision": 0.7979910714285714, "recall": 0.7214934409687185, "f1-score": 0.7578166401695814, "support": 991}, "accuracy": 0.88575, "macro avg": {"precision": 0.8545367728276878, "recall": 0.8306702831297563, "f1-score": 0.8415289646128457, "support": 4000}, "weighted avg": {"precision": 0.8830640791835419, "recall": 0.88575, "f1-score": 0.8837618322944725, "support": 4000}}, "confusion-matrix": [[2828, 181], [276, 715]]}, "3": {"report": {"False": {"precision": 0.9169909208819714, "recall": 0.9442404006677796, "f1-score": 0.9304161868728409, "support": 2995}, "True": {"precision": 0.8176855895196506, "recall": 0.745273631840796, "f1-score": 0.7798021863612702, "support": 1005}, "accuracy": 0.89425, "macro avg": {"precision": 0.8673382552008111, "recall": 0.8447570162542878, "f1-score": 0.8551091866170555, "support": 4000}, "weighted avg": {"precision": 0.8920404563771883, "recall": 0.89425, "f1-score": 0.8925744192443087, "support": 4000}}, "confusion-matrix": [[2828, 167], [256, 749]]}, "5": {"report": {"False": {"precision": 0.9177461139896373, "recall": 0.940278699402787, "f1-score": 0.9288757784333006, "support": 3014}, "True": {"precision": 0.8026315789473685, "recall": 0.742393509127789, "f1-score": 0.7713382507903056, "support": 986}, "accuracy": 0.8915, "macro avg": {"precision": 0.8601888464685029, "recall": 0.841336104265288, "f1-score": 0.850107014611803, "support": 4000}, "weighted avg": {"precision": 0.8893703811017181, "recall": 0.8915, "f1-score": 0.8900427778693023, "support": 4000}}, "confusion-matrix": [[2834, 180], [254, 732]]}, "6": {"report": {"False": {"precision": 0.9156471345782357, "recall": 0.9432835820895522, "f1-score": 0.9292599248488809, "support": 3015}, "True": {"precision": 0.8087248322147651, "recall": 0.7340101522842639, "f1-score": 0.7695582756785524, "support": 985}, "accuracy": 0.89175, "macro avg": {"precision": 0.8621859833965004, "recall": 0.8386468671869081, "f1-score": 0.8494091002637166, "support": 4000}, "weighted avg": {"precision": 0.8893175176212311, "recall": 0.89175, "f1-score": 0.8899333937406875, "support": 4000}}, "confusion-matrix": [[2844, 171], [262, 723]]}, "8": {"report": {"False": {"precision": 0.9098360655737705, "recall": 0.9315206445115811, "f1-score": 0.9205506717531929, "support": 2979}, "True": {"precision": 0.7852631578947369, "recall": 0.7306562193927522, "f1-score": 0.7569761542364283, "support": 1021}, "accuracy": 0.88025, "macro avg": {"precision": 0.8475496117342537, "recall": 0.8310884319521666, "f1-score": 0.8387634129948106, "support": 4000}, "weighted avg": {"precision": 0.8780388308886973, "recall": 0.88025, "f1-score": 0.8787982761570388, "support": 4000}}, "confusion-matrix": [[2775, 204], [275, 746]]}, "10": {"report": {"False": {"precision": 0.911412867765923, "recall": 0.9381031613976706, "f1-score": 0.9245654312889472, "support": 3005}, "True": {"precision": 0.794928335170893, "recall": 0.7246231155778895, "f1-score": 0.7581493165089379, "support": 995}, "accuracy": 0.885, "macro avg": {"precision": 0.853170601468408, "recall": 0.83136313848778, "f1-score": 0.8413573738989426, "support": 4000}, "weighted avg": {"precision": 0.8824373402829092, "recall": 0.885, "f1-score": 0.8831694227374198, "support": 4000}}, "confusion-matrix": [[2819, 186], [274, 721]]}, "7": {"report": {"False": {"precision": 0.9148936170212766, "recall": 0.9398117014122394, "f1-score": 0.9271852711892519, "support": 2974}, "True": {"precision": 0.8105820105820106, "recall": 0.746588693957115, "f1-score": 0.7772704211060375, "support": 1026}, "accuracy": 0.89025, "macro avg": {"precision": 0.8627378138016436, "recall": 0.8432001976846772, "f1-score": 0.8522278461476447, "support": 4000}, "weighted avg": {"precision": 0.8881376899696048, "recall": 0.89025, "f1-score": 0.8887321121429074, "support": 4000}}, "confusion-matrix": [[2795, 179], [260, 766]]}, "9": {"report": {"False": {"precision": 0.9219559585492227, "recall": 0.9458471760797342, "f1-score": 0.9337487700885536, "support": 3010}, "True": {"precision": 0.8212719298245614, "recall": 0.7565656565656566, "f1-score": 0.7875920084121978, "support": 990}, "accuracy": 0.899, "macro avg": {"precision": 0.8716139441868921, "recall": 0.8512064163226953, "f1-score": 0.8606703892503758, "support": 4000}, "weighted avg": {"precision": 0.897036661439869, "recall": 0.899, "f1-score": 0.8975749715736555, "support": 4000}}, "confusion-matrix": [[2847, 163], [241, 749]]}}, "overall": {"report": {"False": {"precision": 0.914976097603976, "recall": 0.9394942275616662, "f1-score": 0.9270688761322281, "support": 30000.0}, "True": {"precision": 0.8027252034181618, "recall": 0.7380995813378728, "f1-score": 0.7690186975150046, "support": 10000.0}, "macro avg": {"precision": 0.858850650511069, "recall": 0.8387969044497694, "f1-score": 0.8480437868236163, "support": 40000.0}, "weighted avg": {"precision": 0.8869188311242308, "recall": 0.8891500000000001, "f1-score": 0.887561378717689, "support": 40000.0}, "accuracy": 0.8891500000000001}, "confusion-matrix": [[28185.0, 1815.0], [2619.0, 7381.0]]}}