{"features": "bert-pp", "classifier": "DecisionTreeClassifier", "folds": {"3": {"report": {"False": {"precision": 0.9039169735520589, "recall": 0.9015025041736227, "f1-score": 0.9027081243731193, "support": 2995}, "True": {"precision": 0.7087857847976308, "recall": 0.7144278606965174, "f1-score": 0.7115956392467789, "support": 1005}, "accuracy": 0.8545, "macro avg": {"precision": 0.8063513791748449, "recall": 0.80796518243507, "f1-score": 0.8071518818099491, "support": 4000}, "weighted avg": {"precision": 0.8548902623775089, "recall": 0.8545, "f1-score": 0.8546911124851264, "support": 4000}}, "confusion-matrix": [[2700, 295], [287, 718]]}, "1": {"report": {"False": {"precision": 0.9061456245824984, "recall": 0.90826916638768, "f1-score": 0.9072061528172546, "support": 2987}, "True": {"precision": 0.7276341948310139, "recall": 0.7226061204343535, "f1-score": 0.7251114413075781, "support": 1013}, "accuracy": 0.86125, "macro avg": {"precision": 0.8168899097067561, "recall": 0.8154376434110167, "f1-score": 0.8161587970624163, "support": 4000}, "weighted avg": {"precision": 0.8609376049979349, "recall": 0.86125, "f1-score": 0.861090667127429, "support": 4000}}, "confusion-matrix": [[2713, 274], [281, 732]]}, "4": {"report": {"False": {"precision": 0.9057471264367816, "recall": 0.9156706507304117, "f1-score": 0.9106818557041441, "support": 3012}, "True": {"precision": 0.7340314136125654, "recall": 0.7095141700404858, "f1-score": 0.7215645908389089, "support": 988}, "accuracy": 0.86475, "macro avg": {"precision": 0.8198892700246735, "recall": 0.8125924103854487, "f1-score": 0.8161232232715265, "support": 4000}, "weighted avg": {"precision": 0.8633333453692001, "recall": 0.86475, "f1-score": 0.8639698912824311, "support": 4000}}, "confusion-matrix": [[2758, 254], [287, 701]]}, "6": {"report": {"False": {"precision": 0.9166946590527376, "recall": 0.9051409618573798, "f1-score": 0.9108811748998665, "support": 3015}, "True": {"precision": 0.7204301075268817, "recall": 0.7482233502538072, "f1-score": 0.7340637450199203, "support": 985}, "accuracy": 0.8665, "macro avg": {"precision": 0.8185623832898097, "recall": 0.8266821560555935, "f1-score": 0.8224724599598934, "support": 4000}, "weighted avg": {"precision": 0.8683645132394955, "recall": 0.8665, "f1-score": 0.8673398827919298, "support": 4000}}, "confusion-matrix": [[2729, 286], [248, 737]]}, "10": {"report": {"False": {"precision": 0.9150526673462454, "recall": 0.8961730449251248, "f1-score": 0.9055144586415602, "support": 3005}, "True": {"precision": 0.7048249763481551, "recall": 0.7487437185929648, "f1-score": 0.7261208576998051, "support": 995}, "accuracy": 0.8595, "macro avg": {"precision": 0.8099388218472002, "recall": 0.8224583817590448, "f1-score": 0.8158176581706826, "support": 4000}, "weighted avg": {"precision": 0.8627585292104705, "recall": 0.8595, "f1-score": 0.8608903004072987, "support": 4000}}, "confusion-matrix": [[2693, 312], [250, 745]]}, "7": {"report": {"False": {"precision": 0.9137055837563451, "recall": 0.9078681909885676, "f1-score": 0.9107775341541576, "support": 2974}, "True": {"precision": 0.737799043062201, "recall": 0.7514619883040936, "f1-score": 0.7445678416224046, "support": 1026}, "accuracy": 0.86775, "macro avg": {"precision": 0.825752313409273, "recall": 0.8296650896463307, "f1-score": 0.8276726878882812, "support": 4000}, "weighted avg": {"precision": 0.8685855560682971, "recall": 0.86775, "f1-score": 0.868144748019763, "support": 4000}}, "confusion-matrix": [[2700, 274], [255, 771]]}, "5": {"report": {"False": {"precision": 0.9108552631578948, "recall": 0.9187126741871268, "f1-score": 0.9147670961347869, "support": 3014}, "True": {"precision": 0.7447916666666666, "recall": 0.7251521298174443, "f1-score": 0.7348406988694759, "support": 986}, "accuracy": 0.871, "macro avg": {"precision": 0.8278234649122806, "recall": 0.8219324020022856, "f1-score": 0.8248038975021315, "support": 4000}, "weighted avg": {"precision": 0.8699205866228069, "recall": 0.871, "f1-score": 0.8704152392088877, "support": 4000}}, "confusion-matrix": [[2769, 245], [271, 715]]}, "8": {"report": {"False": {"precision": 0.9122340425531915, "recall": 0.9211144679422625, "f1-score": 0.9166527476198431, "support": 2979}, "True": {"precision": 0.7631048387096774, "recall": 0.7414299706170421, "f1-score": 0.7521112767014405, "support": 1021}, "accuracy": 0.87525, "macro avg": {"precision": 0.8376694406314344, "recall": 0.8312722192796522, "f1-score": 0.8343820121606418, "support": 4000}, "weighted avg": {"precision": 0.8741688132721345, "recall": 0.87525, "f1-score": 0.8746535371679208, "support": 4000}}, "confusion-matrix": [[2744, 235], [264, 757]]}, "2": {"report": {"False": {"precision": 0.9070385126162018, "recall": 0.90794283815221, "f1-score": 0.907490450091347, "support": 3009}, "True": {"precision": 0.7196356275303644, "recall": 0.7174571140262361, "f1-score": 0.718544719555331, "support": 991}, "accuracy": 0.86075, "macro avg": {"precision": 0.8133370700732832, "recall": 0.8126999760892231, "f1-score": 0.813017584823339, "support": 4000}, "weighted avg": {"precision": 0.8606094478361856, "recall": 0.86075, "f1-score": 0.860679145351049, "support": 4000}}, "confusion-matrix": [[2732, 277], [280, 711]]}, "9": {"report": {"False": {"precision": 0.9048868481469334, "recall": 0.9166112956810631, "f1-score": 0.9107113385047038, "support": 3010}, "True": {"precision": 0.7360672975814931, "recall": 0.7070707070707071, "f1-score": 0.7212776919113858, "support": 990}, "accuracy": 0.86475, "macro avg": {"precision": 0.8204770728642132, "recall": 0.8118410013758851, "f1-score": 0.8159945152080448, "support": 4000}, "weighted avg": {"precision": 0.863104009381987, "recall": 0.86475, "f1-score": 0.8638265109728576, "support": 4000}}, "confusion-matrix": [[2759, 251], [290, 700]]}}, "overall": {"report": {"False": {"precision": 0.9096277301200889, "recall": 0.9099005795025448, "f1-score": 0.9097390932940783, "support": 30000.0}, "True": {"precision": 0.729710495066665, "recall": 0.7286087129853651, "f1-score": 0.7289798502773028, "support": 10000.0}, "macro avg": {"precision": 0.8196691125933768, "recall": 0.8192546462439549, "f1-score": 0.8193594717856906, "support": 40000.0}, "weighted avg": {"precision": 0.8646672668376022, "recall": 0.8646, "f1-score": 0.8645701034814692, "support": 40000.0}, "accuracy": 0.8646}, "confusion-matrix": [[27297.0, 2703.0], [2713.0, 7287.0]]}}