{"features": "bert-emot", "classifier": "DecisionTreeClassifier", "folds": {"1": {"report": {"False": {"precision": 0.8634823848238482, "recall": 0.8533645798459993, "f1-score": 0.8583936689678396, "support": 2987}, "True": {"precision": 0.5820610687022901, "recall": 0.6021717670286278, "f1-score": 0.5919456574478409, "support": 1013}, "accuracy": 0.78975, "macro avg": {"precision": 0.7227717267630691, "recall": 0.7277681734373136, "f1-score": 0.7251696632078403, "support": 4000}, "weighted avg": {"precision": 0.7922124365160637, "recall": 0.78975, "f1-score": 0.7909157100504, "support": 4000}}, "confusion-matrix": [[2549, 438], [403, 610]]}, "2": {"report": {"False": {"precision": 0.8508508508508509, "recall": 0.847457627118644, "f1-score": 0.849150849150849, "support": 3009}, "True": {"precision": 0.5423728813559322, "recall": 0.5489404641775983, "f1-score": 0.5456369107321966, "support": 991}, "accuracy": 0.7735, "macro avg": {"precision": 0.6966118661033915, "recall": 0.6981990456481212, "f1-score": 0.6973938799415228, "support": 4000}, "weighted avg": {"precision": 0.7744254339084848, "recall": 0.7735, "f1-score": 0.773955270907628, "support": 4000}}, "confusion-matrix": [[2550, 459], [447, 544]]}, "3": {"report": {"False": {"precision": 0.8525179856115108, "recall": 0.8704507512520868, "f1-score": 0.861391045762432, "support": 2995}, "True": {"precision": 0.5881104033970276, "recall": 0.5512437810945273, "f1-score": 0.569080636877247, "support": 1005}, "accuracy": 0.79025, "macro avg": {"precision": 0.7203141945042693, "recall": 0.7108472661733071, "f1-score": 0.7152358413198394, "support": 4000}, "weighted avg": {"precision": 0.7860855805801219, "recall": 0.79025, "f1-score": 0.7879480555300292, "support": 4000}}, "confusion-matrix": [[2607, 388], [451, 554]]}, "4": {"report": {"False": {"precision": 0.8614762386248737, "recall": 0.848605577689243, "f1-score": 0.8549924736578024, "support": 3012}, "True": {"precision": 0.558567279767667, "recall": 0.5840080971659919, "f1-score": 0.5710044532409698, "support": 988}, "accuracy": 0.78325, "macro avg": {"precision": 0.7100217591962703, "recall": 0.7163068374276175, "f1-score": 0.7129984634493861, "support": 4000}, "weighted avg": {"precision": 0.7866577257871435, "recall": 0.78325, "f1-score": 0.7848474326148448, "support": 4000}}, "confusion-matrix": [[2556, 456], [411, 577]]}, "10": {"report": {"False": {"precision": 0.8516794146990356, "recall": 0.8522462562396007, "f1-score": 0.8519627411842982, "support": 3005}, "True": {"precision": 0.552870090634441, "recall": 0.5517587939698493, "f1-score": 0.5523138832997988, "support": 995}, "accuracy": 0.7775, "macro avg": {"precision": 0.7022747526667383, "recall": 0.702002525104725, "f1-score": 0.7021383122420485, "support": 4000}, "weighted avg": {"precision": 0.7773505953379677, "recall": 0.7775, "f1-score": 0.7774250877855289, "support": 4000}}, "confusion-matrix": [[2561, 444], [446, 549]]}, "7": {"report": {"False": {"precision": 0.8521739130434782, "recall": 0.8567585743106927, "f1-score": 0.8544600938967135, "support": 2974}, "True": {"precision": 0.5782178217821782, "recall": 0.5692007797270955, "f1-score": 0.5736738703339882, "support": 1026}, "accuracy": 0.783, "macro avg": {"precision": 0.7151958674128283, "recall": 0.7129796770188941, "f1-score": 0.7140669821153509, "support": 4000}, "weighted avg": {"precision": 0.7819041756349547, "recall": 0.783, "f1-score": 0.7824384275528745, "support": 4000}}, "confusion-matrix": [[2548, 426], [442, 584]]}, "6": {"report": {"False": {"precision": 0.8642016806722689, "recall": 0.8527363184079602, "f1-score": 0.8584307178631052, "support": 3015}, "True": {"precision": 0.5668292682926829, "recall": 0.5898477157360406, "f1-score": 0.5781094527363183, "support": 985}, "accuracy": 0.788, "macro avg": {"precision": 0.7155154744824759, "recall": 0.7212920170720003, "f1-score": 0.7182700852997117, "support": 4000}, "weighted avg": {"precision": 0.7909737241237959, "recall": 0.788, "f1-score": 0.789401606325634, "support": 4000}}, "confusion-matrix": [[2571, 444], [404, 581]]}, "5": {"report": {"False": {"precision": 0.8628362670209233, "recall": 0.8619774386197744, "f1-score": 0.8624066390041495, "support": 3014}, "True": {"precision": 0.5793731041456016, "recall": 0.5811359026369168, "f1-score": 0.5802531645569621, "support": 986}, "accuracy": 0.79275, "macro avg": {"precision": 0.7211046855832625, "recall": 0.7215566706283456, "f1-score": 0.7213299017805558, "support": 4000}, "weighted avg": {"precision": 0.7929625973721566, "recall": 0.79275, "f1-score": 0.7928558075529178, "support": 4000}}, "confusion-matrix": [[2598, 416], [413, 573]]}, "9": {"report": {"False": {"precision": 0.8612774451097804, "recall": 0.8601328903654485, "f1-score": 0.8607047872340425, "support": 3010}, "True": {"precision": 0.5764587525150905, "recall": 0.5787878787878787, "f1-score": 0.5776209677419354, "support": 990}, "accuracy": 0.7905, "macro avg": {"precision": 0.7188680988124354, "recall": 0.7194603845766636, "f1-score": 0.719162877487989, "support": 4000}, "weighted avg": {"precision": 0.7907848186925946, "recall": 0.7905, "f1-score": 0.790641541909746, "support": 4000}}, "confusion-matrix": [[2589, 421], [417, 573]]}, "8": {"report": {"False": {"precision": 0.8521478521478522, "recall": 0.8590130916414904, "f1-score": 0.8555667001003008, "support": 2979}, "True": {"precision": 0.5787362086258776, "recall": 0.56513222331048, "f1-score": 0.5718533201189295, "support": 1021}, "accuracy": 0.784, "macro avg": {"precision": 0.7154420303868649, "recall": 0.7120726574759852, "f1-score": 0.7137100101096152, "support": 4000}, "weighted avg": {"precision": 0.7823595301388682, "recall": 0.784, "f1-score": 0.7831488598600559, "support": 4000}}, "confusion-matrix": [[2559, 420], [444, 577]]}}, "overall": {"report": {"False": {"precision": 0.8572644032604423, "recall": 0.856274310549094, "f1-score": 0.8567459716821533, "support": 30000.0}, "True": {"precision": 0.5703596879218789, "recall": 0.5722227403635005, "f1-score": 0.5711492317086186, "support": 10000.0}, "macro avg": {"precision": 0.7138120455911605, "recall": 0.7142485254562974, "f1-score": 0.713947601695386, "support": 40000.0}, "weighted avg": {"precision": 0.7855716618092152, "recall": 0.78525, "f1-score": 0.7853577800089659, "support": 40000.0}, "accuracy": 0.78525}, "confusion-matrix": [[25688.0, 4312.0], [4278.0, 5722.0]]}}