{"features": "bert-pp-emot", "classifier": "SVC", "folds": {"2": {"report": {"False": {"precision": 0.9358515141647672, "recall": 0.9551345962113659, "f1-score": 0.9453947368421054, "support": 3009}, "True": {"precision": 0.8546824542518837, "recall": 0.8012108980827447, "f1-score": 0.8270833333333334, "support": 991}, "accuracy": 0.917, "macro avg": {"precision": 0.8952669842083254, "recall": 0.8781727471470553, "f1-score": 0.8862390350877194, "support": 4000}, "weighted avg": {"precision": 0.9157418795713503, "recall": 0.917, "f1-score": 0.916083086622807, "support": 4000}}, "confusion-matrix": [[2874, 135], [197, 794]]}, "1": {"report": {"False": {"precision": 0.9418181818181818, "recall": 0.9537997991295615, "f1-score": 0.9477711244178311, "support": 2987}, "True": {"precision": 0.8584615384615385, "recall": 0.8262586377097729, "f1-score": 0.8420523138832998, "support": 1013}, "accuracy": 0.9215, "macro avg": {"precision": 0.9001398601398601, "recall": 0.8900292184196672, "f1-score": 0.8949117191505654, "support": 4000}, "weighted avg": {"precision": 0.9207081118881119, "recall": 0.9215, "f1-score": 0.920997835649961, "support": 4000}}, "confusion-matrix": [[2849, 138], [176, 837]]}, "3": {"report": {"False": {"precision": 0.9374389051808406, "recall": 0.9606010016694491, "f1-score": 0.9488786279683376, "support": 2995}, "True": {"precision": 0.8732545649838883, "recall": 0.808955223880597, "f1-score": 0.8398760330578512, "support": 1005}, "accuracy": 0.9225, "macro avg": {"precision": 0.9053467350823645, "recall": 0.884778112775023, "f1-score": 0.8943773305130944, "support": 4000}, "weighted avg": {"precision": 0.9213125897063563, "recall": 0.9225, "f1-score": 0.9214917259970778, "support": 4000}}, "confusion-matrix": [[2877, 118], [192, 813]]}, "6": {"report": {"False": {"precision": 0.9431743958197256, "recall": 0.9578772802653399, "f1-score": 0.9504689814052987, "support": 3015}, "True": {"precision": 0.8646055437100213, "recall": 0.8233502538071066, "f1-score": 0.843473738949558, "support": 985}, "accuracy": 0.92475, "macro avg": {"precision": 0.9038899697648735, "recall": 0.8906137670362233, "f1-score": 0.8969713601774283, "support": 4000}, "weighted avg": {"precision": 0.9238268159877109, "recall": 0.92475, "f1-score": 0.9241214029505725, "support": 4000}}, "confusion-matrix": [[2888, 127], [174, 811]]}, "10": {"report": {"False": {"precision": 0.9455984174085065, "recall": 0.9544093178036606, "f1-score": 0.9499834382245776, "support": 3005}, "True": {"precision": 0.8583247156153051, "recall": 0.8341708542713567, "f1-score": 0.8460754332313964, "support": 995}, "accuracy": 0.9245, "macro avg": {"precision": 0.9019615665119058, "recall": 0.8942900860375087, "f1-score": 0.898029435727987, "support": 4000}, "weighted avg": {"precision": 0.9238890840874476, "recall": 0.9245, "f1-score": 0.9241363219825239, "support": 4000}}, "confusion-matrix": [[2868, 137], [165, 830]]}, "4": {"report": {"False": {"precision": 0.9441707717569786, "recall": 0.954515272244356, "f1-score": 0.949314842331187, "support": 3012}, "True": {"precision": 0.856544502617801, "recall": 0.8279352226720648, "f1-score": 0.8419969119917653, "support": 988}, "accuracy": 0.92325, "macro avg": {"precision": 0.9003576371873898, "recall": 0.8912252474582103, "f1-score": 0.8956558771614762, "support": 4000}, "weighted avg": {"precision": 0.9225270832796016, "recall": 0.92325, "f1-score": 0.9228073135373498, "support": 4000}}, "confusion-matrix": [[2875, 137], [170, 818]]}, "8": {"report": {"False": {"precision": 0.9413702239789197, "recall": 0.9593823430681436, "f1-score": 0.9502909393183707, "support": 2979}, "True": {"precision": 0.8744813278008299, "recall": 0.8256611165523996, "f1-score": 0.8493702770780857, "support": 1021}, "accuracy": 0.92525, "macro avg": {"precision": 0.9079257758898748, "recall": 0.8925217298102717, "f1-score": 0.8998306081982281, "support": 4000}, "weighted avg": {"precision": 0.9242968332294622, "recall": 0.92525, "f1-score": 0.9245309402815379, "support": 4000}}, "confusion-matrix": [[2858, 121], [178, 843]]}, "9": {"report": {"False": {"precision": 0.9427456083279115, "recall": 0.9627906976744186, "f1-score": 0.952662721893491, "support": 3010}, "True": {"precision": 0.8790496760259179, "recall": 0.8222222222222222, "f1-score": 0.8496868475991649, "support": 990}, "accuracy": 0.928, "macro avg": {"precision": 0.9108976421769147, "recall": 0.8925064599483203, "f1-score": 0.901174784746328, "support": 4000}, "weighted avg": {"precision": 0.926980865083168, "recall": 0.928, "f1-score": 0.9271761930056452, "support": 4000}}, "confusion-matrix": [[2898, 112], [176, 814]]}, "5": {"report": {"False": {"precision": 0.9434768320736115, "recall": 0.9525547445255474, "f1-score": 0.9479940564635959, "support": 3014}, "True": {"precision": 0.8505747126436781, "recall": 0.8255578093306288, "f1-score": 0.8378795676788472, "support": 986}, "accuracy": 0.92125, "macro avg": {"precision": 0.8970257723586448, "recall": 0.8890562769280881, "f1-score": 0.8929368120712216, "support": 4000}, "weighted avg": {"precision": 0.9205764596341329, "recall": 0.92125, "f1-score": 0.9208508349781553, "support": 4000}}, "confusion-matrix": [[2871, 143], [172, 814]]}, "7": {"report": {"False": {"precision": 0.9407480966567362, "recall": 0.9556153328850033, "f1-score": 0.9481234361968307, "support": 2974}, "True": {"precision": 0.8651685393258427, "recall": 0.8255360623781677, "f1-score": 0.8448877805486285, "support": 1026}, "accuracy": 0.92225, "macro avg": {"precision": 0.9029583179912894, "recall": 0.8905756976315855, "f1-score": 0.8965056083727296, "support": 4000}, "weighted avg": {"precision": 0.921361940201362, "recall": 0.92225, "f1-score": 0.9216434905230669, "support": 4000}}, "confusion-matrix": [[2842, 132], [179, 847]]}}, "overall": {"report": {"False": {"precision": 0.9416392947186181, "recall": 0.9566680385476845, "f1-score": 0.9490882905061625, "support": 30000.0}, "True": {"precision": 0.8635147575436706, "recall": 0.8220858300907061, "f1-score": 0.8422382237351931, "support": 10000.0}, "macro avg": {"precision": 0.9025770261311445, "recall": 0.8893769343191952, "f1-score": 0.8956632571206777, "support": 40000.0}, "weighted avg": {"precision": 0.9221221662668702, "recall": 0.923025, "f1-score": 0.9223839145528698, "support": 40000.0}, "accuracy": 0.923025}, "confusion-matrix": [[28700.0, 1300.0], [1779.0, 8221.0]]}}