{"features": "bow", "classifier": "SVC", "folds": {"8": {"report": {"False": {"precision": 0.886252843678908, "recall": 0.9154078549848943, "f1-score": 0.9005944517833553, "support": 2979}, "True": {"precision": 0.7269772481040087, "recall": 0.6571988246816847, "f1-score": 0.690329218106996, "support": 1021}, "accuracy": 0.8495, "macro avg": {"precision": 0.8066150458914583, "recall": 0.7863033398332895, "f1-score": 0.7954618349451756, "support": 4000}, "weighted avg": {"precision": 0.8455977479084149, "recall": 0.8495, "f1-score": 0.8469242508874645, "support": 4000}}, "confusion-matrix": [[2727, 252], [350, 671]]}, "3": {"report": {"False": {"precision": 0.8836538461538461, "recall": 0.920534223706177, "f1-score": 0.9017170891251023, "support": 2995}, "True": {"precision": 0.7295454545454545, "recall": 0.6388059701492538, "f1-score": 0.6811671087533157, "support": 1005}, "accuracy": 0.84975, "macro avg": {"precision": 0.8065996503496503, "recall": 0.7796700969277154, "f1-score": 0.791442098939209, "support": 4000}, "weighted avg": {"precision": 0.8449341127622376, "recall": 0.84975, "f1-score": 0.8463039065566909, "support": 4000}}, "confusion-matrix": [[2757, 238], [363, 642]]}, "2": {"report": {"False": {"precision": 0.8822966507177034, "recall": 0.9192422731804586, "f1-score": 0.900390625, "support": 3009}, "True": {"precision": 0.7190751445086705, "recall": 0.627648839556004, "f1-score": 0.6702586206896551, "support": 991}, "accuracy": 0.847, "macro avg": {"precision": 0.800685897613187, "recall": 0.7734455563682313, "f1-score": 0.7853246228448276, "support": 4000}, "weighted avg": {"precision": 0.8418585225544155, "recall": 0.847, "f1-score": 0.843375420932112, "support": 4000}}, "confusion-matrix": [[2766, 243], [369, 622]]}, "7": {"report": {"False": {"precision": 0.8760806916426513, "recall": 0.9199731002017485, "f1-score": 0.8974905691323601, "support": 2974}, "True": {"precision": 0.7286202964652223, "recall": 0.6228070175438597, "f1-score": 0.6715712033631109, "support": 1026}, "accuracy": 0.84375, "macro avg": {"precision": 0.8023504940539368, "recall": 0.7713900588728041, "f1-score": 0.7845308862477356, "support": 4000}, "weighted avg": {"precision": 0.8382571002796407, "recall": 0.84375, "f1-score": 0.8395422518125477, "support": 4000}}, "confusion-matrix": [[2736, 238], [387, 639]]}, "5": {"report": {"False": {"precision": 0.8843559267587536, "recall": 0.9134041141340411, "f1-score": 0.8986453402970459, "support": 3014}, "True": {"precision": 0.705749718151071, "recall": 0.6348884381338742, "f1-score": 0.6684463427656167, "support": 986}, "accuracy": 0.84475, "macro avg": {"precision": 0.7950528224549123, "recall": 0.7741462761339577, "f1-score": 0.7835458415313312, "support": 4000}, "weighted avg": {"precision": 0.8403294963369599, "recall": 0.84475, "f1-score": 0.8419012874055486, "support": 4000}}, "confusion-matrix": [[2753, 261], [360, 626]]}, "6": {"report": {"False": {"precision": 0.880328386485633, "recall": 0.9247097844112769, "f1-score": 0.9019734713684892, "support": 3015}, "True": {"precision": 0.7274909963985594, "recall": 0.6152284263959391, "f1-score": 0.6666666666666667, "support": 985}, "accuracy": 0.8485, "macro avg": {"precision": 0.8039096914420962, "recall": 0.769969105403608, "f1-score": 0.784320069017578, "support": 4000}, "weighted avg": {"precision": 0.842692179176691, "recall": 0.8485, "f1-score": 0.8440291707106653, "support": 4000}}, "confusion-matrix": [[2788, 227], [379, 606]]}, "1": {"report": {"False": {"precision": 0.8859082094376212, "recall": 0.9176431201874791, "f1-score": 0.901496464397303, "support": 2987}, "True": {"precision": 0.7284768211920529, "recall": 0.6515301085883515, "f1-score": 0.6878582595101614, "support": 1013}, "accuracy": 0.85025, "macro avg": {"precision": 0.807192515314837, "recall": 0.7845866143879152, "f1-score": 0.7946773619537322, "support": 4000}, "weighted avg": {"precision": 0.8460387103644309, "recall": 0.85025, "f1-score": 0.8473925890096343, "support": 4000}}, "confusion-matrix": [[2741, 246], [353, 660]]}, "4": {"report": {"False": {"precision": 0.8891352549889135, "recall": 0.9319389110225763, "f1-score": 0.91003404117361, "support": 3012}, "True": {"precision": 0.7568208778173191, "recall": 0.645748987854251, "f1-score": 0.6968869470234845, "support": 988}, "accuracy": 0.86125, "macro avg": {"precision": 0.8229780664031163, "recall": 0.7888439494384136, "f1-score": 0.8034604940985473, "support": 4000}, "weighted avg": {"precision": 0.8564536038275297, "recall": 0.86125, "f1-score": 0.8573867089185291, "support": 4000}}, "confusion-matrix": [[2807, 205], [350, 638]]}, "10": {"report": {"False": {"precision": 0.8832163369495852, "recall": 0.9211314475873544, "f1-score": 0.9017755334745072, "support": 3005}, "True": {"precision": 0.7263279445727483, "recall": 0.6321608040201006, "f1-score": 0.6759806555615261, "support": 995}, "accuracy": 0.84925, "macro avg": {"precision": 0.8047721407611668, "recall": 0.7766461258037275, "f1-score": 0.7888780945180167, "support": 4000}, "weighted avg": {"precision": 0.844190349345847, "recall": 0.84925, "f1-score": 0.8456090575936532, "support": 4000}}, "confusion-matrix": [[2768, 237], [366, 629]]}, "9": {"report": {"False": {"precision": 0.8824456350456981, "recall": 0.9302325581395349, "f1-score": 0.905709202652434, "support": 3010}, "True": {"precision": 0.7460701330108828, "recall": 0.6232323232323232, "f1-score": 0.6791414419372592, "support": 990}, "accuracy": 0.85425, "macro avg": {"precision": 0.8142578840282904, "recall": 0.7767324406859291, "f1-score": 0.7924253222948466, "support": 4000}, "weighted avg": {"precision": 0.8486926982920813, "recall": 0.85425, "f1-score": 0.8496336818754282, "support": 4000}}, "confusion-matrix": [[2800, 210], [373, 617]]}}, "overall": {"report": {"False": {"precision": 0.8833673781859315, "recall": 0.9214217387555541, "f1-score": 0.9019826788404208, "support": 30000.0}, "True": {"precision": 0.729515463476599, "recall": 0.6349249740155641, "f1-score": 0.6788306464377791, "support": 10000.0}, "macro avg": {"precision": 0.8064414208312651, "recall": 0.7781733563855593, "f1-score": 0.7904066626391, "support": 40000.0}, "weighted avg": {"precision": 0.8449044520848247, "recall": 0.849825, "f1-score": 0.8462098325702273, "support": 40000.0}, "accuracy": 0.849825}, "confusion-matrix": [[27643.0, 2357.0], [3650.0, 6350.0]]}}