{"features": "bow", "classifier": "MultinomialNB", "folds": {"1": {"report": {"False": {"precision": 0.8973577235772358, "recall": 0.8868429862738534, "f1-score": 0.8920693719481394, "support": 2987}, "True": {"precision": 0.6774809160305344, "recall": 0.700888450148075, "f1-score": 0.6889859291606016, "support": 1013}, "accuracy": 0.83975, "macro avg": {"precision": 0.787419319803885, "recall": 0.7938657182109642, "f1-score": 0.7905276505543706, "support": 4000}, "weighted avg": {"precision": 0.8416739220660335, "recall": 0.83975, "f1-score": 0.8406384900621954, "support": 4000}}, "confusion-matrix": [[2649, 338], [303, 710]]}, "2": {"report": {"False": {"precision": 0.8998655913978495, "recall": 0.8899966766367564, "f1-score": 0.894903926482874, "support": 3009}, "True": {"precision": 0.6767578125, "recall": 0.6992936427850656, "f1-score": 0.6878411910669975, "support": 991}, "accuracy": 0.84275, "macro avg": {"precision": 0.7883117019489247, "recall": 0.794645159710911, "f1-score": 0.7913725587749357, "support": 4000}, "weighted avg": {"precision": 0.8445906391759073, "recall": 0.84275, "f1-score": 0.8436041337835906, "support": 4000}}, "confusion-matrix": [[2678, 331], [298, 693]]}, "3": {"report": {"False": {"precision": 0.8962765957446809, "recall": 0.9001669449081803, "f1-score": 0.8982175578877228, "support": 2995}, "True": {"precision": 0.6985887096774194, "recall": 0.6895522388059702, "f1-score": 0.6940410615923887, "support": 1005}, "accuracy": 0.84725, "macro avg": {"precision": 0.7974326527110501, "recall": 0.7948595918570752, "f1-score": 0.7961293097400557, "support": 4000}, "weighted avg": {"precision": 0.8466075143702814, "recall": 0.84725, "f1-score": 0.8469182131935201, "support": 4000}}, "confusion-matrix": [[2696, 299], [312, 693]]}, "4": {"report": {"False": {"precision": 0.9, "recall": 0.9053784860557769, "f1-score": 0.9026812313803376, "support": 3012}, "True": {"precision": 0.7061855670103093, "recall": 0.6933198380566802, "f1-score": 0.6996935648621042, "support": 988}, "accuracy": 0.853, "macro avg": {"precision": 0.8030927835051547, "recall": 0.7993491620562285, "f1-score": 0.801187398121221, "support": 4000}, "weighted avg": {"precision": 0.8521278350515464, "recall": 0.853, "f1-score": 0.852543277750334, "support": 4000}}, "confusion-matrix": [[2727, 285], [303, 685]]}, "5": {"report": {"False": {"precision": 0.9047940580688724, "recall": 0.8891838088918381, "f1-score": 0.8969210174029452, "support": 3014}, "True": {"precision": 0.6782273603082851, "recall": 0.7139959432048681, "f1-score": 0.6956521739130435, "support": 986}, "accuracy": 0.846, "macro avg": {"precision": 0.7915107091885787, "recall": 0.8015898760483531, "f1-score": 0.7962865956579943, "support": 4000}, "weighted avg": {"precision": 0.8489453670708876, "recall": 0.846, "f1-score": 0.8473082474826845, "support": 4000}}, "confusion-matrix": [[2680, 334], [282, 704]]}, "6": {"report": {"False": {"precision": 0.90278699402787, "recall": 0.9024875621890547, "f1-score": 0.9026372532758333, "support": 3015}, "True": {"precision": 0.7018255578093306, "recall": 0.7025380710659899, "f1-score": 0.7021816336884831, "support": 985}, "accuracy": 0.85325, "macro avg": {"precision": 0.8023062759186004, "recall": 0.8025128166275223, "f1-score": 0.8024094434821583, "support": 4000}, "weighted avg": {"precision": 0.8533002403590547, "recall": 0.85325, "f1-score": 0.8532750569524484, "support": 4000}}, "confusion-matrix": [[2721, 294], [293, 692]]}, "7": {"report": {"False": {"precision": 0.895497311827957, "recall": 0.8960995292535306, "f1-score": 0.8957983193277311, "support": 2974}, "True": {"precision": 0.6982421875, "recall": 0.6968810916179338, "f1-score": 0.6975609756097562, "support": 1026}, "accuracy": 0.845, "macro avg": {"precision": 0.7968697496639785, "recall": 0.7964903104357322, "f1-score": 0.7966796474687436, "support": 4000}, "weighted avg": {"precision": 0.844901372437836, "recall": 0.845, "f1-score": 0.8449504406640705, "support": 4000}}, "confusion-matrix": [[2665, 309], [311, 715]]}, "8": {"report": {"False": {"precision": 0.9002043596730245, "recall": 0.8872104733131924, "f1-score": 0.8936601859678782, "support": 2979}, "True": {"precision": 0.6842105263157895, "recall": 0.713026444662096, "f1-score": 0.6983213429256594, "support": 1021}, "accuracy": 0.84275, "macro avg": {"precision": 0.792207442994407, "recall": 0.8001184589876442, "f1-score": 0.7959907644467688, "support": 4000}, "weighted avg": {"precision": 0.8450719337085902, "recall": 0.84275, "f1-score": 0.8437999462813518, "support": 4000}}, "confusion-matrix": [[2643, 336], [293, 728]]}, "9": {"report": {"False": {"precision": 0.8978512396694215, "recall": 0.9023255813953488, "f1-score": 0.9000828500414249, "support": 3010}, "True": {"precision": 0.6984615384615385, "recall": 0.6878787878787879, "f1-score": 0.6931297709923664, "support": 990}, "accuracy": 0.84925, "macro avg": {"precision": 0.7981563890654799, "recall": 0.7951021846370683, "f1-score": 0.7966063105168957, "support": 4000}, "weighted avg": {"precision": 0.8485022886204704, "recall": 0.84925, "f1-score": 0.8488619629767828, "support": 4000}}, "confusion-matrix": [[2716, 294], [309, 681]]}, "10": {"report": {"False": {"precision": 0.9021190716448032, "recall": 0.8925124792013311, "f1-score": 0.8972900635664102, "support": 3005}, "True": {"precision": 0.685491723466407, "recall": 0.7075376884422111, "f1-score": 0.6963402571711177, "support": 995}, "accuracy": 0.8465, "macro avg": {"precision": 0.7938053975556051, "recall": 0.8000250838217711, "f1-score": 0.7968151603687639, "support": 4000}, "weighted avg": {"precision": 0.8482330187854271, "recall": 0.8465, "f1-score": 0.8473037992255811, "support": 4000}}, "confusion-matrix": [[2682, 323], [291, 704]]}}, "overall": {"report": {"False": {"precision": 0.8996752945631714, "recall": 0.8952204528118862, "f1-score": 0.8974261777281297, "support": 30000.0}, "True": {"precision": 0.6905471899079614, "recall": 0.7004912196667676, "f1-score": 0.6953747900982518, "support": 10000.0}, "macro avg": {"precision": 0.7951112422355664, "recall": 0.7978558362393271, "f1-score": 0.7964004839131908, "support": 40000.0}, "weighted avg": {"precision": 0.8473954131646035, "recall": 0.84655, "f1-score": 0.846920356837256, "support": 40000.0}, "accuracy": 0.84655}, "confusion-matrix": [[26857.0, 3143.0], [2995.0, 7005.0]]}}