{"features": "bow-pp", "classifier": "SVC", "folds": {"1": {"report": {"False": {"precision": 0.9460359760159893, "recall": 0.9507867425510546, "f1-score": 0.9484054099181833, "support": 2987}, "True": {"precision": 0.8527054108216433, "recall": 0.8400789733464955, "f1-score": 0.8463451019393338, "support": 1013}, "accuracy": 0.92275, "macro avg": {"precision": 0.8993706934188164, "recall": 0.895432857948775, "f1-score": 0.8973752559287586, "support": 4000}, "weighted avg": {"precision": 0.9224000103805212, "recall": 0.92275, "f1-score": 0.9225586369225397, "support": 4000}}, "confusion-matrix": [[2840, 147], [162, 851]]}, "5": {"report": {"False": {"precision": 0.9455625206202574, "recall": 0.9508958195089582, "f1-score": 0.948221670802316, "support": 3014}, "True": {"precision": 0.847265221878225, "recall": 0.8326572008113591, "f1-score": 0.8398976982097186, "support": 986}, "accuracy": 0.92175, "macro avg": {"precision": 0.8964138712492411, "recall": 0.8917765101601587, "f1-score": 0.8940596845060174, "support": 4000}, "weighted avg": {"precision": 0.9213322364803465, "recall": 0.92175, "f1-score": 0.9215198115582408, "support": 4000}}, "confusion-matrix": [[2866, 148], [165, 821]]}, "6": {"report": {"False": {"precision": 0.9483212639894667, "recall": 0.9555555555555556, "f1-score": 0.9519246654551461, "support": 3015}, "True": {"precision": 0.8607068607068608, "recall": 0.8406091370558376, "f1-score": 0.8505392912172574, "support": 985}, "accuracy": 0.92725, "macro avg": {"precision": 0.9045140623481638, "recall": 0.8980823463056966, "f1-score": 0.9012319783362017, "support": 4000}, "weighted avg": {"precision": 0.926746217181125, "recall": 0.92725, "f1-score": 0.9269585170490661, "support": 4000}}, "confusion-matrix": [[2881, 134], [157, 828]]}, "3": {"report": {"False": {"precision": 0.9412347309343018, "recall": 0.9519198664440734, "f1-score": 0.946547144754316, "support": 2995}, "True": {"precision": 0.8516992790937178, "recall": 0.8228855721393035, "f1-score": 0.8370445344129553, "support": 1005}, "accuracy": 0.9195, "macro avg": {"precision": 0.8964670050140098, "recall": 0.8874027192916885, "f1-score": 0.8917958395836356, "support": 4000}, "weighted avg": {"precision": 0.9187389486593549, "recall": 0.9195, "f1-score": 0.9190346139060491, "support": 4000}}, "confusion-matrix": [[2851, 144], [178, 827]]}, "2": {"report": {"False": {"precision": 0.9445544554455445, "recall": 0.9511465603190429, "f1-score": 0.947839046199702, "support": 3009}, "True": {"precision": 0.8484536082474227, "recall": 0.8304742684157417, "f1-score": 0.8393676695563489, "support": 991}, "accuracy": 0.92125, "macro avg": {"precision": 0.8965040318464836, "recall": 0.8908104143673923, "f1-score": 0.8936033578780255, "support": 4000}, "weighted avg": {"precision": 0.9207454705522099, "recall": 0.92125, "f1-score": 0.9209652626363113, "support": 4000}}, "confusion-matrix": [[2862, 147], [168, 823]]}, "7": {"report": {"False": {"precision": 0.9460455764075067, "recall": 0.949226630800269, "f1-score": 0.947633434038268, "support": 2974}, "True": {"precision": 0.8513779527559056, "recall": 0.8430799220272904, "f1-score": 0.8472086190009794, "support": 1026}, "accuracy": 0.922, "macro avg": {"precision": 0.8987117645817062, "recall": 0.8961532764137797, "f1-score": 0.8974210265196237, "support": 4000}, "weighted avg": {"precision": 0.921763330940871, "recall": 0.922, "f1-score": 0.9218744689812034, "support": 4000}}, "confusion-matrix": [[2823, 151], [161, 865]]}, "4": {"report": {"False": {"precision": 0.9437032216075496, "recall": 0.9628154050464808, "f1-score": 0.9531635168447001, "support": 3012}, "True": {"precision": 0.8791801510248112, "recall": 0.8248987854251012, "f1-score": 0.8511749347258486, "support": 988}, "accuracy": 0.92875, "macro avg": {"precision": 0.9114416863161804, "recall": 0.8938570952357909, "f1-score": 0.9021692257852744, "support": 4000}, "weighted avg": {"precision": 0.9277660231736132, "recall": 0.92875, "f1-score": 0.9279723370613437, "support": 4000}}, "confusion-matrix": [[2900, 112], [173, 815]]}, "9": {"report": {"False": {"precision": 0.9461488250652742, "recall": 0.9631229235880399, "f1-score": 0.9545604214685546, "support": 3010}, "True": {"precision": 0.8814102564102564, "recall": 0.8333333333333334, "f1-score": 0.8566978193146417, "support": 990}, "accuracy": 0.931, "macro avg": {"precision": 0.9137795407377654, "recall": 0.8982281284606866, "f1-score": 0.9056291203915982, "support": 4000}, "weighted avg": {"precision": 0.9301260293231572, "recall": 0.931, "f1-score": 0.9303394274354612, "support": 4000}}, "confusion-matrix": [[2899, 111], [165, 825]]}, "8": {"report": {"False": {"precision": 0.9449054098904746, "recall": 0.9556898288016112, "f1-score": 0.9502670226969292, "support": 2979}, "True": {"precision": 0.8662613981762918, "recall": 0.8374142997061704, "f1-score": 0.8515936254980081, "support": 1021}, "accuracy": 0.9255, "macro avg": {"precision": 0.9055834040333832, "recall": 0.8965520642538909, "f1-score": 0.9009303240974686, "support": 4000}, "weighted avg": {"precision": 0.9248315259004294, "recall": 0.9255, "f1-score": 0.9250806380619047, "support": 4000}}, "confusion-matrix": [[2847, 132], [166, 855]]}, "10": {"report": {"False": {"precision": 0.943204202232436, "recall": 0.9560732113144759, "f1-score": 0.9495951082465708, "support": 3005}, "True": {"precision": 0.8616352201257862, "recall": 0.8261306532663316, "f1-score": 0.8435094920472036, "support": 995}, "accuracy": 0.92375, "macro avg": {"precision": 0.902419711179111, "recall": 0.8911019322904037, "f1-score": 0.8965523001468871, "support": 4000}, "weighted avg": {"precision": 0.9229139179334067, "recall": 0.92375, "f1-score": 0.9232063112169782, "support": 4000}}, "confusion-matrix": [[2873, 132], [173, 822]]}}, "overall": {"report": {"False": {"precision": 0.9449716182208802, "recall": 0.954723254392956, "f1-score": 0.9498157440424686, "support": 30000.0}, "True": {"precision": 0.860069535924092, "recall": 0.8331562145526963, "f1-score": 0.8463378785922295, "support": 10000.0}, "macro avg": {"precision": 0.902520577072486, "recall": 0.8939397344728264, "f1-score": 0.898076811317349, "support": 40000.0}, "weighted avg": {"precision": 0.9237363710525036, "recall": 0.9243500000000001, "f1-score": 0.9239510024829098, "support": 40000.0}, "accuracy": 0.9243500000000001}, "confusion-matrix": [[28642.0, 1358.0], [1668.0, 8332.0]]}}