{"features": "bow-emot", "classifier": "SVC", "folds": {"9": {"report": {"False": {"precision": 0.8908629441624365, "recall": 0.932890365448505, "f1-score": 0.9113924050632911, "support": 3010}, "True": {"precision": 0.7617924528301887, "recall": 0.6525252525252525, "f1-score": 0.7029379760609358, "support": 990}, "accuracy": 0.8635, "macro avg": {"precision": 0.8263276984963126, "recall": 0.7927078089868788, "f1-score": 0.8071651905621134, "support": 4000}, "weighted avg": {"precision": 0.8589179975577051, "recall": 0.8635, "f1-score": 0.8597999338852081, "support": 4000}}, "confusion-matrix": [[2808, 202], [344, 646]]}, "7": {"report": {"False": {"precision": 0.8785046728971962, "recall": 0.9166106254203094, "f1-score": 0.8971532005923976, "support": 2974}, "True": {"precision": 0.7235228539576366, "recall": 0.6325536062378168, "f1-score": 0.6749869994799792, "support": 1026}, "accuracy": 0.84375, "macro avg": {"precision": 0.8010137634274164, "recall": 0.7745821158290631, "f1-score": 0.7860701000361884, "support": 4000}, "weighted avg": {"precision": 0.8387518363391991, "recall": 0.84375, "f1-score": 0.8401675700070622, "support": 4000}}, "confusion-matrix": [[2726, 248], [377, 649]]}, "6": {"report": {"False": {"precision": 0.8889243536546441, "recall": 0.9237147595356551, "f1-score": 0.9059856864020819, "support": 3015}, "True": {"precision": 0.734717416378316, "recall": 0.6467005076142132, "f1-score": 0.6879049676025918, "support": 985}, "accuracy": 0.8555, "macro avg": {"precision": 0.8118208850164801, "recall": 0.7852076335749341, "f1-score": 0.7969453270023368, "support": 4000}, "weighted avg": {"precision": 0.8509508953503483, "recall": 0.8555, "f1-score": 0.8522833093977075, "support": 4000}}, "confusion-matrix": [[2785, 230], [348, 637]]}, "8": {"report": {"False": {"precision": 0.8897586431833007, "recall": 0.9157435381000336, "f1-score": 0.9025641025641025, "support": 2979}, "True": {"precision": 0.7312633832976445, "recall": 0.6689520078354554, "f1-score": 0.6987212276214834, "support": 1021}, "accuracy": 0.85275, "macro avg": {"precision": 0.8105110132404726, "recall": 0.7923477729677445, "f1-score": 0.8006426650927929, "support": 4000}, "weighted avg": {"precision": 0.8493027280974871, "recall": 0.85275, "f1-score": 0.8505332087349988, "support": 4000}}, "confusion-matrix": [[2728, 251], [338, 683]]}, "1": {"report": {"False": {"precision": 0.888237210817856, "recall": 0.912621359223301, "f1-score": 0.9002642007926025, "support": 2987}, "True": {"precision": 0.719656283566058, "recall": 0.6614017769002961, "f1-score": 0.6893004115226338, "support": 1013}, "accuracy": 0.849, "macro avg": {"precision": 0.803946747191957, "recall": 0.7870115680617986, "f1-score": 0.7947823061576181, "support": 4000}, "weighted avg": {"precision": 0.8455440909913382, "recall": 0.849, "f1-score": 0.8468376211599828, "support": 4000}}, "confusion-matrix": [[2726, 261], [343, 670]]}, "4": {"report": {"False": {"precision": 0.8885028427037271, "recall": 0.9339309428950863, "f1-score": 0.9106506960181289, "support": 3012}, "True": {"precision": 0.7613908872901679, "recall": 0.6427125506072875, "f1-score": 0.6970362239297476, "support": 988}, "accuracy": 0.862, "macro avg": {"precision": 0.8249468649969476, "recall": 0.7883217467511869, "f1-score": 0.8038434599739382, "support": 4000}, "weighted avg": {"precision": 0.857106189716578, "recall": 0.862, "f1-score": 0.8578879214122987, "support": 4000}}, "confusion-matrix": [[2813, 199], [353, 635]]}, "3": {"report": {"False": {"precision": 0.888, "recall": 0.9265442404006677, "f1-score": 0.9068627450980392, "support": 2995}, "True": {"precision": 0.7485714285714286, "recall": 0.6517412935323383, "f1-score": 0.6968085106382979, "support": 1005}, "accuracy": 0.8575, "macro avg": {"precision": 0.8182857142857143, "recall": 0.789142766966503, "f1-score": 0.8018356278681685, "support": 4000}, "weighted avg": {"precision": 0.8529685714285714, "recall": 0.8575, "f1-score": 0.8540866186900292, "support": 4000}}, "confusion-matrix": [[2775, 220], [350, 655]]}, "2": {"report": {"False": {"precision": 0.8846153846153846, "recall": 0.9172482552342971, "f1-score": 0.9006363191385218, "support": 3009}, "True": {"precision": 0.7170454545454545, "recall": 0.6367305751765893, "f1-score": 0.6745056119722074, "support": 991}, "accuracy": 0.84775, "macro avg": {"precision": 0.8008304195804196, "recall": 0.7769894152054432, "f1-score": 0.7875709655553647, "support": 4000}, "weighted avg": {"precision": 0.8430999344405594, "recall": 0.84775, "f1-score": 0.8446124364380674, "support": 4000}}, "confusion-matrix": [[2760, 249], [360, 631]]}, "5": {"report": {"False": {"precision": 0.890926640926641, "recall": 0.9187126741871268, "f1-score": 0.9046063377981052, "support": 3014}, "True": {"precision": 0.7253363228699552, "recall": 0.6561866125760649, "f1-score": 0.6890308839190629, "support": 986}, "accuracy": 0.854, "macro avg": {"precision": 0.8081314818982981, "recall": 0.7874496433815958, "f1-score": 0.796818610858584, "support": 4000}, "weighted avg": {"precision": 0.8501086275256678, "recall": 0.854, "f1-score": 0.8514669884169213, "support": 4000}}, "confusion-matrix": [[2769, 245], [339, 647]]}, "10": {"report": {"False": {"precision": 0.8891752577319587, "recall": 0.9184692179700499, "f1-score": 0.9035848747749221, "support": 3005}, "True": {"precision": 0.7265625, "recall": 0.6542713567839196, "f1-score": 0.6885245901639344, "support": 995}, "accuracy": 0.85275, "macro avg": {"precision": 0.8078688788659794, "recall": 0.7863702873769847, "f1-score": 0.7960547324694283, "support": 4000}, "weighted avg": {"precision": 0.848725334246134, "recall": 0.85275, "f1-score": 0.8500886289779389, "support": 4000}}, "confusion-matrix": [[2760, 245], [344, 651]]}}, "overall": {"report": {"False": {"precision": 0.8877507950693145, "recall": 0.9216485978415031, "f1-score": 0.9043700568242192, "support": 30000.0}, "True": {"precision": 0.7349858983306851, "recall": 0.6503775539789233, "f1-score": 0.6899757402910874, "support": 10000.0}, "macro avg": {"precision": 0.8113683466999998, "recall": 0.7860130759102132, "f1-score": 0.7971728985576533, "support": 40000.0}, "weighted avg": {"precision": 0.8495476205693588, "recall": 0.8538499999999999, "f1-score": 0.8507764237120214, "support": 40000.0}, "accuracy": 0.8538499999999999}, "confusion-matrix": [[27650.0, 2350.0], [3496.0, 6504.0]]}}