{"features": "bow-pos-emot", "classifier": "SVC", "folds": {"6": {"report": {"False": {"precision": 0.8941477454429165, "recall": 0.9273631840796019, "f1-score": 0.9104526212959947, "support": 3015}, "True": {"precision": 0.7491408934707904, "recall": 0.6639593908629442, "f1-score": 0.7039827771797632, "support": 985}, "accuracy": 0.8625, "macro avg": {"precision": 0.8216443194568535, "recall": 0.7956612874712731, "f1-score": 0.807217699237879, "support": 4000}, "weighted avg": {"precision": 0.8584398081447805, "recall": 0.8625, "f1-score": 0.8596094221823728, "support": 4000}}, "confusion-matrix": [[2796, 219], [331, 654]]}, "7": {"report": {"False": {"precision": 0.8919793014230272, "recall": 0.9273705447209146, "f1-score": 0.909330695680844, "support": 2974}, "True": {"precision": 0.762114537444934, "recall": 0.6744639376218323, "f1-score": 0.7156153050672182, "support": 1026}, "accuracy": 0.8625, "macro avg": {"precision": 0.8270469194339806, "recall": 0.8009172411713734, "f1-score": 0.812473000374031, "support": 4000}, "weighted avg": {"precision": 0.8586689894626464, "recall": 0.8625, "f1-score": 0.859642697988449, "support": 4000}}, "confusion-matrix": [[2758, 216], [334, 692]]}, "3": {"report": {"False": {"precision": 0.8977749113189294, "recall": 0.9295492487479132, "f1-score": 0.9133858267716536, "support": 2995}, "True": {"precision": 0.7652947719688543, "recall": 0.6845771144278607, "f1-score": 0.7226890756302521, "support": 1005}, "accuracy": 0.868, "macro avg": {"precision": 0.8315348416438919, "recall": 0.807063181587887, "f1-score": 0.8180374512009528, "support": 4000}, "weighted avg": {"precision": 0.864489276307223, "recall": 0.868, "f1-score": 0.8654732680473765, "support": 4000}}, "confusion-matrix": [[2784, 211], [317, 688]]}, "5": {"report": {"False": {"precision": 0.896973599484868, "recall": 0.9243530192435302, "f1-score": 0.9104575163398693, "support": 3014}, "True": {"precision": 0.7449664429530202, "recall": 0.6754563894523327, "f1-score": 0.7085106382978723, "support": 986}, "accuracy": 0.863, "macro avg": {"precision": 0.8209700212189441, "recall": 0.7999047043479315, "f1-score": 0.8094840773188707, "support": 4000}, "weighted avg": {"precision": 0.8595038353997675, "recall": 0.863, "f1-score": 0.860677610902517, "support": 4000}}, "confusion-matrix": [[2786, 228], [320, 666]]}, "8": {"report": {"False": {"precision": 0.9017739816031537, "recall": 0.9214501510574018, "f1-score": 0.9115058940727212, "support": 2979}, "True": {"precision": 0.7552301255230126, "recall": 0.7071498530852106, "f1-score": 0.7303995953464847, "support": 1021}, "accuracy": 0.86675, "macro avg": {"precision": 0.8285020535630832, "recall": 0.8143000020713063, "f1-score": 0.820952744709603, "support": 4000}, "weighted avg": {"precision": 0.8643686623386977, "recall": 0.86675, "f1-score": 0.8652785113228494, "support": 4000}}, "confusion-matrix": [[2745, 234], [299, 722]]}, "2": {"report": {"False": {"precision": 0.8948043617703656, "recall": 0.9272183449651047, "f1-score": 0.9107230292149502, "support": 3009}, "True": {"precision": 0.7517006802721088, "recall": 0.669021190716448, "f1-score": 0.7079551521623065, "support": 991}, "accuracy": 0.86325, "macro avg": {"precision": 0.8232525210212371, "recall": 0.7981197678407763, "f1-score": 0.8093390906886284, "support": 4000}, "weighted avg": {"precision": 0.8593504246791724, "recall": 0.86325, "f1-score": 0.8604872876751577, "support": 4000}}, "confusion-matrix": [[2790, 219], [328, 663]]}, "4": {"report": {"False": {"precision": 0.9026492180019151, "recall": 0.9389110225763613, "f1-score": 0.9204231082180636, "support": 3012}, "True": {"precision": 0.7877739331026529, "recall": 0.6912955465587044, "f1-score": 0.7363881401617249, "support": 988}, "accuracy": 0.87775, "macro avg": {"precision": 0.845211575552284, "recall": 0.8151032845675328, "f1-score": 0.8284056241898943, "support": 4000}, "weighted avg": {"precision": 0.8742750226317973, "recall": 0.87775, "f1-score": 0.874966471108148, "support": 4000}}, "confusion-matrix": [[2828, 184], [305, 683]]}, "9": {"report": {"False": {"precision": 0.894703656998739, "recall": 0.9428571428571428, "f1-score": 0.9181494661921709, "support": 3010}, "True": {"precision": 0.7922705314009661, "recall": 0.6626262626262627, "f1-score": 0.7216721672167217, "support": 990}, "accuracy": 0.8735, "macro avg": {"precision": 0.8434870941998526, "recall": 0.8027417027417028, "f1-score": 0.8199108167044462, "support": 4000}, "weighted avg": {"precision": 0.8693514584132902, "recall": 0.8735, "f1-score": 0.8695213346957472, "support": 4000}}, "confusion-matrix": [[2838, 172], [334, 656]]}, "1": {"report": {"False": {"precision": 0.9011780104712042, "recall": 0.9219953130231001, "f1-score": 0.911467813999669, "support": 2987}, "True": {"precision": 0.753177966101695, "recall": 0.7018756169792695, "f1-score": 0.7266223811957078, "support": 1013}, "accuracy": 0.86625, "macro avg": {"precision": 0.8271779882864496, "recall": 0.8119354650011847, "f1-score": 0.8190450975976884, "support": 4000}, "weighted avg": {"precision": 0.863696999234626, "recall": 0.86625, "f1-score": 0.8646557081420659, "support": 4000}}, "confusion-matrix": [[2754, 233], [302, 711]]}, "10": {"report": {"False": {"precision": 0.9027097616715638, "recall": 0.9201331114808652, "f1-score": 0.9113381674357284, "support": 3005}, "True": {"precision": 0.743863393810032, "recall": 0.700502512562814, "f1-score": 0.7215320910973084, "support": 995}, "accuracy": 0.8655, "macro avg": {"precision": 0.8232865777407978, "recall": 0.8103178120218396, "f1-score": 0.8164351292665184, "support": 4000}, "weighted avg": {"precision": 0.8631967276660077, "recall": 0.8655, "f1-score": 0.8641239059465464, "support": 4000}}, "confusion-matrix": [[2765, 240], [298, 697]]}}, "overall": {"report": {"False": {"precision": 0.8978694548186681, "recall": 0.9281201082751936, "f1-score": 0.9127234139221665, "support": 30000.0}, "True": {"precision": 0.7605533276048065, "recall": 0.6830927814893679, "f1-score": 0.719536732335536, "support": 10000.0}, "macro avg": {"precision": 0.8292113912117376, "recall": 0.8056064448822807, "f1-score": 0.8161300731288513, "support": 40000.0}, "weighted avg": {"precision": 0.863534120427801, "recall": 0.8669, "f1-score": 0.8644436218011229, "support": 40000.0}, "accuracy": 0.8669}, "confusion-matrix": [[27844.0, 2156.0], [3168.0, 6832.0]]}}