{"features": "bow-pos-emot", "classifier": "MultinomialNB", "folds": {"1": {"report": {"False": {"precision": 0.9053770949720671, "recall": 0.8680950786742551, "f1-score": 0.88634421466416, "support": 2987}, "True": {"precision": 0.653169014084507, "recall": 0.7324777887462981, "f1-score": 0.6905537459283387, "support": 1013}, "accuracy": 0.83375, "macro avg": {"precision": 0.7792730545282871, "recall": 0.8002864337102766, "f1-score": 0.7884489802962493, "support": 4000}, "weighted avg": {"precision": 0.8415053984872924, "recall": 0.83375, "f1-score": 0.8367602784568133, "support": 4000}}, "confusion-matrix": [[2593, 394], [271, 742]]}, "2": {"report": {"False": {"precision": 0.9053030303030303, "recall": 0.8737121967431041, "f1-score": 0.889227126670049, "support": 3009}, "True": {"precision": 0.6532846715328468, "recall": 0.722502522704339, "f1-score": 0.686152371825587, "support": 991}, "accuracy": 0.83625, "macro avg": {"precision": 0.7792938509179386, "recall": 0.7981073597237216, "f1-score": 0.787689749247818, "support": 4000}, "weighted avg": {"precision": 0.8428654819177173, "recall": 0.83625, "f1-score": 0.8389153561573336, "support": 4000}}, "confusion-matrix": [[2629, 380], [275, 716]]}, "3": {"report": {"False": {"precision": 0.9082819986310746, "recall": 0.886143572621035, "f1-score": 0.8970762210579686, "support": 2995}, "True": {"precision": 0.6836734693877551, "recall": 0.7333333333333333, "f1-score": 0.7076332213154104, "support": 1005}, "accuracy": 0.84775, "macro avg": {"precision": 0.7959777340094149, "recall": 0.8097384529771842, "f1-score": 0.8023547211866895, "support": 4000}, "weighted avg": {"precision": 0.8518491056586907, "recall": 0.84775, "f1-score": 0.8494786673726508, "support": 4000}}, "confusion-matrix": [[2654, 341], [268, 737]]}, "4": {"report": {"False": {"precision": 0.9098025867937373, "recall": 0.8874501992031872, "f1-score": 0.8984873949579832, "support": 3012}, "True": {"precision": 0.6807909604519774, "recall": 0.7317813765182186, "f1-score": 0.7053658536585365, "support": 988}, "accuracy": 0.849, "macro avg": {"precision": 0.7952967736228573, "recall": 0.8096157878607029, "f1-score": 0.8019266243082599, "support": 4000}, "weighted avg": {"precision": 0.8532367150873227, "recall": 0.849, "f1-score": 0.85078637425702, "support": 4000}}, "confusion-matrix": [[2673, 339], [265, 723]]}, "5": {"report": {"False": {"precision": 0.9098756906077348, "recall": 0.8742534837425349, "f1-score": 0.8917089678510999, "support": 3014}, "True": {"precision": 0.6567028985507246, "recall": 0.7352941176470589, "f1-score": 0.69377990430622, "support": 986}, "accuracy": 0.84, "macro avg": {"precision": 0.7832892945792297, "recall": 0.8047738006947969, "f1-score": 0.79274443607866, "support": 4000}, "weighted avg": {"precision": 0.8474685973656817, "recall": 0.84, "f1-score": 0.842919453687287, "support": 4000}}, "confusion-matrix": [[2635, 379], [261, 725]]}, "6": {"report": {"False": {"precision": 0.9103612815269257, "recall": 0.8859038142620232, "f1-score": 0.8979660447133972, "support": 3015}, "True": {"precision": 0.6772983114446529, "recall": 0.732994923857868, "f1-score": 0.704046806435885, "support": 985}, "accuracy": 0.84825, "macro avg": {"precision": 0.7938297964857893, "recall": 0.8094493690599456, "f1-score": 0.8010064255746412, "support": 4000}, "weighted avg": {"precision": 0.8529695251441661, "recall": 0.84825, "f1-score": 0.8502134322875599, "support": 4000}}, "confusion-matrix": [[2671, 344], [263, 722]]}, "7": {"report": {"False": {"precision": 0.9026425591098748, "recall": 0.8728984532616005, "f1-score": 0.8875213675213673, "support": 2974}, "True": {"precision": 0.6637010676156584, "recall": 0.7270955165692008, "f1-score": 0.6939534883720931, "support": 1026}, "accuracy": 0.8355, "macro avg": {"precision": 0.7831718133627665, "recall": 0.7999969849154007, "f1-score": 0.7907374279467303, "support": 4000}, "weighted avg": {"precision": 0.8413540665416083, "recall": 0.8355, "f1-score": 0.8378712065195785, "support": 4000}}, "confusion-matrix": [[2596, 378], [280, 746]]}, "8": {"report": {"False": {"precision": 0.9105633802816901, "recall": 0.8680765357502518, "f1-score": 0.888812510740677, "support": 2979}, "True": {"precision": 0.6612068965517242, "recall": 0.7512242899118511, "f1-score": 0.7033470884915176, "support": 1021}, "accuracy": 0.83825, "macro avg": {"precision": 0.7858851384167072, "recall": 0.8096504128310514, "f1-score": 0.7960797996160973, "support": 4000}, "weighted avg": {"precision": 0.8469151378096164, "recall": 0.83825, "f1-score": 0.8414724617115791, "support": 4000}}, "confusion-matrix": [[2586, 393], [254, 767]]}, "9": {"report": {"False": {"precision": 0.9042301184433165, "recall": 0.8877076411960133, "f1-score": 0.8958927074601845, "support": 3010}, "True": {"precision": 0.676555023923445, "recall": 0.7141414141414142, "f1-score": 0.6948402948402949, "support": 990}, "accuracy": 0.84475, "macro avg": {"precision": 0.7903925711833808, "recall": 0.8009245276687138, "f1-score": 0.7953665011502397, "support": 4000}, "weighted avg": {"precision": 0.8478805325496482, "recall": 0.84475, "f1-score": 0.8461322353367619, "support": 4000}}, "confusion-matrix": [[2672, 338], [283, 707]]}, "10": {"report": {"False": {"precision": 0.9067826086956522, "recall": 0.8675540765391015, "f1-score": 0.8867346938775511, "support": 3005}, "True": {"precision": 0.6462222222222223, "recall": 0.7306532663316583, "f1-score": 0.6858490566037736, "support": 995}, "accuracy": 0.8335, "macro avg": {"precision": 0.7765024154589373, "recall": 0.7991036714353799, "f1-score": 0.7862918752406624, "support": 4000}, "weighted avg": {"precision": 0.8419682125603866, "recall": 0.8335, "f1-score": 0.8367643916056989, "support": 4000}}, "confusion-matrix": [[2607, 398], [268, 727]]}}, "overall": {"report": {"False": {"precision": 0.9073220349365103, "recall": 0.8771795051993108, "f1-score": 0.8919771249514439, "support": 30000.0}, "True": {"precision": 0.6652604535765514, "recall": 0.7311498549761241, "f1-score": 0.6965521831777657, "support": 10000.0}, "macro avg": {"precision": 0.7862912442565309, "recall": 0.8041646800877175, "f1-score": 0.7942646540646048, "support": 40000.0}, "weighted avg": {"precision": 0.846801277312213, "recall": 0.8407, "f1-score": 0.8431313857392283, "support": 40000.0}, "accuracy": 0.8407}, "confusion-matrix": [[26316.0, 3684.0], [2688.0, 7312.0]]}}