{"features": "bow-pp", "classifier": "MultinomialNB", "folds": {"1": {"report": {"False": {"precision": 0.9128989361702128, "recall": 0.9193170405088718, "f1-score": 0.9160967472894078, "support": 2987}, "True": {"precision": 0.7570564516129032, "recall": 0.7413622902270484, "f1-score": 0.7491271820448877, "support": 1013}, "accuracy": 0.87425, "macro avg": {"precision": 0.8349776938915581, "recall": 0.83033966536796, "f1-score": 0.8326119646671477, "support": 4000}, "weighted avg": {"precision": 0.8734318269560742, "recall": 0.87425, "f1-score": 0.8738117048912332, "support": 4000}}, "confusion-matrix": [[2746, 241], [262, 751]]}, "2": {"report": {"False": {"precision": 0.9161460046037487, "recall": 0.9258889996676637, "f1-score": 0.92099173553719, "support": 3009}, "True": {"precision": 0.7674661105318039, "recall": 0.7426841574167508, "f1-score": 0.7548717948717948, "support": 991}, "accuracy": 0.8805, "macro avg": {"precision": 0.8418060575677764, "recall": 0.8342865785422072, "f1-score": 0.8379317652044924, "support": 4000}, "weighted avg": {"precision": 0.8793105608474244, "recall": 0.8805, "f1-score": 0.8798355202373385, "support": 4000}}, "confusion-matrix": [[2786, 223], [255, 736]]}, "3": {"report": {"False": {"precision": 0.9104282445243543, "recall": 0.9298831385642737, "f1-score": 0.9200528576148, "support": 2995}, "True": {"precision": 0.7768331562167906, "recall": 0.727363184079602, "f1-score": 0.7512846865364851, "support": 1005}, "accuracy": 0.879, "macro avg": {"precision": 0.8436307003705725, "recall": 0.8286231613219379, "f1-score": 0.8356687720756426, "support": 4000}, "weighted avg": {"precision": 0.876862478587079, "recall": 0.879, "f1-score": 0.8776498546313733, "support": 4000}}, "confusion-matrix": [[2785, 210], [274, 731]]}, "4": {"report": {"False": {"precision": 0.917910447761194, "recall": 0.9392430278884463, "f1-score": 0.9284542172628815, "support": 3012}, "True": {"precision": 0.8006535947712419, "recall": 0.7439271255060729, "f1-score": 0.7712486883525709, "support": 988}, "accuracy": 0.891, "macro avg": {"precision": 0.859282021266218, "recall": 0.8415850766972596, "f1-score": 0.8498514528077261, "support": 4000}, "weighted avg": {"precision": 0.8889480050726759, "recall": 0.891, "f1-score": 0.8896244516220347, "support": 4000}}, "confusion-matrix": [[2829, 183], [253, 735]]}, "5": {"report": {"False": {"precision": 0.9171325221966459, "recall": 0.9253483742534837, "f1-score": 0.9212221304706854, "support": 3014}, "True": {"precision": 0.7653806047966631, "recall": 0.744421906693712, "f1-score": 0.7547557840616967, "support": 986}, "accuracy": 0.88075, "macro avg": {"precision": 0.8412565634966545, "recall": 0.8348851404735979, "f1-score": 0.837988957266191, "support": 4000}, "weighted avg": {"precision": 0.87972567455755, "recall": 0.88075, "f1-score": 0.8801881760808696, "support": 4000}}, "confusion-matrix": [[2789, 225], [252, 734]]}, "6": {"report": {"False": {"precision": 0.9193601044727392, "recall": 0.9339966832504146, "f1-score": 0.926620598881211, "support": 3015}, "True": {"precision": 0.7876200640341515, "recall": 0.749238578680203, "f1-score": 0.7679500520291362, "support": 985}, "accuracy": 0.8885, "macro avg": {"precision": 0.8534900842534454, "recall": 0.8416176309653088, "f1-score": 0.8472853254551735, "support": 4000}, "weighted avg": {"precision": 0.886919119514737, "recall": 0.8885, "f1-score": 0.8875479767188876, "support": 4000}}, "confusion-matrix": [[2816, 199], [247, 738]]}, "7": {"report": {"False": {"precision": 0.909300032862307, "recall": 0.9303967720242098, "f1-score": 0.9197274389230513, "support": 2974}, "True": {"precision": 0.7836990595611285, "recall": 0.7309941520467836, "f1-score": 0.75642965204236, "support": 1026}, "accuracy": 0.87925, "macro avg": {"precision": 0.8464995462117177, "recall": 0.8306954620354967, "f1-score": 0.8380785454827057, "support": 4000}, "weighted avg": {"precision": 0.8770833832105548, "recall": 0.87925, "f1-score": 0.8778415565881541, "support": 4000}}, "confusion-matrix": [[2767, 207], [276, 750]]}, "8": {"report": {"False": {"precision": 0.9165275459098498, "recall": 0.9214501510574018, "f1-score": 0.9189822564445933, "support": 2979}, "True": {"precision": 0.7671641791044777, "recall": 0.7551420176297747, "f1-score": 0.7611056268509377, "support": 1021}, "accuracy": 0.879, "macro avg": {"precision": 0.8418458625071636, "recall": 0.8382960843435883, "f1-score": 0.8400439416477655, "support": 4000}, "weighted avg": {"precision": 0.8784025465327786, "recall": 0.879, "f1-score": 0.8786842467408128, "support": 4000}}, "confusion-matrix": [[2745, 234], [250, 771]]}, "9": {"report": {"False": {"precision": 0.9150943396226415, "recall": 0.9345514950166113, "f1-score": 0.9247205785667324, "support": 3010}, "True": {"precision": 0.787257019438445, "recall": 0.7363636363636363, "f1-score": 0.7609603340292275, "support": 990}, "accuracy": 0.8855, "macro avg": {"precision": 0.8511756795305432, "recall": 0.8354575656901237, "f1-score": 0.8428404562979799, "support": 4000}, "weighted avg": {"precision": 0.8834546028770528, "recall": 0.8855, "f1-score": 0.8841899180436998, "support": 4000}}, "confusion-matrix": [[2813, 197], [261, 729]]}, "10": {"report": {"False": {"precision": 0.9159553512803676, "recall": 0.9284525790349417, "f1-score": 0.9221616261774913, "support": 3005}, "True": {"precision": 0.7746331236897275, "recall": 0.742713567839196, "f1-score": 0.758337609030272, "support": 995}, "accuracy": 0.88225, "macro avg": {"precision": 0.8452942374850476, "recall": 0.8355830734370688, "f1-score": 0.8402496176038816, "support": 4000}, "weighted avg": {"precision": 0.8808014471671959, "recall": 0.88225, "f1-score": 0.8814104019121205, "support": 4000}}, "confusion-matrix": [[2790, 215], [256, 739]]}}, "overall": {"report": {"False": {"precision": 0.915075352940406, "recall": 0.9288528261266318, "f1-score": 0.9219030187168045, "support": 30000.0}, "True": {"precision": 0.7767763363757333, "recall": 0.741421061648278, "f1-score": 0.7586071409849368, "support": 10000.0}, "macro avg": {"precision": 0.8459258446580697, "recall": 0.835136943887455, "f1-score": 0.8402550798508706, "support": 40000.0}, "weighted avg": {"precision": 0.8804939645323124, "recall": 0.882, "f1-score": 0.8810783807466525, "support": 40000.0}, "accuracy": 0.882}, "confusion-matrix": [[27866.0, 2134.0], [2586.0, 7414.0]]}}