{"features": "bow-pp-pos-emot", "classifier": "SVC", "folds": {"3": {"report": {"False": {"precision": 0.9417188014487982, "recall": 0.9549248747913188, "f1-score": 0.9482758620689655, "support": 2995}, "True": {"precision": 0.8598130841121495, "recall": 0.8238805970149253, "f1-score": 0.8414634146341463, "support": 1005}, "accuracy": 0.922, "macro avg": {"precision": 0.9007659427804738, "recall": 0.889402735903122, "f1-score": 0.894869638351556, "support": 4000}, "weighted avg": {"precision": 0.9211399899679652, "recall": 0.922, "f1-score": 0.9214392346509671, "support": 4000}}, "confusion-matrix": [[2860, 135], [177, 828]]}, "2": {"report": {"False": {"precision": 0.9500998003992016, "recall": 0.9491525423728814, "f1-score": 0.9496259351620948, "support": 3009}, "True": {"precision": 0.8460764587525151, "recall": 0.8486377396569122, "f1-score": 0.8473551637279597, "support": 991}, "accuracy": 0.92425, "macro avg": {"precision": 0.8980881295758584, "recall": 0.8988951410148969, "f1-score": 0.8984905494450273, "support": 4000}, "weighted avg": {"precision": 0.9243280175062351, "recall": 0.92425, "f1-score": 0.9242883515392878, "support": 4000}}, "confusion-matrix": [[2856, 153], [150, 841]]}, "1": {"report": {"False": {"precision": 0.9521098459477562, "recall": 0.9517910947438902, "f1-score": 0.9519504436631508, "support": 2987}, "True": {"precision": 0.8579881656804734, "recall": 0.8588351431391905, "f1-score": 0.8584114454859398, "support": 1013}, "accuracy": 0.92825, "macro avg": {"precision": 0.9050490058141147, "recall": 0.9053131189415404, "f1-score": 0.9051809445745453, "support": 4000}, "weighted avg": {"precision": 0.9282735304200668, "recall": 0.92825, "f1-score": 0.9282616923747721, "support": 4000}}, "confusion-matrix": [[2843, 144], [143, 870]]}, "6": {"report": {"False": {"precision": 0.9531043593130779, "recall": 0.9572139303482587, "f1-score": 0.9551547244745987, "support": 3015}, "True": {"precision": 0.8672839506172839, "recall": 0.8558375634517766, "f1-score": 0.86152273888605, "support": 985}, "accuracy": 0.93225, "macro avg": {"precision": 0.9101941549651809, "recall": 0.9065257469000176, "f1-score": 0.9083387316803244, "support": 4000}, "weighted avg": {"precision": 0.9319710836717386, "recall": 0.93225, "f1-score": 0.9320978480234186, "support": 4000}}, "confusion-matrix": [[2886, 129], [142, 843]]}, "7": {"report": {"False": {"precision": 0.9521724486359043, "recall": 0.9505716207128446, "f1-score": 0.9513713612653542, "support": 2974}, "True": {"precision": 0.8574199806013579, "recall": 0.8615984405458089, "f1-score": 0.8595041322314049, "support": 1026}, "accuracy": 0.92775, "macro avg": {"precision": 0.9047962146186311, "recall": 0.9060850306293268, "f1-score": 0.9054377467483795, "support": 4000}, "weighted avg": {"precision": 0.9278684405850431, "recall": 0.92775, "f1-score": 0.9278074170181461, "support": 4000}}, "confusion-matrix": [[2827, 147], [142, 884]]}, "4": {"report": {"False": {"precision": 0.947661105659143, "recall": 0.9618193891102258, "f1-score": 0.9546877574559236, "support": 3012}, "True": {"precision": 0.8780487804878049, "recall": 0.8380566801619433, "f1-score": 0.8575867426204039, "support": 988}, "accuracy": 0.93125, "macro avg": {"precision": 0.9128549430734739, "recall": 0.8999380346360846, "f1-score": 0.9061372500381637, "support": 4000}, "weighted avg": {"precision": 0.9304668613418224, "recall": 0.93125, "f1-score": 0.9307038067915503, "support": 4000}}, "confusion-matrix": [[2897, 115], [160, 828]]}, "5": {"report": {"False": {"precision": 0.946847144272037, "recall": 0.9515593895155939, "f1-score": 0.9491974185007446, "support": 3014}, "True": {"precision": 0.8496395468589083, "recall": 0.8367139959432048, "f1-score": 0.8431272355646399, "support": 986}, "accuracy": 0.92325, "macro avg": {"precision": 0.8982433455654726, "recall": 0.8941366927293994, "f1-score": 0.8961623270326922, "support": 4000}, "weighted avg": {"precision": 0.9228854715097008, "recall": 0.92325, "f1-score": 0.9230511184069946, "support": 4000}}, "confusion-matrix": [[2868, 146], [161, 825]]}, "8": {"report": {"False": {"precision": 0.9499496137050722, "recall": 0.9493118496139644, "f1-score": 0.9496306245802553, "support": 2979}, "True": {"precision": 0.852394916911046, "recall": 0.8540646425073457, "f1-score": 0.8532289628180039, "support": 1021}, "accuracy": 0.925, "macro avg": {"precision": 0.9011722653080592, "recall": 0.901688246060655, "f1-score": 0.9014297936991296, "support": 4000}, "weighted avg": {"precision": 0.9250487773483971, "recall": 0.925, "f1-score": 0.9250241004154407, "support": 4000}}, "confusion-matrix": [[2828, 151], [149, 872]]}, "10": {"report": {"False": {"precision": 0.9455625206202574, "recall": 0.9537437603993344, "f1-score": 0.9496355202120609, "support": 3005}, "True": {"precision": 0.8565531475748194, "recall": 0.8341708542713567, "f1-score": 0.8452138492871691, "support": 995}, "accuracy": 0.924, "macro avg": {"precision": 0.9010578340975384, "recall": 0.8939573073353455, "f1-score": 0.897424684749615, "support": 4000}, "weighted avg": {"precision": 0.9234214390752047, "recall": 0.924, "f1-score": 0.9236606295694939, "support": 4000}}, "confusion-matrix": [[2866, 139], [165, 830]]}, "9": {"report": {"False": {"precision": 0.9486256544502618, "recall": 0.9631229235880399, "f1-score": 0.9558193208044841, "support": 3010}, "True": {"precision": 0.8824152542372882, "recall": 0.8414141414141414, "f1-score": 0.8614270941054809, "support": 990}, "accuracy": 0.933, "macro avg": {"precision": 0.9155204543437749, "recall": 0.9022685325010906, "f1-score": 0.9086232074549825, "support": 4000}, "weighted avg": {"precision": 0.9322385803975509, "recall": 0.933, "f1-score": 0.9324572446964807, "support": 4000}}, "confusion-matrix": [[2899, 111], [157, 833]]}}, "overall": {"report": {"False": {"precision": 0.9487851294451509, "recall": 0.9543211375196352, "f1-score": 0.9515348968187631, "support": 30000.0}, "True": {"precision": 0.8607633285833648, "recall": 0.8453209798106606, "f1-score": 0.8528840779361199, "support": 10000.0}, "macro avg": {"precision": 0.9047742290142576, "recall": 0.8998210586651478, "f1-score": 0.9022094873774413, "support": 40000.0}, "weighted avg": {"precision": 0.9267642191823724, "recall": 0.9270999999999999, "f1-score": 0.9268791443486553, "support": 40000.0}, "accuracy": 0.9270999999999999}, "confusion-matrix": [[28630.0, 1370.0], [1546.0, 8454.0]]}}