{"features": "bow-emot", "classifier": "MultinomialNB", "folds": {"1": {"report": {"False": {"precision": 0.8995558592415442, "recall": 0.8814864412453968, "f1-score": 0.8904294893473116, "support": 2987}, "True": {"precision": 0.6700838769804287, "recall": 0.7097729516288253, "f1-score": 0.6893576222435284, "support": 1013}, "accuracy": 0.838, "macro avg": {"precision": 0.7848198681109865, "recall": 0.795629696437111, "f1-score": 0.78989355579542, "support": 4000}, "weighted avg": {"precision": 0.8414420797339167, "recall": 0.838, "f1-score": 0.8395080390032785, "support": 4000}}, "confusion-matrix": [[2633, 354], [294, 719]]}, "2": {"report": {"False": {"precision": 0.8990546927751519, "recall": 0.8850116317713526, "f1-score": 0.8919778931502261, "support": 3009}, "True": {"precision": 0.6666666666666666, "recall": 0.698284561049445, "f1-score": 0.6821094135041892, "support": 991}, "accuracy": 0.83875, "macro avg": {"precision": 0.7828606797209092, "recall": 0.7916480964103988, "f1-score": 0.7870436533272076, "support": 4000}, "weighted avg": {"precision": 0.8414805593067747, "recall": 0.83875, "f1-score": 0.8399829773179205, "support": 4000}}, "confusion-matrix": [[2663, 346], [299, 692]]}, "3": {"report": {"False": {"precision": 0.895123580494322, "recall": 0.8948247078464107, "f1-score": 0.8949741192185674, "support": 2995}, "True": {"precision": 0.6868787276341949, "recall": 0.6875621890547263, "f1-score": 0.6872202884137246, "support": 1005}, "accuracy": 0.84275, "macro avg": {"precision": 0.7910011540642584, "recall": 0.7911934484505685, "f1-score": 0.791097203816146, "support": 4000}, "weighted avg": {"precision": 0.842802061213215, "recall": 0.84275, "f1-score": 0.8427759692288507, "support": 4000}}, "confusion-matrix": [[2680, 315], [314, 691]]}, "4": {"report": {"False": {"precision": 0.9033003300330033, "recall": 0.9086985391766268, "f1-score": 0.9059913935782853, "support": 3012}, "True": {"precision": 0.7164948453608248, "recall": 0.7034412955465587, "f1-score": 0.7099080694586312, "support": 988}, "accuracy": 0.858, "macro avg": {"precision": 0.809897587696914, "recall": 0.8060699173615927, "f1-score": 0.8079497315184583, "support": 4000}, "weighted avg": {"precision": 0.8571593753189752, "recall": 0.858, "f1-score": 0.8575588125207307, "support": 4000}}, "confusion-matrix": [[2737, 275], [293, 695]]}, "5": {"report": {"False": {"precision": 0.9062818336162988, "recall": 0.8855341738553417, "f1-score": 0.895787883873133, "support": 3014}, "True": {"precision": 0.6729857819905213, "recall": 0.7200811359026369, "f1-score": 0.6957373836354729, "support": 986}, "accuracy": 0.84475, "macro avg": {"precision": 0.78963380780341, "recall": 0.8028076548789893, "f1-score": 0.7957626337543029, "support": 4000}, "weighted avg": {"precision": 0.8487743568905446, "recall": 0.84475, "f1-score": 0.8464754355645498, "support": 4000}}, "confusion-matrix": [[2669, 345], [276, 710]]}, "6": {"report": {"False": {"precision": 0.9038397328881469, "recall": 0.897844112769486, "f1-score": 0.9008319467554076, "support": 3015}, "True": {"precision": 0.6935323383084577, "recall": 0.7076142131979696, "f1-score": 0.700502512562814, "support": 985}, "accuracy": 0.851, "macro avg": {"precision": 0.7986860355983023, "recall": 0.8027291629837278, "f1-score": 0.8006672296591109, "support": 4000}, "weighted avg": {"precision": 0.8520515369728985, "recall": 0.851, "f1-score": 0.8515008235854814, "support": 4000}}, "confusion-matrix": [[2707, 308], [288, 697]]}, "7": {"report": {"False": {"precision": 0.8955021981738248, "recall": 0.8903833221250841, "f1-score": 0.8929354240431631, "support": 2974}, "True": {"precision": 0.6874400767018217, "recall": 0.6988304093567251, "f1-score": 0.6930884485258579, "support": 1026}, "accuracy": 0.84125, "macro avg": {"precision": 0.7914711374378233, "recall": 0.7946068657409047, "f1-score": 0.7930119362845105, "support": 4000}, "weighted avg": {"precision": 0.842134264016256, "recall": 0.84125, "f1-score": 0.8416746748229742, "support": 4000}}, "confusion-matrix": [[2648, 326], [309, 717]]}, "8": {"report": {"False": {"precision": 0.9012727898176814, "recall": 0.8794897616649883, "f1-score": 0.8902480462113489, "support": 2979}, "True": {"precision": 0.6715462031107045, "recall": 0.7189030362389814, "f1-score": 0.6944181646168401, "support": 1021}, "accuracy": 0.8385, "macro avg": {"precision": 0.786409496464193, "recall": 0.7991963989519848, "f1-score": 0.7923331054140945, "support": 4000}, "weighted avg": {"precision": 0.8426350785607256, "recall": 0.8385, "f1-score": 0.8402624689343505, "support": 4000}}, "confusion-matrix": [[2620, 359], [287, 734]]}, "9": {"report": {"False": {"precision": 0.8983106989069228, "recall": 0.9009966777408638, "f1-score": 0.899651683529607, "support": 3010}, "True": {"precision": 0.6962283384301733, "recall": 0.6898989898989899, "f1-score": 0.6930492135971589, "support": 990}, "accuracy": 0.84875, "macro avg": {"precision": 0.7972695186685481, "recall": 0.7954478338199269, "f1-score": 0.796350448563383, "support": 4000}, "weighted avg": {"precision": 0.8482953146889274, "recall": 0.84875, "f1-score": 0.8485175722213261, "support": 4000}}, "confusion-matrix": [[2712, 298], [307, 683]]}, "10": {"report": {"False": {"precision": 0.9006085192697769, "recall": 0.886522462562396, "f1-score": 0.8935099781988932, "support": 3005}, "True": {"precision": 0.6727447216890595, "recall": 0.7045226130653266, "f1-score": 0.6882670594010799, "support": 995}, "accuracy": 0.84125, "macro avg": {"precision": 0.7866766204794182, "recall": 0.7955225378138613, "f1-score": 0.7908885187999866, "support": 4000}, "weighted avg": {"precision": 0.8439273996215734, "recall": 0.84125, "f1-score": 0.8424558021479372, "support": 4000}}, "confusion-matrix": [[2664, 341], [294, 701]]}}, "overall": {"report": {"False": {"precision": 0.9002850235216673, "recall": 0.8910791830757947, "f1-score": 0.8956337857905943, "support": 30000.0}, "True": {"precision": 0.6834601576872853, "recall": 0.7038911394940184, "f1-score": 0.6933658175959299, "support": 10000.0}, "macro avg": {"precision": 0.7918725906044762, "recall": 0.7974851612849065, "f1-score": 0.7944998016932622, "support": 40000.0}, "weighted avg": {"precision": 0.8460702026323809, "recall": 0.8442999999999999, "f1-score": 0.8450712575347399, "support": 40000.0}, "accuracy": 0.8442999999999999}, "confusion-matrix": [[26733.0, 3267.0], [2961.0, 7039.0]]}}