{"features": "pos-emot", "classifier": "MultinomialNB", "folds": {"1": {"report": {"False": {"precision": 0.7957209847596718, "recall": 0.9089387345162371, "f1-score": 0.8485700890764182, "support": 2987}, "True": {"precision": 0.5374149659863946, "recall": 0.3119447186574531, "f1-score": 0.3947532792004997, "support": 1013}, "accuracy": 0.75775, "macro avg": {"precision": 0.6665679753730331, "recall": 0.6104417265868451, "f1-score": 0.6216616841384589, "support": 4000}, "weighted avg": {"precision": 0.7303049855053394, "recall": 0.75775, "f1-score": 0.7336409819753419, "support": 4000}}, "confusion-matrix": [[2715, 272], [697, 316]]}, "2": {"report": {"False": {"precision": 0.7988472622478386, "recall": 0.9212362911266201, "f1-score": 0.8556876061120543, "support": 3009}, "True": {"precision": 0.5528301886792453, "recall": 0.2956609485368315, "f1-score": 0.3852728468113083, "support": 991}, "accuracy": 0.76625, "macro avg": {"precision": 0.675838725463542, "recall": 0.6084486198317258, "f1-score": 0.6204802264616813, "support": 4000}, "weighted avg": {"precision": 0.7378965322712198, "recall": 0.76625, "f1-score": 0.7391423494952946, "support": 4000}}, "confusion-matrix": [[2772, 237], [698, 293]]}, "3": {"report": {"False": {"precision": 0.8012764722947491, "recall": 0.92220367278798, "f1-score": 0.8574976715305807, "support": 2995}, "True": {"precision": 0.5786618444846293, "recall": 0.31840796019900497, "f1-score": 0.41078305519897307, "support": 1005}, "accuracy": 0.7705, "macro avg": {"precision": 0.6899691583896892, "recall": 0.6203058164934925, "f1-score": 0.6341403633647769, "support": 4000}, "weighted avg": {"precision": 0.7453445470574565, "recall": 0.7705, "f1-score": 0.7452606241772642, "support": 4000}}, "confusion-matrix": [[2762, 233], [685, 320]]}, "4": {"report": {"False": {"precision": 0.80586186883343, "recall": 0.9219787516600265, "f1-score": 0.8600185816042117, "support": 3012}, "True": {"precision": 0.575812274368231, "recall": 0.3228744939271255, "f1-score": 0.41374837872892345, "support": 988}, "accuracy": 0.774, "macro avg": {"precision": 0.6908370716008305, "recall": 0.622426622793576, "f1-score": 0.6368834801665676, "support": 4000}, "weighted avg": {"precision": 0.7490396190005258, "recall": 0.774, "f1-score": 0.7497898414940155, "support": 4000}}, "confusion-matrix": [[2777, 235], [669, 319]]}, "5": {"report": {"False": {"precision": 0.8037492677211482, "recall": 0.9104180491041804, "f1-score": 0.8537647790914747, "support": 3014}, "True": {"precision": 0.5392491467576792, "recall": 0.3204868154158215, "f1-score": 0.4020356234096692, "support": 986}, "accuracy": 0.765, "macro avg": {"precision": 0.6714992072394137, "recall": 0.615452432260001, "f1-score": 0.627900201250572, "support": 4000}, "weighted avg": {"precision": 0.7385499879036531, "recall": 0.765, "f1-score": 0.7424135422159097, "support": 4000}}, "confusion-matrix": [[2744, 270], [670, 316]]}, "6": {"report": {"False": {"precision": 0.8059918557300756, "recall": 0.9190713101160862, "f1-score": 0.8588253525492019, "support": 3015}, "True": {"precision": 0.5658362989323843, "recall": 0.32284263959390863, "f1-score": 0.4111182934712346, "support": 985}, "accuracy": 0.77225, "macro avg": {"precision": 0.68591407733123, "recall": 0.6209569748549975, "f1-score": 0.6349718230102183, "support": 4000}, "weighted avg": {"precision": 0.7468535498686439, "recall": 0.77225, "f1-score": 0.7485774892512523, "support": 4000}}, "confusion-matrix": [[2771, 244], [667, 318]]}, "7": {"report": {"False": {"precision": 0.7980209545983702, "recall": 0.9219905850706119, "f1-score": 0.855538221528861, "support": 2974}, "True": {"precision": 0.5886524822695035, "recall": 0.3235867446393762, "f1-score": 0.4176100628930818, "support": 1026}, "accuracy": 0.7685, "macro avg": {"precision": 0.6933367184339368, "recall": 0.6227886648549941, "f1-score": 0.6365741422109714, "support": 4000}, "weighted avg": {"precision": 0.7443179414460159, "recall": 0.7685, "f1-score": 0.7432096488387837, "support": 4000}}, "confusion-matrix": [[2742, 232], [694, 332]]}, "8": {"report": {"False": {"precision": 0.7949396881435716, "recall": 0.9070157771064116, "f1-score": 0.8472875509564126, "support": 2979}, "True": {"precision": 0.5391014975041597, "recall": 0.31733594515181196, "f1-score": 0.39950678175092474, "support": 1021}, "accuracy": 0.7565, "macro avg": {"precision": 0.6670205928238657, "recall": 0.6121758611291117, "f1-score": 0.6233971663536687, "support": 4000}, "weighted avg": {"precision": 0.7296369899828616, "recall": 0.7565, "f1-score": 0.7329915096167118, "support": 4000}}, "confusion-matrix": [[2702, 277], [697, 324]]}, "9": {"report": {"False": {"precision": 0.8021530404422461, "recall": 0.9159468438538206, "f1-score": 0.8552815262912984, "support": 3010}, "True": {"precision": 0.5506216696269982, "recall": 0.31313131313131315, "f1-score": 0.3992273019961365, "support": 990}, "accuracy": 0.76675, "macro avg": {"precision": 0.6763873550346222, "recall": 0.6145390784925668, "f1-score": 0.6272544141437174, "support": 4000}, "weighted avg": {"precision": 0.7398990261654723, "recall": 0.76675, "f1-score": 0.7424081057782458, "support": 4000}}, "confusion-matrix": [[2757, 253], [680, 310]]}, "10": {"report": {"False": {"precision": 0.8001179245283019, "recall": 0.903161397670549, "f1-score": 0.848522745036736, "support": 3005}, "True": {"precision": 0.5213815789473685, "recall": 0.3185929648241206, "f1-score": 0.39550842170929507, "support": 995}, "accuracy": 0.75775, "macro avg": {"precision": 0.6607497517378351, "recall": 0.6108771812473348, "f1-score": 0.6220155833730155, "support": 4000}, "weighted avg": {"precision": 0.7307822585650446, "recall": 0.75775, "f1-score": 0.735835432109035, "support": 4000}}, "confusion-matrix": [[2714, 291], [678, 317]]}}, "overall": {"report": {"False": {"precision": 0.8006679319299401, "recall": 0.9151961413012524, "f1-score": 0.8540994123777249, "support": 30000.0}, "True": {"precision": 0.5549561947556593, "recall": 0.31648645440767675, "f1-score": 0.4029564045170046, "support": 10000.0}, "macro avg": {"precision": 0.6778120633428, "recall": 0.6158412978544645, "f1-score": 0.6285279084473647, "support": 40000.0}, "weighted avg": {"precision": 0.7392625437766233, "recall": 0.765525, "f1-score": 0.7413269524951854, "support": 40000.0}, "accuracy": 0.765525}, "confusion-matrix": [[27456.0, 2544.0], [6835.0, 3165.0]]}}