{"features": "pp", "classifier": "MultinomialNB", "folds": {"1": {"report": {"False": {"precision": 0.7740720817643895, "recall": 0.9635085369936391, "f1-score": 0.8584638329604772, "support": 2987}, "True": {"precision": 0.6134751773049646, "recall": 0.17077986179664364, "f1-score": 0.26718146718146724, "support": 1013}, "accuracy": 0.76275, "macro avg": {"precision": 0.693773629534677, "recall": 0.5671441993951414, "f1-score": 0.5628226500709722, "support": 4000}, "weighted avg": {"precision": 0.7334009157100401, "recall": 0.76275, "f1-score": 0.708721573826943, "support": 4000}}, "confusion-matrix": [[2878, 109], [840, 173]]}, "2": {"report": {"False": {"precision": 0.7743064907083221, "recall": 0.9554669325357261, "f1-score": 0.8554001785182982, "support": 3009}, "True": {"precision": 0.5331010452961672, "recall": 0.15438950554994954, "f1-score": 0.23943661971830985, "support": 991}, "accuracy": 0.757, "macro avg": {"precision": 0.6537037680022446, "recall": 0.5549282190428378, "f1-score": 0.547418399118304, "support": 4000}, "weighted avg": {"precision": 0.7145478416074608, "recall": 0.757, "f1-score": 0.7027952068256011, "support": 4000}}, "confusion-matrix": [[2875, 134], [838, 153]]}, "3": {"report": {"False": {"precision": 0.7743148844707146, "recall": 0.9622704507512521, "f1-score": 0.858121185052851, "support": 2995}, "True": {"precision": 0.5935251798561151, "recall": 0.16417910447761194, "f1-score": 0.25720966484801244, "support": 1005}, "accuracy": 0.76175, "macro avg": {"precision": 0.6839200321634149, "recall": 0.563224777614432, "f1-score": 0.5576654249504317, "support": 4000}, "weighted avg": {"precision": 0.7288914711862965, "recall": 0.76175, "f1-score": 0.7071421656013853, "support": 4000}}, "confusion-matrix": [[2882, 113], [840, 165]]}, "4": {"report": {"False": {"precision": 0.7714512711864406, "recall": 0.9671314741035857, "f1-score": 0.8582793164407779, "support": 3012}, "True": {"precision": 0.5580357142857143, "recall": 0.12651821862348178, "f1-score": 0.20627062706270627, "support": 988}, "accuracy": 0.7595, "macro avg": {"precision": 0.6647434927360775, "recall": 0.5468248463635337, "f1-score": 0.5322749717517421, "support": 4000}, "weighted avg": {"precision": 0.7187376286319612, "recall": 0.7595, "f1-score": 0.6972331701643943, "support": 4000}}, "confusion-matrix": [[2913, 99], [863, 125]]}, "5": {"report": {"False": {"precision": 0.7745571658615137, "recall": 0.9575315195753152, "f1-score": 0.856379821958457, "support": 3014}, "True": {"precision": 0.5328467153284672, "recall": 0.14807302231237324, "f1-score": 0.23174603174603173, "support": 986}, "accuracy": 0.758, "macro avg": {"precision": 0.6537019405949904, "recall": 0.5528022709438443, "f1-score": 0.5440629268522443, "support": 4000}, "weighted avg": {"precision": 0.7149755398051177, "recall": 0.758, "f1-score": 0.7024075926710941, "support": 4000}}, "confusion-matrix": [[2886, 128], [840, 146]]}, "6": {"report": {"False": {"precision": 0.7793213999465669, "recall": 0.9674958540630182, "f1-score": 0.8632731577389761, "support": 3015}, "True": {"precision": 0.6186770428015564, "recall": 0.16142131979695432, "f1-score": 0.25603864734299514, "support": 985}, "accuracy": 0.769, "macro avg": {"precision": 0.6989992213740617, "recall": 0.5644585869299863, "f1-score": 0.5596559025409856, "support": 4000}, "weighted avg": {"precision": 0.7397627269996081, "recall": 0.769, "f1-score": 0.7137416595539657, "support": 4000}}, "confusion-matrix": [[2917, 98], [826, 159]]}, "7": {"report": {"False": {"precision": 0.7704918032786885, "recall": 0.9640215198386012, "f1-score": 0.8564600448095594, "support": 2974}, "True": {"precision": 0.6164874551971327, "recall": 0.16764132553606237, "f1-score": 0.26360153256704977, "support": 1026}, "accuracy": 0.75975, "macro avg": {"precision": 0.6934896292379106, "recall": 0.5658314226873318, "f1-score": 0.5600307886883046, "support": 4000}, "weighted avg": {"precision": 0.7309896879957694, "recall": 0.75975, "f1-score": 0.7043918364193558, "support": 4000}}, "confusion-matrix": [[2867, 107], [854, 172]]}, "8": {"report": {"False": {"precision": 0.7673293927995701, "recall": 0.9587109768378651, "f1-score": 0.8524100880465604, "support": 2979}, "True": {"precision": 0.5575539568345323, "recall": 0.15181194906953965, "f1-score": 0.2386451116243264, "support": 1021}, "accuracy": 0.75275, "macro avg": {"precision": 0.6624416748170512, "recall": 0.5552614629537024, "f1-score": 0.5455275998354434, "support": 4000}, "weighted avg": {"precision": 0.7137842127694941, "recall": 0.75275, "f1-score": 0.6957465778147851, "support": 4000}}, "confusion-matrix": [[2856, 123], [866, 155]]}, "9": {"report": {"False": {"precision": 0.7744098712446352, "recall": 0.9591362126245847, "f1-score": 0.8569308400118729, "support": 3010}, "True": {"precision": 0.5477941176470589, "recall": 0.1505050505050505, "f1-score": 0.23613312202852615, "support": 990}, "accuracy": 0.759, "macro avg": {"precision": 0.661101994445847, "recall": 0.5548206315648176, "f1-score": 0.5465319810201995, "support": 4000}, "weighted avg": {"precision": 0.7183224722292352, "recall": 0.759, "f1-score": 0.7032834048109946, "support": 4000}}, "confusion-matrix": [[2887, 123], [841, 149]]}, "10": {"report": {"False": {"precision": 0.7733619763694952, "recall": 0.9584026622296173, "f1-score": 0.8559964333481944, "support": 3005}, "True": {"precision": 0.5471014492753623, "recall": 0.15175879396984926, "f1-score": 0.23760818253343827, "support": 995}, "accuracy": 0.75775, "macro avg": {"precision": 0.6602317128224288, "recall": 0.5550807280997333, "f1-score": 0.5468023079408163, "support": 4000}, "weighted avg": {"precision": 0.7170796702548297, "recall": 0.75775, "f1-score": 0.7021723559580237, "support": 4000}}, "confusion-matrix": [[2880, 125], [844, 151]]}}, "overall": {"report": {"False": {"precision": 0.7733616337630336, "recall": 0.9613676139553207, "f1-score": 0.8571714898886024, "support": 30000.0}, "True": {"precision": 0.5718597853827071, "recall": 0.15470781516375162, "f1-score": 0.24338710066528635, "support": 10000.0}, "macro avg": {"precision": 0.6726107095728704, "recall": 0.5580377145595361, "f1-score": 0.5502792952769443, "support": 40000.0}, "weighted avg": {"precision": 0.7230492167189813, "recall": 0.7597250000000001, "f1-score": 0.7037635543646543, "support": 40000.0}, "accuracy": 0.7597250000000001}, "confusion-matrix": [[28841.0, 1159.0], [8452.0, 1548.0]]}}