{"features": "pp-emot", "classifier": "MultinomialNB", "folds": {"1": {"report": {"False": {"precision": 0.8168893943702019, "recall": 0.9618346166722465, "f1-score": 0.8834563345633457, "support": 2987}, "True": {"precision": 0.7639751552795031, "recall": 0.36426456071076013, "f1-score": 0.4933155080213904, "support": 1013}, "accuracy": 0.8105, "macro avg": {"precision": 0.7904322748248525, "recall": 0.6630495886915033, "f1-score": 0.6883859212923681, "support": 4000}, "weighted avg": {"precision": 0.8034888633204824, "recall": 0.8105, "f1-score": 0.7846531702415955, "support": 4000}}, "confusion-matrix": [[2873, 114], [644, 369]]}, "2": {"report": {"False": {"precision": 0.8137503522118906, "recall": 0.9597873047524095, "f1-score": 0.8807563281488259, "support": 3009}, "True": {"precision": 0.7317073170731707, "recall": 0.3329969727547931, "f1-score": 0.4576976421636616, "support": 991}, "accuracy": 0.8045, "macro avg": {"precision": 0.7727288346425307, "recall": 0.6463921387536014, "f1-score": 0.6692269851562438, "support": 4000}, "weighted avg": {"precision": 0.7934241902562728, "recall": 0.8045, "f1-score": 0.7759435386960015, "support": 4000}}, "confusion-matrix": [[2888, 121], [661, 330]]}, "3": {"report": {"False": {"precision": 0.8139797068771139, "recall": 0.9642737896494157, "f1-score": 0.8827754852514137, "support": 2995}, "True": {"precision": 0.7632743362831859, "recall": 0.34328358208955223, "f1-score": 0.4735758407687028, "support": 1005}, "accuracy": 0.80825, "macro avg": {"precision": 0.7886270215801499, "recall": 0.653778685869484, "f1-score": 0.6781756630100583, "support": 4000}, "weighted avg": {"precision": 0.8012399825153894, "recall": 0.80825, "f1-score": 0.7799640745751326, "support": 4000}}, "confusion-matrix": [[2888, 107], [660, 345]]}, "4": {"report": {"False": {"precision": 0.8139145012573344, "recall": 0.9671314741035857, "f1-score": 0.8839326354119252, "support": 3012}, "True": {"precision": 0.7648456057007126, "recall": 0.3259109311740891, "f1-score": 0.45706174591909154, "support": 988}, "accuracy": 0.80875, "macro avg": {"precision": 0.7893800534790235, "recall": 0.6465212026388374, "f1-score": 0.6704971906655084, "support": 4000}, "weighted avg": {"precision": 0.8017944840548489, "recall": 0.80875, "f1-score": 0.7784955257071953, "support": 4000}}, "confusion-matrix": [[2913, 99], [666, 322]]}, "5": {"report": {"False": {"precision": 0.8146491473301649, "recall": 0.966821499668215, "f1-score": 0.8842360795023517, "support": 3014}, "True": {"precision": 0.7635933806146572, "recall": 0.3275862068965517, "f1-score": 0.45848119233498935, "support": 986}, "accuracy": 0.80925, "macro avg": {"precision": 0.789121263972411, "recall": 0.6472038532823834, "f1-score": 0.6713586359186705, "support": 4000}, "weighted avg": {"precision": 0.8020639008347922, "recall": 0.80925, "f1-score": 0.7792874998155969, "support": 4000}}, "confusion-matrix": [[2914, 100], [663, 323]]}, "6": {"report": {"False": {"precision": 0.8178761557859344, "recall": 0.9681592039800995, "f1-score": 0.8866950182260024, "support": 3015}, "True": {"precision": 0.777262180974478, "recall": 0.3401015228426396, "f1-score": 0.4731638418079096, "support": 985}, "accuracy": 0.8135, "macro avg": {"precision": 0.7975691683802062, "recall": 0.6541303634113695, "f1-score": 0.679929430016956, "support": 4000}, "weighted avg": {"precision": 0.8078749644886133, "recall": 0.8135, "f1-score": 0.784862966033047, "support": 4000}}, "confusion-matrix": [[2919, 96], [650, 335]]}, "7": {"report": {"False": {"precision": 0.8094571908226077, "recall": 0.972763954270343, "f1-score": 0.8836285888821014, "support": 2974}, "True": {"precision": 0.8098591549295775, "recall": 0.3362573099415205, "f1-score": 0.47520661157024796, "support": 1026}, "accuracy": 0.8095, "macro avg": {"precision": 0.8096581728760925, "recall": 0.6545106321059317, "f1-score": 0.6794176002261747, "support": 4000}, "weighted avg": {"precision": 0.8095602946160454, "recall": 0.8095, "f1-score": 0.7788683517016108, "support": 4000}}, "confusion-matrix": [[2893, 81], [681, 345]]}, "8": {"report": {"False": {"precision": 0.8077790304396844, "recall": 0.9620678079892582, "f1-score": 0.8781982534089168, "support": 2979}, "True": {"precision": 0.75, "recall": 0.33202742409402547, "f1-score": 0.46028513238289204, "support": 1021}, "accuracy": 0.80125, "macro avg": {"precision": 0.7788895152198422, "recall": 0.6470476160416418, "f1-score": 0.6692416928959044, "support": 4000}, "weighted avg": {"precision": 0.793030932919955, "recall": 0.80125, "f1-score": 0.771525929267024, "support": 4000}}, "confusion-matrix": [[2866, 113], [682, 339]]}, "9": {"report": {"False": {"precision": 0.8158042744656918, "recall": 0.9637873754152824, "f1-score": 0.883643009442583, "support": 3010}, "True": {"precision": 0.7545045045045045, "recall": 0.3383838383838384, "f1-score": 0.4672245467224546, "support": 990}, "accuracy": 0.809, "macro avg": {"precision": 0.7851543894850981, "recall": 0.6510856068995604, "f1-score": 0.6754337780825188, "support": 4000}, "weighted avg": {"precision": 0.800632581400298, "recall": 0.809, "f1-score": 0.7805794399193512, "support": 4000}}, "confusion-matrix": [[2901, 109], [655, 335]]}, "10": {"report": {"False": {"precision": 0.819653507526271, "recall": 0.9603993344425956, "f1-score": 0.8844621513944223, "support": 3005}, "True": {"precision": 0.7515657620041754, "recall": 0.36180904522613067, "f1-score": 0.48846675712347354, "support": 995}, "accuracy": 0.8115, "macro avg": {"precision": 0.7856096347652232, "recall": 0.6611041898343631, "f1-score": 0.686464454258948, "support": 4000}, "weighted avg": {"precision": 0.8027166808276497, "recall": 0.8115, "f1-score": 0.7859582970695238, "support": 4000}}, "confusion-matrix": [[2886, 119], [635, 360]]}}, "overall": {"report": {"False": {"precision": 0.8143753261086897, "recall": 0.9647026360943449, "f1-score": 0.8831783884231887, "support": 30000.0}, "True": {"precision": 0.7630587397363965, "recall": 0.34026213941139005, "f1-score": 0.47044788188148134, "support": 10000.0}, "macro avg": {"precision": 0.788717032922543, "recall": 0.6524823877528676, "f1-score": 0.6768131351523351, "support": 40000.0}, "weighted avg": {"precision": 0.8015826875234348, "recall": 0.8086, "f1-score": 0.7800138793026078, "support": 40000.0}, "accuracy": 0.8086}, "confusion-matrix": [[28941.0, 1059.0], [6597.0, 3403.0]]}}