{"features": "pp-pos", "classifier": "SVC", "folds": {"1": {"report": {"False": {"precision": 0.9367480233757305, "recall": 0.9122865751590225, "f1-score": 0.9243554952510177, "support": 2987}, "True": {"precision": 0.7598533455545371, "recall": 0.8183613030602171, "f1-score": 0.7880228136882128, "support": 1013}, "accuracy": 0.8885, "macro avg": {"precision": 0.8483006844651337, "recall": 0.8653239391096198, "f1-score": 0.8561891544696152, "support": 4000}, "weighted avg": {"precision": 0.8919494462175133, "recall": 0.8885, "f1-score": 0.8898292436452373, "support": 4000}}, "confusion-matrix": [[2725, 262], [184, 829]]}, "2": {"report": {"False": {"precision": 0.9364915894267078, "recall": 0.906613492854769, "f1-score": 0.9213103681188788, "support": 3009}, "True": {"precision": 0.7414903403863845, "recall": 0.8133198789101918, "f1-score": 0.7757459095283926, "support": 991}, "accuracy": 0.8835, "macro avg": {"precision": 0.8389909649065461, "recall": 0.8599666858824804, "f1-score": 0.8485281388236356, "support": 4000}, "weighted avg": {"precision": 0.8881800299769678, "recall": 0.8835, "f1-score": 0.8852467735030858, "support": 4000}}, "confusion-matrix": [[2728, 281], [185, 806]]}, "3": {"report": {"False": {"precision": 0.936726272352132, "recall": 0.9095158597662771, "f1-score": 0.9229205488734541, "support": 2995}, "True": {"precision": 0.7518315018315018, "recall": 0.8169154228855722, "f1-score": 0.7830233667143539, "support": 1005}, "accuracy": 0.88625, "macro avg": {"precision": 0.844278887091817, "recall": 0.8632156413259247, "f1-score": 0.852971957793904, "support": 4000}, "weighted avg": {"precision": 0.8902714612588237, "recall": 0.88625, "f1-score": 0.8877713818559803, "support": 4000}}, "confusion-matrix": [[2724, 271], [184, 821]]}, "4": {"report": {"False": {"precision": 0.9361120601298257, "recall": 0.9096945551128818, "f1-score": 0.9227142616602121, "support": 3012}, "True": {"precision": 0.7465051258154707, "recall": 0.8107287449392713, "f1-score": 0.7772925764192139, "support": 988}, "accuracy": 0.88525, "macro avg": {"precision": 0.8413085929726483, "recall": 0.8602116500260766, "f1-score": 0.850003419039713, "support": 4000}, "weighted avg": {"precision": 0.88927914735418, "recall": 0.88525, "f1-score": 0.8867951054056855, "support": 4000}}, "confusion-matrix": [[2740, 272], [187, 801]]}, "5": {"report": {"False": {"precision": 0.9362427548585066, "recall": 0.9110816191108162, "f1-score": 0.9234908357154868, "support": 3014}, "True": {"precision": 0.7488284910965324, "recall": 0.8103448275862069, "f1-score": 0.7783731125182659, "support": 986}, "accuracy": 0.88625, "macro avg": {"precision": 0.8425356229775195, "recall": 0.8607132233485115, "f1-score": 0.8509319741168764, "support": 4000}, "weighted avg": {"precision": 0.89004513884118, "recall": 0.88625, "f1-score": 0.8877193169473719, "support": 4000}}, "confusion-matrix": [[2746, 268], [187, 799]]}, "6": {"report": {"False": {"precision": 0.9417574931880109, "recall": 0.9170812603648425, "f1-score": 0.9292555872962527, "support": 3015}, "True": {"precision": 0.7650375939849624, "recall": 0.8263959390862944, "f1-score": 0.7945339189848707, "support": 985}, "accuracy": 0.89475, "macro avg": {"precision": 0.8533975435864867, "recall": 0.8717385997255684, "f1-score": 0.8618947531405616, "support": 4000}, "weighted avg": {"precision": 0.8982402180092602, "recall": 0.89475, "f1-score": 0.8960803764745748, "support": 4000}}, "confusion-matrix": [[2765, 250], [171, 814]]}, "8": {"report": {"False": {"precision": 0.9392587508579272, "recall": 0.9187646861362874, "f1-score": 0.9288986933650093, "support": 2979}, "True": {"precision": 0.7771639042357275, "recall": 0.8266405484818805, "f1-score": 0.8011390602752728, "support": 1021}, "accuracy": 0.89525, "macro avg": {"precision": 0.8582113275468273, "recall": 0.8727026173090839, "f1-score": 0.865018876820141, "support": 4000}, "weighted avg": {"precision": 0.8978840412576107, "recall": 0.89525, "f1-score": 0.896288047018854, "support": 4000}}, "confusion-matrix": [[2737, 242], [177, 844]]}, "7": {"report": {"False": {"precision": 0.9369369369369369, "recall": 0.9092131809011432, "f1-score": 0.9228668941979522, "support": 2974}, "True": {"precision": 0.7576301615798923, "recall": 0.8226120857699805, "f1-score": 0.788785046728972, "support": 1026}, "accuracy": 0.887, "macro avg": {"precision": 0.8472835492584145, "recall": 0.8659126333355618, "f1-score": 0.8558259704634621, "support": 4000}, "weighted avg": {"precision": 0.8909447490578549, "recall": 0.887, "f1-score": 0.8884749003221588, "support": 4000}}, "confusion-matrix": [[2704, 270], [182, 844]]}, "10": {"report": {"False": {"precision": 0.9416436464088398, "recall": 0.9074875207986689, "f1-score": 0.9242501270971022, "support": 3005}, "True": {"precision": 0.7481884057971014, "recall": 0.8301507537688442, "f1-score": 0.7870414483087185, "support": 995}, "accuracy": 0.88825, "macro avg": {"precision": 0.8449160261029707, "recall": 0.8688191372837566, "f1-score": 0.8556457877029103, "support": 4000}, "weighted avg": {"precision": 0.8935216553066699, "recall": 0.88825, "f1-score": 0.8901194682484916, "support": 4000}}, "confusion-matrix": [[2727, 278], [169, 826]]}, "9": {"report": {"False": {"precision": 0.940996948118006, "recall": 0.9219269102990033, "f1-score": 0.9313643228729652, "support": 3010}, "True": {"precision": 0.7764034253092293, "recall": 0.8242424242424242, "f1-score": 0.7996080352768251, "support": 990}, "accuracy": 0.89775, "macro avg": {"precision": 0.8587001867136177, "recall": 0.8730846672707138, "f1-score": 0.8654861790748951, "support": 4000}, "weighted avg": {"precision": 0.9002600512228338, "recall": 0.89775, "f1-score": 0.8987546416929206, "support": 4000}}, "confusion-matrix": [[2775, 235], [174, 816]]}}, "overall": {"report": {"False": {"precision": 0.9382914475652624, "recall": 0.9123665660503713, "f1-score": 0.9251427134448331, "support": 30000.0}, "True": {"precision": 0.7572932295591339, "recall": 0.8199711928730883, "f1-score": 0.7873565288443098, "support": 10000.0}, "macro avg": {"precision": 0.8477923385621982, "recall": 0.8661688794617298, "f1-score": 0.8562496211445714, "support": 40000.0}, "weighted avg": {"precision": 0.8930575938502894, "recall": 0.8892749999999999, "f1-score": 0.8907079255114361, "support": 40000.0}, "accuracy": 0.8892749999999999}, "confusion-matrix": [[27371.0, 2629.0], [1800.0, 8200.0]]}}