{"features": "pp-pos", "classifier": "DecisionTreeClassifier", "folds": {"1": {"report": {"False": {"precision": 0.8970880211780278, "recall": 0.9075995982591228, "f1-score": 0.9023131968713596, "support": 2987}, "True": {"precision": 0.7177914110429447, "recall": 0.6929911154985192, "f1-score": 0.7051732797589151, "support": 1013}, "accuracy": 0.85325, "macro avg": {"precision": 0.8074397161104863, "recall": 0.800295356878821, "f1-score": 0.8037432383151373, "support": 4000}, "weighted avg": {"precision": 0.851681154661318, "recall": 0.85325, "f1-score": 0.852387512862633, "support": 4000}}, "confusion-matrix": [[2711, 276], [311, 702]]}, "2": {"report": {"False": {"precision": 0.9043077934889839, "recall": 0.9139248919906946, "f1-score": 0.9090909090909092, "support": 3009}, "True": {"precision": 0.7299270072992701, "recall": 0.7063572149344097, "f1-score": 0.7179487179487181, "support": 991}, "accuracy": 0.8625, "macro avg": {"precision": 0.8171174003941271, "recall": 0.8101410534625522, "f1-score": 0.8135198135198136, "support": 4000}, "weighted avg": {"precision": 0.8611049537104822, "recall": 0.8625, "f1-score": 0.8617354312354313, "support": 4000}}, "confusion-matrix": [[2750, 259], [291, 700]]}, "3": {"report": {"False": {"precision": 0.8967889908256881, "recall": 0.9138564273789649, "f1-score": 0.9052422688936663, "support": 2995}, "True": {"precision": 0.7278481012658228, "recall": 0.6865671641791045, "f1-score": 0.706605222734255, "support": 1005}, "accuracy": 0.85675, "macro avg": {"precision": 0.8123185460457554, "recall": 0.8002117957790347, "f1-score": 0.8059237458139606, "support": 4000}, "weighted avg": {"precision": 0.8543425923237719, "recall": 0.85675, "f1-score": 0.8553347110461142, "support": 4000}}, "confusion-matrix": [[2737, 258], [315, 690]]}, "4": {"report": {"False": {"precision": 0.8977864583333334, "recall": 0.9156706507304117, "f1-score": 0.9066403681788298, "support": 3012}, "True": {"precision": 0.7262931034482759, "recall": 0.6821862348178138, "f1-score": 0.7035490605427976, "support": 988}, "accuracy": 0.858, "macro avg": {"precision": 0.8120397808908046, "recall": 0.7989284427741128, "f1-score": 0.8050947143608137, "support": 4000}, "weighted avg": {"precision": 0.8554275996767242, "recall": 0.858, "f1-score": 0.8564768151927299, "support": 4000}}, "confusion-matrix": [[2758, 254], [314, 674]]}, "5": {"report": {"False": {"precision": 0.8937561294540699, "recall": 0.907100199071002, "f1-score": 0.9003787255063395, "support": 3014}, "True": {"precision": 0.7024442082890542, "recall": 0.6703853955375254, "f1-score": 0.6860404774260509, "support": 986}, "accuracy": 0.84875, "macro avg": {"precision": 0.7981001688715621, "recall": 0.7887427973042638, "f1-score": 0.7932096014661951, "support": 4000}, "weighted avg": {"precision": 0.8465977408868935, "recall": 0.84875, "f1-score": 0.8475443473545483, "support": 4000}}, "confusion-matrix": [[2734, 280], [325, 661]]}, "6": {"report": {"False": {"precision": 0.9032258064516129, "recall": 0.9101160862354892, "f1-score": 0.9066578556087891, "support": 3015}, "True": {"precision": 0.7182952182952183, "recall": 0.7015228426395939, "f1-score": 0.7098099640472522, "support": 985}, "accuracy": 0.85875, "macro avg": {"precision": 0.8107605123734156, "recall": 0.8058194644375416, "f1-score": 0.8082339098280207, "support": 4000}, "weighted avg": {"precision": 0.8576866491181006, "recall": 0.85875, "f1-score": 0.8581840623117606, "support": 4000}}, "confusion-matrix": [[2744, 271], [294, 691]]}, "7": {"report": {"False": {"precision": 0.902228134353176, "recall": 0.9122394082044385, "f1-score": 0.9072061528172547, "support": 2974}, "True": {"precision": 0.7371601208459214, "recall": 0.7134502923976608, "f1-score": 0.725111441307578, "support": 1026}, "accuracy": 0.86125, "macro avg": {"precision": 0.8196941275995486, "recall": 0.8128448503010497, "f1-score": 0.8161587970624163, "support": 4000}, "weighted avg": {"precision": 0.8598881888885652, "recall": 0.86125, "f1-score": 0.8604988593150227, "support": 4000}}, "confusion-matrix": [[2713, 261], [294, 732]]}, "8": {"report": {"False": {"precision": 0.8923279552189661, "recall": 0.909701242027526, "f1-score": 0.9009308510638299, "support": 2979}, "True": {"precision": 0.7206645898234684, "recall": 0.6797257590597453, "f1-score": 0.6995967741935484, "support": 1021}, "accuracy": 0.851, "macro avg": {"precision": 0.8064962725212173, "recall": 0.7947135005436357, "f1-score": 0.8002638126286892, "support": 4000}, "weighted avg": {"precision": 0.8485108812017653, "recall": 0.851, "f1-score": 0.8495403279426905, "support": 4000}}, "confusion-matrix": [[2710, 269], [327, 694]]}, "9": {"report": {"False": {"precision": 0.9073829927488464, "recall": 0.9146179401993355, "f1-score": 0.9109861019192588, "support": 3010}, "True": {"precision": 0.7339544513457557, "recall": 0.7161616161616161, "f1-score": 0.7249488752556237, "support": 990}, "accuracy": 0.8655, "macro avg": {"precision": 0.820668722047301, "recall": 0.8153897781804758, "f1-score": 0.8179674885874413, "support": 4000}, "weighted avg": {"precision": 0.8644594287515814, "recall": 0.8655, "f1-score": 0.8649418883200092, "support": 4000}}, "confusion-matrix": [[2753, 257], [281, 709]]}, "10": {"report": {"False": {"precision": 0.9054593874833555, "recall": 0.9051580698835274, "f1-score": 0.9053087036112497, "support": 3005}, "True": {"precision": 0.713855421686747, "recall": 0.714572864321608, "f1-score": 0.7142139628327473, "support": 995}, "accuracy": 0.85775, "macro avg": {"precision": 0.8096574045850513, "recall": 0.8098654671025678, "f1-score": 0.8097613332219985, "support": 4000}, "weighted avg": {"precision": 0.8577979009914491, "recall": 0.85775, "f1-score": 0.8577738868425973, "support": 4000}}, "confusion-matrix": [[2720, 285], [284, 711]]}}, "overall": {"report": {"False": {"precision": 0.9000351669536061, "recall": 0.910998451398051, "f1-score": 0.9054755133561485, "support": 30000.0}, "True": {"precision": 0.7228233633342478, "recall": 0.6963920499547596, "f1-score": 0.7092997776047486, "support": 10000.0}, "macro avg": {"precision": 0.811429265143927, "recall": 0.8036952506764056, "f1-score": 0.8073876454804486, "support": 40000.0}, "weighted avg": {"precision": 0.8557497090210653, "recall": 0.85735, "f1-score": 0.8564417842423537, "support": 40000.0}, "accuracy": 0.85735}, "confusion-matrix": [[27330.0, 2670.0], [3036.0, 6964.0]]}}