{"features": "pp-pos-emot", "classifier": "MultinomialNB", "folds": {"1": {"report": {"False": {"precision": 0.8546617915904936, "recall": 0.9390693003013056, "f1-score": 0.8948795661189982, "support": 2987}, "True": {"precision": 0.7465181058495822, "recall": 0.5291214215202369, "f1-score": 0.6192952050837666, "support": 1013}, "accuracy": 0.83525, "macro avg": {"precision": 0.8005899487200379, "recall": 0.7340953609107712, "f1-score": 0.7570873856013824, "support": 4000}, "weighted avg": {"precision": 0.8272744031766078, "recall": 0.83525, "f1-score": 0.8250878266868258, "support": 4000}}, "confusion-matrix": [[2805, 182], [477, 536]]}, "2": {"report": {"False": {"precision": 0.8559398496240601, "recall": 0.9458291791292789, "f1-score": 0.8986422481844016, "support": 3009}, "True": {"precision": 0.7585185185185185, "recall": 0.5166498486377397, "f1-score": 0.6146458583433373, "support": 991}, "accuracy": 0.8395, "macro avg": {"precision": 0.8072291840712893, "recall": 0.7312395138835093, "f1-score": 0.7566440532638694, "support": 4000}, "weighted avg": {"precision": 0.8318037148426622, "recall": 0.8395, "f1-score": 0.8282821426012779, "support": 4000}}, "confusion-matrix": [[2846, 163], [479, 512]]}, "3": {"report": {"False": {"precision": 0.8596861798430899, "recall": 0.9512520868113522, "f1-score": 0.9031542241242668, "support": 2995}, "True": {"precision": 0.7871720116618076, "recall": 0.5373134328358209, "f1-score": 0.638675340035482, "support": 1005}, "accuracy": 0.84725, "macro avg": {"precision": 0.8234290957524488, "recall": 0.7442827598235866, "f1-score": 0.7709147820798744, "support": 4000}, "weighted avg": {"precision": 0.8414669950875427, "recall": 0.84725, "f1-score": 0.8367039044969595, "support": 4000}}, "confusion-matrix": [[2849, 146], [465, 540]]}, "4": {"report": {"False": {"precision": 0.8565451285116558, "recall": 0.951527224435591, "f1-score": 0.9015413652091854, "support": 3012}, "True": {"precision": 0.7767584097859327, "recall": 0.5141700404858299, "f1-score": 0.6187576126674786, "support": 988}, "accuracy": 0.8435, "macro avg": {"precision": 0.8166517691487942, "recall": 0.7328486324607104, "f1-score": 0.760149488938332, "support": 4000}, "weighted avg": {"precision": 0.8368378089864021, "recall": 0.8435, "f1-score": 0.8316937783313838, "support": 4000}}, "confusion-matrix": [[2866, 146], [480, 508]]}, "5": {"report": {"False": {"precision": 0.8618801338606632, "recall": 0.9399469143994691, "f1-score": 0.8992223456594192, "support": 3014}, "True": {"precision": 0.7461430575035063, "recall": 0.539553752535497, "f1-score": 0.6262507357268983, "support": 986}, "accuracy": 0.84125, "macro avg": {"precision": 0.8040115956820848, "recall": 0.7397503334674831, "f1-score": 0.7627365406931588, "support": 4000}, "weighted avg": {"precision": 0.833350944538624, "recall": 0.84125, "f1-score": 0.8319348438110528, "support": 4000}}, "confusion-matrix": [[2833, 181], [454, 532]]}, "6": {"report": {"False": {"precision": 0.85770274344287, "recall": 0.9436152570480929, "f1-score": 0.8986102337334174, "support": 3015}, "True": {"precision": 0.7510980966325037, "recall": 0.5208121827411167, "f1-score": 0.6151079136690648, "support": 985}, "accuracy": 0.8395, "macro avg": {"precision": 0.8044004200376869, "recall": 0.7322137198946048, "f1-score": 0.7568590737012411, "support": 4000}, "weighted avg": {"precision": 0.8314513491658173, "recall": 0.8395, "f1-score": 0.8287977874175706, "support": 4000}}, "confusion-matrix": [[2845, 170], [472, 513]]}, "7": {"report": {"False": {"precision": 0.8597188264058679, "recall": 0.9458641560188299, "f1-score": 0.9007364713416587, "support": 2974}, "True": {"precision": 0.7788461538461539, "recall": 0.5526315789473685, "f1-score": 0.6465222348916763, "support": 1026}, "accuracy": 0.845, "macro avg": {"precision": 0.819282490126011, "recall": 0.7492478674830991, "f1-score": 0.7736293531166675, "support": 4000}, "weighted avg": {"precision": 0.8389749858943013, "recall": 0.845, "f1-score": 0.8355305196922381, "support": 4000}}, "confusion-matrix": [[2813, 161], [459, 567]]}, "8": {"report": {"False": {"precision": 0.8548683404776485, "recall": 0.9372272574689493, "f1-score": 0.8941553242594075, "support": 2979}, "True": {"precision": 0.7452316076294278, "recall": 0.5357492654260528, "f1-score": 0.6233618233618233, "support": 1021}, "accuracy": 0.83475, "macro avg": {"precision": 0.8000499740535381, "recall": 0.736488261447501, "f1-score": 0.7587585738106154, "support": 4000}, "weighted avg": {"precision": 0.8268835644181401, "recall": 0.83475, "f1-score": 0.8250352831552991, "support": 4000}}, "confusion-matrix": [[2792, 187], [474, 547]]}, "9": {"report": {"False": {"precision": 0.8549253731343284, "recall": 0.9514950166112957, "f1-score": 0.9006289308176102, "support": 3010}, "True": {"precision": 0.7753846153846153, "recall": 0.509090909090909, "f1-score": 0.6146341463414634, "support": 990}, "accuracy": 0.842, "macro avg": {"precision": 0.8151549942594718, "recall": 0.7302929628511023, "f1-score": 0.7576315385795368, "support": 4000}, "weighted avg": {"precision": 0.8352390355912744, "recall": 0.842, "f1-score": 0.8298452216597638, "support": 4000}}, "confusion-matrix": [[2864, 146], [486, 504]]}, "10": {"report": {"False": {"precision": 0.8624885914207484, "recall": 0.9434276206322796, "f1-score": 0.9011443102352195, "support": 3005}, "True": {"precision": 0.761570827489481, "recall": 0.5457286432160804, "f1-score": 0.6358313817330211, "support": 995}, "accuracy": 0.8445, "macro avg": {"precision": 0.8120297094551148, "recall": 0.74457813192418, "f1-score": 0.7684878459841202, "support": 4000}, "weighted avg": {"precision": 0.8373852976428456, "recall": 0.8445, "f1-score": 0.8351477192702975, "support": 4000}}, "confusion-matrix": [[2835, 170], [452, 543]]}}, "overall": {"report": {"False": {"precision": 0.8578416958311426, "recall": 0.9449254012856443, "f1-score": 0.8992715019683585, "support": 30000.0}, "True": {"precision": 0.762724140430153, "recall": 0.5300821075436651, "f1-score": 0.6253082251854011, "support": 10000.0}, "macro avg": {"precision": 0.8102829181306477, "recall": 0.7375037544146548, "f1-score": 0.7622898635768798, "support": 40000.0}, "weighted avg": {"precision": 0.8340668099344217, "recall": 0.8412499999999999, "f1-score": 0.8308059027122668, "support": 40000.0}, "accuracy": 0.8412499999999999}, "confusion-matrix": [[28348.0, 1652.0], [4698.0, 5302.0]]}}