{"features": "sbert-pp-emot", "classifier": "SVC", "folds": {"3": {"report": {"False": {"precision": 0.9388157894736842, "recall": 0.9529215358931553, "f1-score": 0.9458160729080364, "support": 2995}, "True": {"precision": 0.853125, "recall": 0.8149253731343283, "f1-score": 0.833587786259542, "support": 1005}, "accuracy": 0.91825, "macro avg": {"precision": 0.895970394736842, "recall": 0.8839234545137418, "f1-score": 0.8897019295837891, "support": 4000}, "weighted avg": {"precision": 0.9172859786184211, "recall": 0.91825, "f1-score": 0.9176187158876022, "support": 4000}}, "confusion-matrix": [[2854, 141], [186, 819]]}, "2": {"report": {"False": {"precision": 0.9382554720679517, "recall": 0.9544699235626454, "f1-score": 0.9462932454695222, "support": 3009}, "True": {"precision": 0.8541001064962727, "recall": 0.8092835519677094, "f1-score": 0.8310880829015544, "support": 991}, "accuracy": 0.9185, "macro avg": {"precision": 0.8961777892821121, "recall": 0.8818767377651774, "f1-score": 0.8886906641855383, "support": 4000}, "weighted avg": {"precision": 0.9174059802475683, "recall": 0.9185, "f1-score": 0.9177511664433082, "support": 4000}}, "confusion-matrix": [[2872, 137], [189, 802]]}, "4": {"report": {"False": {"precision": 0.9425774877650898, "recall": 0.9591633466135459, "f1-score": 0.950798091163403, "support": 3012}, "True": {"precision": 0.8684491978609625, "recall": 0.8218623481781376, "f1-score": 0.8445137805512221, "support": 988}, "accuracy": 0.92525, "macro avg": {"precision": 0.9055133428130262, "recall": 0.8905128473958417, "f1-score": 0.8976559358573125, "support": 4000}, "weighted avg": {"precision": 0.9242678001587703, "recall": 0.92525, "f1-score": 0.9245458664421942, "support": 4000}}, "confusion-matrix": [[2889, 123], [176, 812]]}, "6": {"report": {"False": {"precision": 0.9451559934318555, "recall": 0.9545605306799336, "f1-score": 0.9498349834983497, "support": 3015}, "True": {"precision": 0.856544502617801, "recall": 0.8304568527918782, "f1-score": 0.8432989690721648, "support": 985}, "accuracy": 0.924, "macro avg": {"precision": 0.9008502480248283, "recall": 0.892508691735906, "f1-score": 0.8965669762852573, "support": 4000}, "weighted avg": {"precision": 0.9233354138188946, "recall": 0.924, "f1-score": 0.9236004899459017, "support": 4000}}, "confusion-matrix": [[2878, 137], [167, 818]]}, "1": {"report": {"False": {"precision": 0.9410791128765309, "recall": 0.9517910947438902, "f1-score": 0.9464047936085219, "support": 2987}, "True": {"precision": 0.8529111338100103, "recall": 0.824284304047384, "f1-score": 0.8383534136546185, "support": 1013}, "accuracy": 0.9195, "macro avg": {"precision": 0.8969951233432706, "recall": 0.8880376993956371, "f1-score": 0.8923791036315702, "support": 4000}, "weighted avg": {"precision": 0.9187505721779347, "recall": 0.9195, "f1-score": 0.9190407816351958, "support": 4000}}, "confusion-matrix": [[2843, 144], [178, 835]]}, "5": {"report": {"False": {"precision": 0.9408514787130322, "recall": 0.9605175846051759, "f1-score": 0.9505828271219833, "support": 3014}, "True": {"precision": 0.8710725893824486, "recall": 0.8154158215010142, "f1-score": 0.8423258250392877, "support": 986}, "accuracy": 0.92475, "macro avg": {"precision": 0.9059620340477403, "recall": 0.8879667030530951, "f1-score": 0.8964543260806355, "support": 4000}, "weighted avg": {"precision": 0.9236509824930433, "recall": 0.92475, "f1-score": 0.9238974761085988, "support": 4000}}, "confusion-matrix": [[2895, 119], [182, 804]]}, "10": {"report": {"False": {"precision": 0.9478203434610304, "recall": 0.9550748752079867, "f1-score": 0.9514337808718715, "support": 3005}, "True": {"precision": 0.8611111111111112, "recall": 0.8412060301507538, "f1-score": 0.8510421962379259, "support": 995}, "accuracy": 0.92675, "macro avg": {"precision": 0.9044657272860708, "recall": 0.8981404526793703, "f1-score": 0.9012379885548987, "support": 4000}, "weighted avg": {"precision": 0.926251421913988, "recall": 0.92675, "f1-score": 0.9264613741941775, "support": 4000}}, "confusion-matrix": [[2870, 135], [158, 837]]}, "7": {"report": {"False": {"precision": 0.9469469469469469, "recall": 0.9542703429724277, "f1-score": 0.9505945402780104, "support": 2974}, "True": {"precision": 0.864406779661017, "recall": 0.8450292397660819, "f1-score": 0.8546081813701332, "support": 1026}, "accuracy": 0.92625, "macro avg": {"precision": 0.905676863303982, "recall": 0.8996497913692548, "f1-score": 0.9026013608240717, "support": 4000}, "weighted avg": {"precision": 0.9257753940381059, "recall": 0.92625, "f1-score": 0.9259740392181398, "support": 4000}}, "confusion-matrix": [[2838, 136], [159, 867]]}, "9": {"report": {"False": {"precision": 0.9394728278555158, "recall": 0.9591362126245847, "f1-score": 0.9492026960381391, "support": 3010}, "True": {"precision": 0.8673139158576052, "recall": 0.8121212121212121, "f1-score": 0.838810641627543, "support": 990}, "accuracy": 0.92275, "macro avg": {"precision": 0.9033933718565605, "recall": 0.8856287123728984, "f1-score": 0.8940066688328411, "support": 4000}, "weighted avg": {"precision": 0.9216134971360329, "recall": 0.92275, "f1-score": 0.9218806625715166, "support": 4000}}, "confusion-matrix": [[2887, 123], [186, 804]]}, "8": {"report": {"False": {"precision": 0.9405192244495564, "recall": 0.9607250755287009, "f1-score": 0.9505147791431419, "support": 2979}, "True": {"precision": 0.877742946708464, "recall": 0.8227228207639569, "f1-score": 0.8493427704752275, "support": 1021}, "accuracy": 0.9255, "macro avg": {"precision": 0.9091310855790102, "recall": 0.8917239481463288, "f1-score": 0.8999287748091847, "support": 4000}, "weighted avg": {"precision": 0.9244955795561426, "recall": 0.9255, "f1-score": 0.9246906239306568, "support": 4000}}, "confusion-matrix": [[2862, 117], [181, 840]]}}, "overall": {"report": {"False": {"precision": 0.9421494677041193, "recall": 0.9562630522432046, "f1-score": 0.9491475810100978, "support": 30000.0}, "True": {"precision": 0.8626777283505691, "recall": 0.8237307554422457, "f1-score": 0.8426971647189218, "support": 10000.0}, "macro avg": {"precision": 0.9024135980273444, "recall": 0.8899969038427251, "f1-score": 0.8959223728645099, "support": 40000.0}, "weighted avg": {"precision": 0.9222832620158901, "recall": 0.92315, "f1-score": 0.922546119637729, "support": 40000.0}, "accuracy": 0.92315}, "confusion-matrix": [[28688.0, 1312.0], [1762.0, 8238.0]]}}