{"features": "sbert", "classifier": "DecisionTreeClassifier", "folds": {"9": {"report": {"False": {"precision": 0.8531837677334213, "recall": 0.8591362126245847, "f1-score": 0.8561496440986591, "support": 3010}, "True": {"precision": 0.5624355005159959, "recall": 0.5505050505050505, "f1-score": 0.5564063297600816, "support": 990}, "accuracy": 0.78275, "macro avg": {"precision": 0.7078096341247087, "recall": 0.7048206315648176, "f1-score": 0.7062779869293704, "support": 4000}, "weighted avg": {"precision": 0.7812235715971085, "recall": 0.78275, "f1-score": 0.7819631737998612, "support": 4000}}, "confusion-matrix": [[2586, 424], [445, 545]]}, "4": {"report": {"False": {"precision": 0.8578057673185283, "recall": 0.8592297476759628, "f1-score": 0.8585171670260408, "support": 3012}, "True": {"precision": 0.5686673448626653, "recall": 0.5657894736842105, "f1-score": 0.567224759005581, "support": 988}, "accuracy": 0.78675, "macro avg": {"precision": 0.7132365560905969, "recall": 0.7125096106800867, "f1-score": 0.7128709630158109, "support": 4000}, "weighted avg": {"precision": 0.7863885769719301, "recall": 0.78675, "f1-score": 0.786567942244987, "support": 4000}}, "confusion-matrix": [[2588, 424], [429, 559]]}, "3": {"report": {"False": {"precision": 0.8584307178631052, "recall": 0.8584307178631052, "f1-score": 0.8584307178631052, "support": 2995}, "True": {"precision": 0.5781094527363184, "recall": 0.5781094527363184, "f1-score": 0.5781094527363184, "support": 1005}, "accuracy": 0.788, "macro avg": {"precision": 0.7182700852997118, "recall": 0.7182700852997118, "f1-score": 0.7182700852997118, "support": 4000}, "weighted avg": {"precision": 0.788, "recall": 0.788, "f1-score": 0.788, "support": 4000}}, "confusion-matrix": [[2571, 424], [424, 581]]}, "7": {"report": {"False": {"precision": 0.8481012658227848, "recall": 0.8560860793544048, "f1-score": 0.8520749665327978, "support": 2974}, "True": {"precision": 0.5711422845691383, "recall": 0.5555555555555556, "f1-score": 0.5632411067193676, "support": 1026}, "accuracy": 0.779, "macro avg": {"precision": 0.7096217751959615, "recall": 0.7058208174549803, "f1-score": 0.7076580366260827, "support": 4000}, "weighted avg": {"precision": 0.7770612871312245, "recall": 0.779, "f1-score": 0.7779890814906529, "support": 4000}}, "confusion-matrix": [[2546, 428], [456, 570]]}, "2": {"report": {"False": {"precision": 0.8542914171656687, "recall": 0.8534396809571286, "f1-score": 0.8538653366583541, "support": 3009}, "True": {"precision": 0.5563380281690141, "recall": 0.5580221997981837, "f1-score": 0.5571788413098238, "support": 991}, "accuracy": 0.78025, "macro avg": {"precision": 0.7053147226673414, "recall": 0.7057309403776562, "f1-score": 0.705522088984089, "support": 4000}, "weighted avg": {"precision": 0.7804734650417475, "recall": 0.78025, "f1-score": 0.7803612574357558, "support": 4000}}, "confusion-matrix": [[2568, 441], [438, 553]]}, "10": {"report": {"False": {"precision": 0.848404255319149, "recall": 0.8492512479201331, "f1-score": 0.8488275403292866, "support": 3005}, "True": {"precision": 0.5433467741935484, "recall": 0.5417085427135678, "f1-score": 0.5425264217413186, "support": 995}, "accuracy": 0.77275, "macro avg": {"precision": 0.6958755147563487, "recall": 0.6954798953168504, "f1-score": 0.6956769810353026, "support": 4000}, "weighted avg": {"precision": 0.7725212068891558, "recall": 0.77275, "f1-score": 0.7726351370805296, "support": 4000}}, "confusion-matrix": [[2552, 453], [456, 539]]}, "1": {"report": {"False": {"precision": 0.856, "recall": 0.8597254770672916, "f1-score": 0.857858693836646, "support": 2987}, "True": {"precision": 0.581, "recall": 0.5735439289239882, "f1-score": 0.5772478887232985, "support": 1013}, "accuracy": 0.78725, "macro avg": {"precision": 0.7184999999999999, "recall": 0.7166347029956399, "f1-score": 0.7175532912799722, "support": 4000}, "weighted avg": {"precision": 0.78635625, "recall": 0.78725, "f1-score": 0.7867940074416907, "support": 4000}}, "confusion-matrix": [[2568, 419], [432, 581]]}, "6": {"report": {"False": {"precision": 0.8536345776031434, "recall": 0.8646766169154229, "f1-score": 0.8591201186356896, "support": 3015}, "True": {"precision": 0.5687103594080338, "recall": 0.5461928934010152, "f1-score": 0.5572242361470741, "support": 985}, "accuracy": 0.78625, "macro avg": {"precision": 0.7111724685055887, "recall": 0.705434755158219, "f1-score": 0.7081721773913818, "support": 4000}, "weighted avg": {"precision": 0.7834719888725976, "recall": 0.78625, "f1-score": 0.784778257572868, "support": 4000}}, "confusion-matrix": [[2607, 408], [447, 538]]}, "8": {"report": {"False": {"precision": 0.8414473684210526, "recall": 0.8586774085263511, "f1-score": 0.8499750789167636, "support": 2979}, "True": {"precision": 0.5614583333333333, "recall": 0.5279138099902057, "f1-score": 0.5441696113074206, "support": 1021}, "accuracy": 0.77425, "macro avg": {"precision": 0.7014528508771929, "recall": 0.6932956092582784, "f1-score": 0.6970723451120922, "support": 4000}, "weighted avg": {"precision": 0.7699801672149121, "recall": 0.77425, "f1-score": 0.7719182333094787, "support": 4000}}, "confusion-matrix": [[2558, 421], [482, 539]]}, "5": {"report": {"False": {"precision": 0.8643899204244032, "recall": 0.864963503649635, "f1-score": 0.8646766169154229, "support": 3014}, "True": {"precision": 0.5863821138211383, "recall": 0.5851926977687627, "f1-score": 0.5857868020304569, "support": 986}, "accuracy": 0.796, "macro avg": {"precision": 0.7253860171227707, "recall": 0.7250781007091989, "f1-score": 0.7252317094729399, "support": 4000}, "weighted avg": {"precision": 0.7958609960966984, "recall": 0.796, "f1-score": 0.7959302775462789, "support": 4000}}, "confusion-matrix": [[2607, 407], [409, 577]]}}, "overall": {"report": {"False": {"precision": 0.8535689057671256, "recall": 0.858361669255402, "f1-score": 0.8559495880812765, "support": 30000.0}, "True": {"precision": 0.5677590191609185, "recall": 0.5582533605076858, "f1-score": 0.5629115449480742, "support": 10000.0}, "macro avg": {"precision": 0.7106639624640222, "recall": 0.7083075148815439, "f1-score": 0.7094305665146754, "support": 40000.0}, "weighted avg": {"precision": 0.7821337509815375, "recall": 0.783325, "f1-score": 0.7826937367922102, "support": 40000.0}, "accuracy": 0.783325}, "confusion-matrix": [[25751.0, 4249.0], [4418.0, 5582.0]]}}