{"features": "sbert-pp-pos-emot", "classifier": "SVC", "folds": {"2": {"report": {"False": {"precision": 0.9426981008513425, "recall": 0.9567962778331671, "f1-score": 0.9496948705261421, "support": 3009}, "True": {"precision": 0.8625792811839323, "recall": 0.8234106962663976, "f1-score": 0.8425400103252453, "support": 991}, "accuracy": 0.92375, "macro avg": {"precision": 0.9026386910176374, "recall": 0.8901034870497824, "f1-score": 0.8961174404256937, "support": 4000}, "weighted avg": {"precision": 0.9228486632787417, "recall": 0.92375, "f1-score": 0.92314725391137, "support": 4000}}, "confusion-matrix": [[2879, 130], [175, 816]]}, "3": {"report": {"False": {"precision": 0.9391247120763409, "recall": 0.9529215358931553, "f1-score": 0.9459728206827974, "support": 2995}, "True": {"precision": 0.8532778355879292, "recall": 0.8159203980099502, "f1-score": 0.8341810783316378, "support": 1005}, "accuracy": 0.9185, "macro avg": {"precision": 0.896201273832135, "recall": 0.8844209669515528, "f1-score": 0.8900769495072176, "support": 4000}, "weighted avg": {"precision": 0.9175556843586274, "recall": 0.9185, "f1-score": 0.9178851454170687, "support": 4000}}, "confusion-matrix": [[2854, 141], [185, 820]]}, "5": {"report": {"False": {"precision": 0.9429967426710097, "recall": 0.9605175846051759, "f1-score": 0.9516765285996056, "support": 3014}, "True": {"precision": 0.8720430107526882, "recall": 0.8225152129817445, "f1-score": 0.8465553235908143, "support": 986}, "accuracy": 0.9265, "macro avg": {"precision": 0.907519876711849, "recall": 0.8915163987934602, "f1-score": 0.89911592609521, "support": 4000}, "weighted avg": {"precision": 0.9255066477531435, "recall": 0.9265, "f1-score": 0.9257641515649386, "support": 4000}}, "confusion-matrix": [[2895, 119], [175, 811]]}, "1": {"report": {"False": {"precision": 0.9446102819237148, "recall": 0.9534650150652829, "f1-score": 0.9490169943352216, "support": 2987}, "True": {"precision": 0.8588832487309644, "recall": 0.8351431391905232, "f1-score": 0.8468468468468469, "support": 1013}, "accuracy": 0.9235, "macro avg": {"precision": 0.9017467653273397, "recall": 0.894304077127903, "f1-score": 0.8979319205910342, "support": 4000}, "weighted avg": {"precision": 0.9228999107676507, "recall": 0.9235, "f1-score": 0.9231424044837906, "support": 4000}}, "confusion-matrix": [[2848, 139], [167, 846]]}, "10": {"report": {"False": {"precision": 0.9482019135598813, "recall": 0.956405990016639, "f1-score": 0.9522862823061631, "support": 3005}, "True": {"precision": 0.8648090815273478, "recall": 0.842211055276382, "f1-score": 0.8533604887983708, "support": 995}, "accuracy": 0.928, "macro avg": {"precision": 0.9065054975436145, "recall": 0.8993085226465105, "f1-score": 0.9028233855522669, "support": 4000}, "weighted avg": {"precision": 0.9274579465917885, "recall": 0.928, "f1-score": 0.9276784911710997, "support": 4000}}, "confusion-matrix": [[2874, 131], [157, 838]]}, "6": {"report": {"False": {"precision": 0.9468329504430587, "recall": 0.956882255389718, "f1-score": 0.9518310788518641, "support": 3015}, "True": {"precision": 0.863588667366212, "recall": 0.8355329949238579, "f1-score": 0.8493292053663573, "support": 985}, "accuracy": 0.927, "macro avg": {"precision": 0.9052108089046353, "recall": 0.896207625156788, "f1-score": 0.9005801421091106, "support": 4000}, "weighted avg": {"precision": 0.9263340457353851, "recall": 0.927, "f1-score": 0.926589992506058, "support": 4000}}, "confusion-matrix": [[2885, 130], [162, 823]]}, "4": {"report": {"False": {"precision": 0.9453176162409954, "recall": 0.9584993359893759, "f1-score": 0.9518628420705572, "support": 3012}, "True": {"precision": 0.8678646934460887, "recall": 0.8309716599190283, "f1-score": 0.8490175801447776, "support": 988}, "accuracy": 0.927, "macro avg": {"precision": 0.9065911548435421, "recall": 0.8947354979542022, "f1-score": 0.9004402111076674, "support": 4000}, "weighted avg": {"precision": 0.9261867443106535, "recall": 0.927, "f1-score": 0.9264600623748896, "support": 4000}}, "confusion-matrix": [[2887, 125], [167, 821]]}, "9": {"report": {"False": {"precision": 0.9410801963993454, "recall": 0.9551495016611296, "f1-score": 0.9480626545754328, "support": 3010}, "True": {"precision": 0.8571428571428571, "recall": 0.8181818181818182, "f1-score": 0.8372093023255814, "support": 990}, "accuracy": 0.92125, "macro avg": {"precision": 0.8991115267711012, "recall": 0.886665659921474, "f1-score": 0.8926359784505071, "support": 4000}, "weighted avg": {"precision": 0.9203057049333645, "recall": 0.92125, "f1-score": 0.9206264498935945, "support": 4000}}, "confusion-matrix": [[2875, 135], [180, 810]]}, "7": {"report": {"False": {"precision": 0.9468937875751503, "recall": 0.9532616005379959, "f1-score": 0.9500670241286863, "support": 2974}, "True": {"precision": 0.8618290258449304, "recall": 0.8450292397660819, "f1-score": 0.8533464566929133, "support": 1026}, "accuracy": 0.9255, "macro avg": {"precision": 0.9043614067100403, "recall": 0.8991454201520389, "f1-score": 0.9017067404107998, "support": 4000}, "weighted avg": {"precision": 0.925074676191349, "recall": 0.9255, "f1-score": 0.9252581985814106, "support": 4000}}, "confusion-matrix": [[2835, 139], [159, 867]]}, "8": {"report": {"False": {"precision": 0.9422193040052528, "recall": 0.9634105404498153, "f1-score": 0.9526970954356847, "support": 2979}, "True": {"precision": 0.8857442348008385, "recall": 0.8276199804113614, "f1-score": 0.8556962025316455, "support": 1021}, "accuracy": 0.92875, "macro avg": {"precision": 0.9139817694030457, "recall": 0.8955152604305884, "f1-score": 0.904196648983665, "support": 4000}, "weighted avg": {"precision": 0.927804042590826, "recall": 0.92875, "f1-score": 0.9279376175219287, "support": 4000}}, "confusion-matrix": [[2870, 109], [176, 845]]}}, "overall": {"report": {"False": {"precision": 0.9439975605746092, "recall": 0.9567309637441456, "f1-score": 0.9503168191512155, "support": 30000.0}, "True": {"precision": 0.8647761936383789, "recall": 0.8296536194927147, "f1-score": 0.846808249495419, "support": 10000.0}, "macro avg": {"precision": 0.904386877106494, "recall": 0.8931922916184301, "f1-score": 0.8985625343233175, "support": 40000.0}, "weighted avg": {"precision": 0.9241974066511531, "recall": 0.9249749999999999, "f1-score": 0.924448976742615, "support": 40000.0}, "accuracy": 0.9249749999999999}, "confusion-matrix": [[28702.0, 1298.0], [1703.0, 8297.0]]}}