{"features": "sbert-emot", "classifier": "SVC", "folds": {"4": {"report": {"False": {"precision": 0.9298302872062664, "recall": 0.9458831341301461, "f1-score": 0.9377880184331797, "support": 3012}, "True": {"precision": 0.8258547008547008, "recall": 0.7823886639676113, "f1-score": 0.8035343035343034, "support": 988}, "accuracy": 0.9055, "macro avg": {"precision": 0.8778424940304836, "recall": 0.8641358990488788, "f1-score": 0.8706611609837416, "support": 4000}, "weighted avg": {"precision": 0.9041483173774296, "recall": 0.9055, "f1-score": 0.9046273508531573, "support": 4000}}, "confusion-matrix": [[2849, 163], [215, 773]]}, "6": {"report": {"False": {"precision": 0.9262987012987013, "recall": 0.9462686567164179, "f1-score": 0.9361771944216571, "support": 3015}, "True": {"precision": 0.8239130434782609, "recall": 0.7695431472081218, "f1-score": 0.7958005249343831, "support": 985}, "accuracy": 0.90275, "macro avg": {"precision": 0.875105872388481, "recall": 0.8579059019622699, "f1-score": 0.8659888596780201, "support": 4000}, "weighted avg": {"precision": 0.9010862330604178, "recall": 0.90275, "f1-score": 0.901609439560416, "support": 4000}}, "confusion-matrix": [[2853, 162], [227, 758]]}, "2": {"report": {"False": {"precision": 0.9274088541666666, "recall": 0.9468261881023596, "f1-score": 0.9370169380036178, "support": 3009}, "True": {"precision": 0.8275862068965517, "recall": 0.7749747729566094, "f1-score": 0.8004168837936425, "support": 991}, "accuracy": 0.90425, "macro avg": {"precision": 0.8774975305316092, "recall": 0.8609004805294845, "f1-score": 0.8687169108986301, "support": 4000}, "weighted avg": {"precision": 0.9026777933054957, "recall": 0.90425, "f1-score": 0.9031742745730964, "support": 4000}}, "confusion-matrix": [[2849, 160], [223, 768]]}, "1": {"report": {"False": {"precision": 0.9290473017988008, "recall": 0.933712755272849, "f1-score": 0.9313741860076807, "support": 2987}, "True": {"precision": 0.8016032064128257, "recall": 0.7897334649555775, "f1-score": 0.7956240676280457, "support": 1013}, "accuracy": 0.89725, "macro avg": {"precision": 0.8653252541058132, "recall": 0.8617231101142133, "f1-score": 0.8634991268178632, "support": 4000}, "weighted avg": {"precision": 0.8967720846423026, "recall": 0.89725, "f1-score": 0.8969954685280381, "support": 4000}}, "confusion-matrix": [[2789, 198], [213, 800]]}, "8": {"report": {"False": {"precision": 0.9242125984251969, "recall": 0.945619335347432, "f1-score": 0.9347934295669488, "support": 2979}, "True": {"precision": 0.8298319327731093, "recall": 0.7737512242899118, "f1-score": 0.8008109477952357, "support": 1021}, "accuracy": 0.90175, "macro avg": {"precision": 0.8770222655991531, "recall": 0.8596852798186719, "f1-score": 0.8678021886810923, "support": 4000}, "weighted avg": {"precision": 0.9001219335175015, "recall": 0.90175, "f1-score": 0.9005944010947189, "support": 4000}}, "confusion-matrix": [[2817, 162], [231, 790]]}, "9": {"report": {"False": {"precision": 0.9228285437520181, "recall": 0.9495016611295681, "f1-score": 0.9359751105289013, "support": 3010}, "True": {"precision": 0.831672203765227, "recall": 0.7585858585858586, "f1-score": 0.7934495509772848, "support": 990}, "accuracy": 0.90225, "macro avg": {"precision": 0.8772503737586226, "recall": 0.8540437598577133, "f1-score": 0.8647123307530931, "support": 4000}, "weighted avg": {"precision": 0.9002673496052873, "recall": 0.90225, "f1-score": 0.9007000345398761, "support": 4000}}, "confusion-matrix": [[2858, 152], [239, 751]]}, "3": {"report": {"False": {"precision": 0.9269168026101142, "recall": 0.9485809682804675, "f1-score": 0.9376237623762376, "support": 2995}, "True": {"precision": 0.8352941176470589, "recall": 0.7771144278606965, "f1-score": 0.8051546391752578, "support": 1005}, "accuracy": 0.9055, "macro avg": {"precision": 0.8811054601285866, "recall": 0.8628476980705819, "f1-score": 0.8713892007757477, "support": 4000}, "weighted avg": {"precision": 0.9038966030131466, "recall": 0.9055, "f1-score": 0.9043408951719915, "support": 4000}}, "confusion-matrix": [[2841, 154], [224, 781]]}, "7": {"report": {"False": {"precision": 0.9256444150693985, "recall": 0.9418291862811029, "f1-score": 0.9336666666666666, "support": 2974}, "True": {"precision": 0.8223819301848049, "recall": 0.7807017543859649, "f1-score": 0.801, "support": 1026}, "accuracy": 0.9005, "macro avg": {"precision": 0.8740131726271017, "recall": 0.8612654703335338, "f1-score": 0.8673333333333333, "support": 4000}, "weighted avg": {"precision": 0.8991575876965003, "recall": 0.9005, "f1-score": 0.8996376666666667, "support": 4000}}, "confusion-matrix": [[2801, 173], [225, 801]]}, "10": {"report": {"False": {"precision": 0.9289707333114107, "recall": 0.940099833610649, "f1-score": 0.9345021501819384, "support": 3005}, "True": {"precision": 0.8123044838373306, "recall": 0.7829145728643216, "f1-score": 0.7973387922210851, "support": 995}, "accuracy": 0.901, "macro avg": {"precision": 0.8706376085743706, "recall": 0.8615072032374853, "f1-score": 0.8659204712015117, "support": 4000}, "weighted avg": {"precision": 0.8999500037547332, "recall": 0.901, "f1-score": 0.9003827648891761, "support": 4000}}, "confusion-matrix": [[2825, 180], [216, 779]]}, "5": {"report": {"False": {"precision": 0.9249756414420266, "recall": 0.9449236894492369, "f1-score": 0.9348432627605449, "support": 3014}, "True": {"precision": 0.8197611292073833, "recall": 0.7657200811359026, "f1-score": 0.7918196119559517, "support": 986}, "accuracy": 0.90075, "macro avg": {"precision": 0.872368385324705, "recall": 0.8553218852925697, "f1-score": 0.8633314373582484, "support": 4000}, "weighted avg": {"precision": 0.899040264176187, "recall": 0.90075, "f1-score": 0.8995879328372126, "support": 4000}}, "confusion-matrix": [[2848, 166], [231, 755]]}}, "overall": {"report": {"False": {"precision": 0.92661338790806, "recall": 0.9443245408320229, "f1-score": 0.9353760718947373, "support": 30000.0}, "True": {"precision": 0.8230202955057253, "recall": 0.7755427968210575, "f1-score": 0.798494932201519, "support": 10000.0}, "macro avg": {"precision": 0.8748168417068927, "recall": 0.8599336688265403, "f1-score": 0.8669355020481282, "support": 40000.0}, "weighted avg": {"precision": 0.9007118170149002, "recall": 0.9021500000000001, "f1-score": 0.901165022871435, "support": 40000.0}, "accuracy": 0.9021500000000001}, "confusion-matrix": [[28330.0, 1670.0], [2244.0, 7756.0]]}}