{"features": "sbert-pos", "classifier": "DecisionTreeClassifier", "folds": {"1": {"report": {"False": {"precision": 0.8527833668678739, "recall": 0.8513558754603281, "f1-score": 0.8520690232869829, "support": 2987}, "True": {"precision": 0.5638506876227898, "recall": 0.5666337611056268, "f1-score": 0.5652387986213687, "support": 1013}, "accuracy": 0.77925, "macro avg": {"precision": 0.7083170272453319, "recall": 0.7089948182829775, "f1-score": 0.7086539109541758, "support": 4000}, "weighted avg": {"precision": 0.7796111658490563, "recall": 0.77925, "f1-score": 0.7794292688904161, "support": 4000}}, "confusion-matrix": [[2543, 444], [439, 574]]}, "2": {"report": {"False": {"precision": 0.8552588196505111, "recall": 0.8620804253904952, "f1-score": 0.8586560741476333, "support": 3009}, "True": {"precision": 0.5708376421923474, "recall": 0.557013118062563, "f1-score": 0.5638406537282941, "support": 991}, "accuracy": 0.7865, "macro avg": {"precision": 0.7130482309214292, "recall": 0.7095467717265291, "f1-score": 0.7112483639379636, "support": 4000}, "weighted avg": {"precision": 0.7847934729352509, "recall": 0.7865, "f1-score": 0.785615553738742, "support": 4000}}, "confusion-matrix": [[2594, 415], [439, 552]]}, "9": {"report": {"False": {"precision": 0.8560026604589291, "recall": 0.8551495016611296, "f1-score": 0.8555758683729433, "support": 3010}, "True": {"precision": 0.5609264853977844, "recall": 0.5626262626262626, "f1-score": 0.561775088250126, "support": 990}, "accuracy": 0.78275, "macro avg": {"precision": 0.7084645729283567, "recall": 0.7088878821436961, "f1-score": 0.7086754783115347, "support": 4000}, "weighted avg": {"precision": 0.7829713071312958, "recall": 0.78275, "f1-score": 0.782860175292546, "support": 4000}}, "confusion-matrix": [[2574, 436], [433, 557]]}, "4": {"report": {"False": {"precision": 0.859395532194481, "recall": 0.8685258964143426, "f1-score": 0.8639365918097754, "support": 3012}, "True": {"precision": 0.5857740585774058, "recall": 0.5668016194331984, "f1-score": 0.5761316872427983, "support": 988}, "accuracy": 0.794, "macro avg": {"precision": 0.7225847953859434, "recall": 0.7176637579237706, "f1-score": 0.7200341395262868, "support": 4000}, "weighted avg": {"precision": 0.7918110282110633, "recall": 0.794, "f1-score": 0.7928487803817321, "support": 4000}}, "confusion-matrix": [[2616, 396], [428, 560]]}, "5": {"report": {"False": {"precision": 0.8663764233087743, "recall": 0.858327803583278, "f1-score": 0.8623333333333333, "support": 3014}, "True": {"precision": 0.5788954635108481, "recall": 0.5953346855983773, "f1-score": 0.587, "support": 986}, "accuracy": 0.7935, "macro avg": {"precision": 0.7226359434098112, "recall": 0.7268312445908276, "f1-score": 0.7246666666666666, "support": 4000}, "weighted avg": {"precision": 0.7955123667185856, "recall": 0.7935, "f1-score": 0.7944636666666666, "support": 4000}}, "confusion-matrix": [[2587, 427], [399, 587]]}, "3": {"report": {"False": {"precision": 0.852589641434263, "recall": 0.8574290484140233, "f1-score": 0.8550024970867321, "support": 2995}, "True": {"precision": 0.5678137651821862, "recall": 0.5582089552238806, "f1-score": 0.5629703963873558, "support": 1005}, "accuracy": 0.78225, "macro avg": {"precision": 0.7102017033082246, "recall": 0.707819001818952, "f1-score": 0.7089864467370439, "support": 4000}, "weighted avg": {"precision": 0.7810397025259287, "recall": 0.78225, "f1-score": 0.781629431786014, "support": 4000}}, "confusion-matrix": [[2568, 427], [444, 561]]}, "6": {"report": {"False": {"precision": 0.8554533508541393, "recall": 0.863681592039801, "f1-score": 0.8595477801617428, "support": 3015}, "True": {"precision": 0.5700836820083682, "recall": 0.5532994923857868, "f1-score": 0.5615662029881504, "support": 985}, "accuracy": 0.78725, "macro avg": {"precision": 0.7127685164312538, "recall": 0.7084905422127938, "f1-score": 0.7105569915749466, "support": 4000}, "weighted avg": {"precision": 0.7851810699008681, "recall": 0.78725, "f1-score": 0.7861698167827457, "support": 4000}}, "confusion-matrix": [[2604, 411], [440, 545]]}, "7": {"report": {"False": {"precision": 0.8502495840266223, "recall": 0.8591123066577001, "f1-score": 0.8546579695601272, "support": 2974}, "True": {"precision": 0.578894472361809, "recall": 0.5614035087719298, "f1-score": 0.570014844136566, "support": 1026}, "accuracy": 0.78275, "macro avg": {"precision": 0.7145720281942156, "recall": 0.710257907714815, "f1-score": 0.7123364068483466, "support": 4000}, "weighted avg": {"precision": 0.7806469978845977, "recall": 0.78275, "f1-score": 0.7816470078889837, "support": 4000}}, "confusion-matrix": [[2555, 419], [450, 576]]}, "10": {"report": {"False": {"precision": 0.8546415592996366, "recall": 0.8608985024958402, "f1-score": 0.8577586206896551, "support": 3005}, "True": {"precision": 0.5704008221993834, "recall": 0.5577889447236181, "f1-score": 0.5640243902439024, "support": 995}, "accuracy": 0.7855, "macro avg": {"precision": 0.7125211907495099, "recall": 0.7093437236097291, "f1-score": 0.7108915054667788, "support": 4000}, "weighted avg": {"precision": 0.7839366759459485, "recall": 0.7855, "f1-score": 0.784692230866274, "support": 4000}}, "confusion-matrix": [[2587, 418], [440, 555]]}, "8": {"report": {"False": {"precision": 0.8453914767096135, "recall": 0.8590130916414904, "f1-score": 0.8521478521478522, "support": 2979}, "True": {"precision": 0.5683453237410072, "recall": 0.5416258570029383, "f1-score": 0.5546639919759279, "support": 1021}, "accuracy": 0.778, "macro avg": {"precision": 0.7068684002253103, "recall": 0.7003194743222143, "f1-score": 0.70340592206189, "support": 4000}, "weighted avg": {"precision": 0.7746754461643767, "recall": 0.778, "f1-score": 0.7762150968389685, "support": 4000}}, "confusion-matrix": [[2559, 420], [468, 553]]}}, "overall": {"report": {"False": {"precision": 0.8548142414804845, "recall": 0.8595574043758429, "f1-score": 0.8571685610596778, "support": 30000.0}, "True": {"precision": 0.571582240279393, "recall": 0.5620736204934181, "f1-score": 0.5667226053574489, "support": 10000.0}, "macro avg": {"precision": 0.7131982408799387, "recall": 0.7108155124346306, "f1-score": 0.7119455832085634, "support": 40000.0}, "weighted avg": {"precision": 0.7840179233266973, "recall": 0.785175, "f1-score": 0.7845571029133088, "support": 40000.0}, "accuracy": 0.785175}, "confusion-matrix": [[25787.0, 4213.0], [4380.0, 5620.0]]}}