{"features": "sbert", "classifier": "SVC", "folds": {"1": {"report": {"False": {"precision": 0.9282615949282615, "recall": 0.9313692668228992, "f1-score": 0.9298128342245988, "support": 2987}, "True": {"precision": 0.7956131605184447, "recall": 0.7877591312931885, "f1-score": 0.7916666666666665, "support": 1013}, "accuracy": 0.895, "macro avg": {"precision": 0.8619373777233531, "recall": 0.8595641990580438, "f1-score": 0.8607397504456327, "support": 4000}, "weighted avg": {"precision": 0.8946683789139754, "recall": 0.895, "f1-score": 0.8948273172905524, "support": 4000}}, "confusion-matrix": [[2782, 205], [215, 798]]}, "2": {"report": {"False": {"precision": 0.9250972762645915, "recall": 0.9481555333998006, "f1-score": 0.9364844903988184, "support": 3009}, "True": {"precision": 0.8296943231441049, "recall": 0.7669021190716448, "f1-score": 0.7970634504457264, "support": 991}, "accuracy": 0.90325, "macro avg": {"precision": 0.8773957997043482, "recall": 0.8575288262357228, "f1-score": 0.8667739704222723, "support": 4000}, "weighted avg": {"precision": 0.901461194628991, "recall": 0.90325, "f1-score": 0.9019429277504398, "support": 4000}}, "confusion-matrix": [[2853, 156], [231, 760]]}, "4": {"report": {"False": {"precision": 0.9285714285714286, "recall": 0.9452191235059761, "f1-score": 0.9368213228035538, "support": 3012}, "True": {"precision": 0.8233404710920771, "recall": 0.77834008097166, "f1-score": 0.8002081165452655, "support": 988}, "accuracy": 0.904, "macro avg": {"precision": 0.8759559498317528, "recall": 0.861779602238818, "f1-score": 0.8685147196744096, "support": 4000}, "weighted avg": {"precision": 0.9025793820740288, "recall": 0.904, "f1-score": 0.9030778608577567, "support": 4000}}, "confusion-matrix": [[2847, 165], [219, 769]]}, "5": {"report": {"False": {"precision": 0.9246018849528762, "recall": 0.9439283344392834, "f1-score": 0.9341651617140043, "support": 3014}, "True": {"precision": 0.8169014084507042, "recall": 0.7647058823529411, "f1-score": 0.7899423782084861, "support": 986}, "accuracy": 0.89975, "macro avg": {"precision": 0.8707516467017902, "recall": 0.8543171083961123, "f1-score": 0.8620537699612452, "support": 4000}, "weighted avg": {"precision": 0.8980537174950909, "recall": 0.89975, "f1-score": 0.898614245579894, "support": 4000}}, "confusion-matrix": [[2845, 169], [232, 754]]}, "6": {"report": {"False": {"precision": 0.9257939079714841, "recall": 0.9475953565505805, "f1-score": 0.9365677757744632, "support": 3015}, "True": {"precision": 0.8271334792122538, "recall": 0.76751269035533, "f1-score": 0.7962085308056872, "support": 985}, "accuracy": 0.90325, "macro avg": {"precision": 0.8764636935918689, "recall": 0.8575540234529553, "f1-score": 0.8663881532900752, "support": 4000}, "weighted avg": {"precision": 0.9014987773895237, "recall": 0.90325, "f1-score": 0.902004311700902, "support": 4000}}, "confusion-matrix": [[2857, 158], [229, 756]]}, "10": {"report": {"False": {"precision": 0.9293460400920145, "recall": 0.9410981697171381, "f1-score": 0.9351851851851852, "support": 3005}, "True": {"precision": 0.8150470219435737, "recall": 0.7839195979899497, "f1-score": 0.7991803278688523, "support": 995}, "accuracy": 0.902, "macro avg": {"precision": 0.8721965310177942, "recall": 0.862508883853544, "f1-score": 0.8671827565270187, "support": 4000}, "weighted avg": {"precision": 0.9009141593275898, "recall": 0.902, "f1-score": 0.9013539769277474, "support": 4000}}, "confusion-matrix": [[2828, 177], [215, 780]]}, "3": {"report": {"False": {"precision": 0.9261437908496732, "recall": 0.9462437395659432, "f1-score": 0.9360858794384805, "support": 2995}, "True": {"precision": 0.8287234042553191, "recall": 0.7751243781094528, "f1-score": 0.8010282776349615, "support": 1005}, "accuracy": 0.90325, "macro avg": {"precision": 0.8774335975524962, "recall": 0.860684058837698, "f1-score": 0.868557078536721, "support": 4000}, "weighted avg": {"precision": 0.9016669187178418, "recall": 0.90325, "f1-score": 0.9021526569853464, "support": 4000}}, "confusion-matrix": [[2834, 161], [226, 779]]}, "7": {"report": {"False": {"precision": 0.9253386190948133, "recall": 0.9418291862811029, "f1-score": 0.9335110814864188, "support": 2974}, "True": {"precision": 0.8221993833504625, "recall": 0.7797270955165692, "f1-score": 0.8004002001000501, "support": 1026}, "accuracy": 0.90025, "macro avg": {"precision": 0.8737690012226379, "recall": 0.860778140898836, "f1-score": 0.8669556407932344, "support": 4000}, "weighted avg": {"precision": 0.8988834051263873, "recall": 0.90025, "f1-score": 0.8993681404108153, "support": 4000}}, "confusion-matrix": [[2801, 173], [226, 800]]}, "9": {"report": {"False": {"precision": 0.9225556631171346, "recall": 0.9498338870431894, "f1-score": 0.9359960713701097, "support": 3010}, "True": {"precision": 0.832408435072142, "recall": 0.7575757575757576, "f1-score": 0.7932310946589106, "support": 990}, "accuracy": 0.90225, "macro avg": {"precision": 0.8774820490946382, "recall": 0.8537048223094734, "f1-score": 0.8646135830145101, "support": 4000}, "weighted avg": {"precision": 0.9002442241759988, "recall": 0.90225, "f1-score": 0.9006617396340879, "support": 4000}}, "confusion-matrix": [[2859, 151], [240, 750]]}, "8": {"report": {"False": {"precision": 0.9230517354289457, "recall": 0.9462907015777107, "f1-score": 0.9345267694347754, "support": 2979}, "True": {"precision": 0.8308668076109936, "recall": 0.7698334965719883, "f1-score": 0.7991865785460092, "support": 1021}, "accuracy": 0.90125, "macro avg": {"precision": 0.8769592715199697, "recall": 0.8580620990748495, "f1-score": 0.8668566739903922, "support": 4000}, "weighted avg": {"precision": 0.8995215326034135, "recall": 0.90125, "f1-score": 0.8999811857104177, "support": 4000}}, "confusion-matrix": [[2819, 160], [235, 786]]}}, "overall": {"report": {"False": {"precision": 0.9258761941271224, "recall": 0.9441563298903624, "f1-score": 0.9349156571830408, "support": 30000.0}, "True": {"precision": 0.8221927894650076, "recall": 0.7731400229808483, "f1-score": 0.7968115621480616, "support": 10000.0}, "macro avg": {"precision": 0.874034491796065, "recall": 0.8586481764356053, "f1-score": 0.8658636096655512, "support": 40000.0}, "weighted avg": {"precision": 0.8999491690452842, "recall": 0.9014249999999999, "f1-score": 0.9003984362847961, "support": 40000.0}, "accuracy": 0.9014249999999999}, "confusion-matrix": [[28325.0, 1675.0], [2268.0, 7732.0]]}}