{"features": "sbert-pos-emot", "classifier": "SVC", "folds": {"1": {"report": {"False": {"precision": 0.9311606252078484, "recall": 0.937395379979913, "f1-score": 0.9342676009342676, "support": 2987}, "True": {"precision": 0.8116817724068479, "recall": 0.7956564659427443, "f1-score": 0.8035892323030908, "support": 1013}, "accuracy": 0.9015, "macro avg": {"precision": 0.8714211988073481, "recall": 0.8665259229613287, "f1-score": 0.8689284166186793, "support": 4000}, "weighted avg": {"precision": 0.9009026057359949, "recall": 0.9015, "f1-score": 0.9011733040784221, "support": 4000}}, "confusion-matrix": [[2800, 187], [207, 806]]}, "7": {"report": {"False": {"precision": 0.9294701986754967, "recall": 0.9438466711499663, "f1-score": 0.9366032699366033, "support": 2974}, "True": {"precision": 0.8295918367346938, "recall": 0.7923976608187134, "f1-score": 0.810568295114656, "support": 1026}, "accuracy": 0.905, "macro avg": {"precision": 0.8795310177050952, "recall": 0.8681221659843399, "f1-score": 0.8735857825256297, "support": 4000}, "weighted avg": {"precision": 0.9038513988376808, "recall": 0.905, "f1-score": 0.9042752988947738, "support": 4000}}, "confusion-matrix": [[2807, 167], [213, 813]]}, "4": {"report": {"False": {"precision": 0.932764840931453, "recall": 0.9442231075697212, "f1-score": 0.9384590001649893, "support": 3012}, "True": {"precision": 0.8233438485804416, "recall": 0.7925101214574899, "f1-score": 0.8076328004125839, "support": 988}, "accuracy": 0.90675, "macro avg": {"precision": 0.8780543447559472, "recall": 0.8683666145136055, "f1-score": 0.8730459002887866, "support": 4000}, "weighted avg": {"precision": 0.9057378558207533, "recall": 0.90675, "f1-score": 0.9061449288261452, "support": 4000}}, "confusion-matrix": [[2844, 168], [205, 783]]}, "8": {"report": {"False": {"precision": 0.9262536873156342, "recall": 0.9486404833836858, "f1-score": 0.9373134328358209, "support": 2979}, "True": {"precision": 0.8387776606954689, "recall": 0.7796278158667973, "f1-score": 0.8081218274111674, "support": 1021}, "accuracy": 0.9055, "macro avg": {"precision": 0.8825156740055515, "recall": 0.8641341496252415, "f1-score": 0.8727176301234942, "support": 4000}, "weighted avg": {"precision": 0.903925431520837, "recall": 0.9055, "f1-score": 0.904337275551178, "support": 4000}}, "confusion-matrix": [[2826, 153], [225, 796]]}, "6": {"report": {"False": {"precision": 0.9277578913114221, "recall": 0.9456053067993366, "f1-score": 0.9365965834428384, "support": 3015}, "True": {"precision": 0.8230852211434736, "recall": 0.7746192893401015, "f1-score": 0.7981171548117154, "support": 985}, "accuracy": 0.9035, "macro avg": {"precision": 0.8754215562274479, "recall": 0.8601122980697191, "f1-score": 0.8673568691272768, "support": 4000}, "weighted avg": {"precision": 0.9019822462825647, "recall": 0.9035, "f1-score": 0.9024960241424244, "support": 4000}}, "confusion-matrix": [[2851, 164], [222, 763]]}, "10": {"report": {"False": {"precision": 0.9342148760330579, "recall": 0.9404326123128119, "f1-score": 0.9373134328358208, "support": 3005}, "True": {"precision": 0.8164102564102564, "recall": 0.8, "f1-score": 0.8081218274111677, "support": 995}, "accuracy": 0.9055, "macro avg": {"precision": 0.8753125662216572, "recall": 0.870216306156406, "f1-score": 0.8727176301234942, "support": 4000}, "weighted avg": {"precision": 0.9049109769018859, "recall": 0.9055, "f1-score": 0.9051770209864384, "support": 4000}}, "confusion-matrix": [[2826, 179], [199, 796]]}, "9": {"report": {"False": {"precision": 0.9246686065308761, "recall": 0.9501661129568106, "f1-score": 0.9372439783712928, "support": 3010}, "True": {"precision": 0.834619625137817, "recall": 0.7646464646464647, "f1-score": 0.7981022667369531, "support": 990}, "accuracy": 0.90425, "macro avg": {"precision": 0.8796441158343465, "recall": 0.8574062888016376, "f1-score": 0.867673122554123, "support": 4000}, "weighted avg": {"precision": 0.9023814836360939, "recall": 0.90425, "f1-score": 0.9028064047417937, "support": 4000}}, "confusion-matrix": [[2860, 150], [233, 757]]}, "3": {"report": {"False": {"precision": 0.9277777777777778, "recall": 0.9479131886477462, "f1-score": 0.9377374071015689, "support": 2995}, "True": {"precision": 0.8340425531914893, "recall": 0.7800995024875622, "f1-score": 0.8061696658097687, "support": 1005}, "accuracy": 0.90575, "macro avg": {"precision": 0.8809101654846336, "recall": 0.8640063455676542, "f1-score": 0.8719535364556688, "support": 4000}, "weighted avg": {"precision": 0.9042268026004727, "recall": 0.90575, "f1-score": 0.9046810121020041, "support": 4000}}, "confusion-matrix": [[2839, 156], [221, 784]]}, "2": {"report": {"False": {"precision": 0.9253828608667318, "recall": 0.9438351611831173, "f1-score": 0.9345179335307667, "support": 3009}, "True": {"precision": 0.8184747583243824, "recall": 0.768920282542886, "f1-score": 0.7929240374609781, "support": 991}, "accuracy": 0.9005, "macro avg": {"precision": 0.8719288095955571, "recall": 0.8563777218630017, "f1-score": 0.8637209854958724, "support": 4000}, "weighted avg": {"precision": 0.8988963784618648, "recall": 0.9005, "f1-score": 0.8994380457794766, "support": 4000}}, "confusion-matrix": [[2840, 169], [229, 762]]}, "5": {"report": {"False": {"precision": 0.9264896373056994, "recall": 0.9492368944923689, "f1-score": 0.9377253359554244, "support": 3014}, "True": {"precision": 0.8322368421052632, "recall": 0.7697768762677485, "f1-score": 0.7997892518440464, "support": 986}, "accuracy": 0.905, "macro avg": {"precision": 0.8793632397054814, "recall": 0.8595068853800587, "f1-score": 0.8687572938997354, "support": 4000}, "weighted avg": {"precision": 0.9032563232887919, "recall": 0.905, "f1-score": 0.9037240912219697, "support": 4000}}, "confusion-matrix": [[2861, 153], [227, 759]]}}, "overall": {"report": {"False": {"precision": 0.9285941001955997, "recall": 0.9451294918475478, "f1-score": 0.9367777975109393, "support": 30000.0}, "True": {"precision": 0.8262264374730133, "recall": 0.7818254479370508, "f1-score": 0.8033136359316128, "support": 10000.0}, "macro avg": {"precision": 0.8774102688343065, "recall": 0.8634774698922992, "f1-score": 0.8700457167212761, "support": 40000.0}, "weighted avg": {"precision": 0.903007150308694, "recall": 0.9043249999999998, "f1-score": 0.9034253406324625, "support": 40000.0}, "accuracy": 0.9043249999999998}, "confusion-matrix": [[28354.0, 1646.0], [2181.0, 7819.0]]}}