{"features": "sbert-pos", "classifier": "SVC", "folds": {"3": {"report": {"False": {"precision": 0.9267734553775744, "recall": 0.9465776293823038, "f1-score": 0.9365708622398414, "support": 2995}, "True": {"precision": 0.8299681190223167, "recall": 0.7771144278606965, "f1-score": 0.802672147995889, "support": 1005}, "accuracy": 0.904, "macro avg": {"precision": 0.8783707871999455, "recall": 0.8618460286215002, "f1-score": 0.8696215051178653, "support": 4000}, "weighted avg": {"precision": 0.902451114618316, "recall": 0.904, "f1-score": 0.9029288102860483, "support": 4000}}, "confusion-matrix": [[2835, 160], [224, 781]]}, "9": {"report": {"False": {"precision": 0.9249190938511327, "recall": 0.9495016611295681, "f1-score": 0.9370491803278689, "support": 3010}, "True": {"precision": 0.832967032967033, "recall": 0.7656565656565657, "f1-score": 0.7978947368421053, "support": 990}, "accuracy": 0.904, "macro avg": {"precision": 0.8789430634090829, "recall": 0.8575791133930669, "f1-score": 0.867471958584987, "support": 4000}, "weighted avg": {"precision": 0.902160958782318, "recall": 0.904, "f1-score": 0.9026084555651424, "support": 4000}}, "confusion-matrix": [[2858, 152], [232, 758]]}, "1": {"report": {"False": {"precision": 0.9288800265869059, "recall": 0.9357214596585203, "f1-score": 0.9322881921280854, "support": 2987}, "True": {"precision": 0.8062563067608476, "recall": 0.788746298124383, "f1-score": 0.7974051896207585, "support": 1013}, "accuracy": 0.8985, "macro avg": {"precision": 0.8675681666738768, "recall": 0.8622338788914516, "f1-score": 0.8648466908744219, "support": 4000}, "weighted avg": {"precision": 0.8978255695409566, "recall": 0.8985, "f1-score": 0.8981290717431049, "support": 4000}}, "confusion-matrix": [[2795, 192], [214, 799]]}, "4": {"report": {"False": {"precision": 0.9318032786885246, "recall": 0.9435590969455512, "f1-score": 0.9376443418013858, "support": 3012}, "True": {"precision": 0.8210526315789474, "recall": 0.7894736842105263, "f1-score": 0.804953560371517, "support": 988}, "accuracy": 0.9055, "macro avg": {"precision": 0.876427955133736, "recall": 0.8665163905780388, "f1-score": 0.8712989510864514, "support": 4000}, "weighted avg": {"precision": 0.9044478688524591, "recall": 0.9055, "f1-score": 0.9048697187882083, "support": 4000}}, "confusion-matrix": [[2842, 170], [208, 780]]}, "7": {"report": {"False": {"precision": 0.9294701986754967, "recall": 0.9438466711499663, "f1-score": 0.9366032699366033, "support": 2974}, "True": {"precision": 0.8295918367346938, "recall": 0.7923976608187134, "f1-score": 0.810568295114656, "support": 1026}, "accuracy": 0.905, "macro avg": {"precision": 0.8795310177050952, "recall": 0.8681221659843399, "f1-score": 0.8735857825256297, "support": 4000}, "weighted avg": {"precision": 0.9038513988376808, "recall": 0.905, "f1-score": 0.9042752988947738, "support": 4000}}, "confusion-matrix": [[2807, 167], [213, 813]]}, "5": {"report": {"False": {"precision": 0.925913943707538, "recall": 0.9495686794956868, "f1-score": 0.9375921375921374, "support": 3014}, "True": {"precision": 0.8327832783278328, "recall": 0.7677484787018256, "f1-score": 0.7989445910290237, "support": 986}, "accuracy": 0.90475, "macro avg": {"precision": 0.8793486110176854, "recall": 0.8586585790987562, "f1-score": 0.8682683643105806, "support": 4000}, "weighted avg": {"precision": 0.9029572346914407, "recall": 0.90475, "f1-score": 0.90341551736433, "support": 4000}}, "confusion-matrix": [[2862, 152], [229, 757]]}, "6": {"report": {"False": {"precision": 0.928130081300813, "recall": 0.9466003316749585, "f1-score": 0.9372742200328408, "support": 3015}, "True": {"precision": 0.825945945945946, "recall": 0.7756345177664975, "f1-score": 0.8, "support": 985}, "accuracy": 0.9045, "macro avg": {"precision": 0.8770380136233795, "recall": 0.861117424720728, "f1-score": 0.8686371100164204, "support": 4000}, "weighted avg": {"precision": 0.9029672379696769, "recall": 0.9045, "f1-score": 0.9034704433497537, "support": 4000}}, "confusion-matrix": [[2854, 161], [221, 764]]}, "8": {"report": {"False": {"precision": 0.9270935960591133, "recall": 0.9476334340382678, "f1-score": 0.9372509960159363, "support": 2979}, "True": {"precision": 0.8366492146596859, "recall": 0.7825661116552399, "f1-score": 0.8087044534412956, "support": 1021}, "accuracy": 0.9055, "macro avg": {"precision": 0.8818714053593997, "recall": 0.8650997728467539, "f1-score": 0.8729777247286159, "support": 4000}, "weighted avg": {"precision": 0.9040076677069095, "recall": 0.9055, "f1-score": 0.9044394910237593, "support": 4000}}, "confusion-matrix": [[2823, 156], [222, 799]]}, "2": {"report": {"False": {"precision": 0.9273142112125163, "recall": 0.9454968428049185, "f1-score": 0.9363172618068125, "support": 3009}, "True": {"precision": 0.8240343347639485, "recall": 0.7749747729566094, "f1-score": 0.7987519500780031, "support": 991}, "accuracy": 0.90325, "macro avg": {"precision": 0.8756742729882324, "recall": 0.8602358078807639, "f1-score": 0.8675346059424078, "support": 4000}, "weighted avg": {"precision": 0.9017266218223835, "recall": 0.90325, "f1-score": 0.9022354558260001, "support": 4000}}, "confusion-matrix": [[2845, 164], [223, 768]]}, "10": {"report": {"False": {"precision": 0.935206611570248, "recall": 0.9414309484193012, "f1-score": 0.9383084577114429, "support": 3005}, "True": {"precision": 0.8194871794871795, "recall": 0.8030150753768844, "f1-score": 0.8111675126903554, "support": 995}, "accuracy": 0.907, "macro avg": {"precision": 0.8773468955287138, "recall": 0.8722230118980928, "f1-score": 0.8747379852008992, "support": 4000}, "weighted avg": {"precision": 0.9064214028395847, "recall": 0.907, "f1-score": 0.9066821476374475, "support": 4000}}, "confusion-matrix": [[2829, 176], [196, 799]]}}, "overall": {"report": {"False": {"precision": 0.9285504497029862, "recall": 0.9449936754699042, "f1-score": 0.9366898919592955, "support": 30000.0}, "True": {"precision": 0.8258735880248432, "recall": 0.7817327593127942, "f1-score": 0.8031062437183604, "support": 10000.0}, "macro avg": {"precision": 0.8772120188639148, "recall": 0.8633632173913492, "f1-score": 0.8698980678388282, "support": 40000.0}, "weighted avg": {"precision": 0.9028817075661728, "recall": 0.9042, "f1-score": 0.9033054410478568, "support": 40000.0}, "accuracy": 0.9042}, "confusion-matrix": [[28350.0, 1650.0], [2182.0, 7818.0]]}}