{"features": "sbert-pp", "classifier": "SVC", "folds": {"1": {"report": {"False": {"precision": 0.9416252072968491, "recall": 0.950451958486776, "f1-score": 0.9460179940019993, "support": 2987}, "True": {"precision": 0.849746192893401, "recall": 0.8262586377097729, "f1-score": 0.8378378378378378, "support": 1013}, "accuracy": 0.919, "macro avg": {"precision": 0.895685700095125, "recall": 0.8883552980982745, "f1-score": 0.8919279159199185, "support": 4000}, "weighted avg": {"precision": 0.9183568468991758, "recall": 0.919, "f1-score": 0.9186213694534253, "support": 4000}}, "confusion-matrix": [[2839, 148], [176, 837]]}, "2": {"report": {"False": {"precision": 0.9401765282772148, "recall": 0.9557992688600864, "f1-score": 0.9479235332893869, "support": 3009}, "True": {"precision": 0.8586609989373007, "recall": 0.8153380423814329, "f1-score": 0.8364389233954452, "support": 991}, "accuracy": 0.921, "macro avg": {"precision": 0.8994187636072577, "recall": 0.8855686556207596, "f1-score": 0.8921812283424161, "support": 4000}, "weighted avg": {"precision": 0.9199810558832511, "recall": 0.921, "f1-score": 0.9203032211881629, "support": 4000}}, "confusion-matrix": [[2876, 133], [183, 808]]}, "3": {"report": {"False": {"precision": 0.9410214168039539, "recall": 0.9535893155258764, "f1-score": 0.9472636815920399, "support": 2995}, "True": {"precision": 0.8559585492227979, "recall": 0.8218905472636816, "f1-score": 0.8385786802030457, "support": 1005}, "accuracy": 0.9205, "macro avg": {"precision": 0.8984899830133759, "recall": 0.887739931394779, "f1-score": 0.8929211808975428, "support": 4000}, "weighted avg": {"precision": 0.9196493713241884, "recall": 0.9205, "f1-score": 0.9199565749930552, "support": 4000}}, "confusion-matrix": [[2856, 139], [179, 826]]}, "4": {"report": {"False": {"precision": 0.9431929480901078, "recall": 0.9591633466135459, "f1-score": 0.9511111111111111, "support": 3012}, "True": {"precision": 0.8687299893276414, "recall": 0.8238866396761133, "f1-score": 0.8457142857142858, "support": 988}, "accuracy": 0.92575, "macro avg": {"precision": 0.9059614687088746, "recall": 0.8915249931448296, "f1-score": 0.8984126984126984, "support": 4000}, "weighted avg": {"precision": 0.9248005972757786, "recall": 0.92575, "f1-score": 0.9250780952380954, "support": 4000}}, "confusion-matrix": [[2889, 123], [174, 814]]}, "9": {"report": {"False": {"precision": 0.9409268929503917, "recall": 0.9578073089700997, "f1-score": 0.9492920645373725, "support": 3010}, "True": {"precision": 0.8643162393162394, "recall": 0.8171717171717172, "f1-score": 0.8400830737279336, "support": 990}, "accuracy": 0.923, "macro avg": {"precision": 0.9026215661333155, "recall": 0.8874895130709084, "f1-score": 0.894687569132653, "support": 4000}, "weighted avg": {"precision": 0.9219657561759389, "recall": 0.923, "f1-score": 0.9222628393120363, "support": 4000}}, "confusion-matrix": [[2883, 127], [181, 809]]}, "5": {"report": {"False": {"precision": 0.9418264543386415, "recall": 0.9615129396151294, "f1-score": 0.951567887046462, "support": 3014}, "True": {"precision": 0.8743228602383532, "recall": 0.8184584178498986, "f1-score": 0.8454688318491357, "support": 986}, "accuracy": 0.92625, "macro avg": {"precision": 0.9080746572884973, "recall": 0.889985678732514, "f1-score": 0.8985183594477988, "support": 4000}, "weighted avg": {"precision": 0.9251868183929204, "recall": 0.92625, "f1-score": 0.9254144699403211, "support": 4000}}, "confusion-matrix": [[2898, 116], [179, 807]]}, "6": {"report": {"False": {"precision": 0.9436804191224624, "recall": 0.9558872305140962, "f1-score": 0.9497446037238425, "support": 3015}, "True": {"precision": 0.8594080338266384, "recall": 0.8253807106598985, "f1-score": 0.8420507509062661, "support": 985}, "accuracy": 0.92375, "macro avg": {"precision": 0.9015442264745503, "recall": 0.8906339705869973, "f1-score": 0.8958976773150543, "support": 4000}, "weighted avg": {"precision": 0.9229283442433657, "recall": 0.92375, "f1-score": 0.9232249924675143, "support": 4000}}, "confusion-matrix": [[2882, 133], [172, 813]]}, "7": {"report": {"False": {"precision": 0.9472630173564753, "recall": 0.9542703429724277, "f1-score": 0.9507537688442211, "support": 2974}, "True": {"precision": 0.8645418326693227, "recall": 0.8460038986354775, "f1-score": 0.8551724137931035, "support": 1026}, "accuracy": 0.9265, "macro avg": {"precision": 0.9059024250128991, "recall": 0.9001371208039526, "f1-score": 0.9029630913186624, "support": 4000}, "weighted avg": {"precision": 0.9260450334842207, "recall": 0.9265, "f1-score": 0.9262371512736095, "support": 4000}}, "confusion-matrix": [[2838, 136], [158, 868]]}, "10": {"report": {"False": {"precision": 0.9467944481163252, "recall": 0.9534109816971714, "f1-score": 0.9500911954899686, "support": 3005}, "True": {"precision": 0.8562628336755647, "recall": 0.8381909547738694, "f1-score": 0.8471305231081768, "support": 995}, "accuracy": 0.92475, "macro avg": {"precision": 0.9015286408959449, "recall": 0.8958009682355204, "f1-score": 0.8986108592990727, "support": 4000}, "weighted avg": {"precision": 0.924274709024186, "recall": 0.92475, "f1-score": 0.9244797282349979, "support": 4000}}, "confusion-matrix": [[2865, 140], [161, 834]]}, "8": {"report": {"False": {"precision": 0.9398026315789474, "recall": 0.9590466599530043, "f1-score": 0.9493271307526167, "support": 2979}, "True": {"precision": 0.8729166666666667, "recall": 0.8207639569049952, "f1-score": 0.8460373548712771, "support": 1021}, "accuracy": 0.92375, "macro avg": {"precision": 0.906359649122807, "recall": 0.8899053084289997, "f1-score": 0.8976822428119469, "support": 4000}, "weighted avg": {"precision": 0.9227299890350877, "recall": 0.92375, "f1-score": 0.9229624154589048, "support": 4000}}, "confusion-matrix": [[2857, 122], [183, 838]]}}, "overall": {"report": {"False": {"precision": 0.9426309963931369, "recall": 0.9560939353208214, "f1-score": 0.949309297038902, "support": 30000.0}, "True": {"precision": 0.8624864196773926, "recall": 0.8253343523026858, "f1-score": 0.8434512675406507, "support": 10000.0}, "macro avg": {"precision": 0.9025587080352647, "recall": 0.8907141438117534, "f1-score": 0.8963802822897764, "support": 40000.0}, "weighted avg": {"precision": 0.9225918521738112, "recall": 0.9234249999999999, "f1-score": 0.9228540857560124, "support": 40000.0}, "accuracy": 0.9234249999999999}, "confusion-matrix": [[28683.0, 1317.0], [1746.0, 8254.0]]}}