{"features": "bert-pp", "classifier": "DecisionTreeClassifier", "folds": {"1": {"report": {"False": {"precision": 0.9081869406695393, "recall": 0.9173083361232005, "f1-score": 0.9127248500999333, "support": 2987}, "True": {"precision": 0.7487283825025433, "recall": 0.7265547877591313, "f1-score": 0.7374749498997997, "support": 1013}, "accuracy": 0.869, "macro avg": {"precision": 0.8284576615860413, "recall": 0.8219315619411659, "f1-score": 0.8250998999998664, "support": 4000}, "weighted avg": {"precision": 0.8678040608137476, "recall": 0.869, "f1-score": 0.8683428128742495, "support": 4000}}, "confusion-matrix": [[2740, 247], [277, 736]]}, "5": {"report": {"False": {"precision": 0.9171932158297307, "recall": 0.9150630391506304, "f1-score": 0.9161268892210597, "support": 3014}, "True": {"precision": 0.7421953675730111, "recall": 0.7474645030425964, "f1-score": 0.7448206164729662, "support": 986}, "accuracy": 0.87375, "macro avg": {"precision": 0.8296942917013709, "recall": 0.8312637710966133, "f1-score": 0.830473752847013, "support": 4000}, "weighted avg": {"precision": 0.8740562462344493, "recall": 0.87375, "f1-score": 0.8738998929886547, "support": 4000}}, "confusion-matrix": [[2758, 256], [249, 737]]}, "3": {"report": {"False": {"precision": 0.9174741062479118, "recall": 0.9168614357262104, "f1-score": 0.9171676686706746, "support": 2995}, "True": {"precision": 0.7527308838133069, "recall": 0.7542288557213931, "f1-score": 0.7534791252485091, "support": 1005}, "accuracy": 0.876, "macro avg": {"precision": 0.8351024950306094, "recall": 0.8355451457238017, "f1-score": 0.8353233969595919, "support": 4000}, "weighted avg": {"precision": 0.8760823716112174, "recall": 0.876, "f1-score": 0.8760409221358555, "support": 4000}}, "confusion-matrix": [[2746, 249], [247, 758]]}, "2": {"report": {"False": {"precision": 0.9232565899232565, "recall": 0.9195746095048188, "f1-score": 0.9214119214119214, "support": 3009}, "True": {"precision": 0.7587238285144566, "recall": 0.7679112008072654, "f1-score": 0.7632898696088265, "support": 991}, "accuracy": 0.882, "macro avg": {"precision": 0.8409902092188566, "recall": 0.8437429051560421, "f1-score": 0.842350895510374, "support": 4000}, "weighted avg": {"precision": 0.8824935982842264, "recall": 0.882, "f1-score": 0.8822371830777047, "support": 4000}}, "confusion-matrix": [[2767, 242], [230, 761]]}, "4": {"report": {"False": {"precision": 0.9136572554169402, "recall": 0.9239707835325365, "f1-score": 0.9187850775833608, "support": 3012}, "True": {"precision": 0.759958071278826, "recall": 0.7338056680161943, "f1-score": 0.7466529351184346, "support": 988}, "accuracy": 0.877, "macro avg": {"precision": 0.8368076633478831, "recall": 0.8288882257743654, "f1-score": 0.8327190063508977, "support": 4000}, "weighted avg": {"precision": 0.875693556934826, "recall": 0.877, "f1-score": 0.876268438394524, "support": 4000}}, "confusion-matrix": [[2783, 229], [263, 725]]}, "10": {"report": {"False": {"precision": 0.9169986719787516, "recall": 0.919134775374376, "f1-score": 0.9180654811367791, "support": 3005}, "True": {"precision": 0.7540485829959515, "recall": 0.7487437185929648, "f1-score": 0.7513867876954109, "support": 995}, "accuracy": 0.87675, "macro avg": {"precision": 0.8355236274873515, "recall": 0.8339392469836704, "f1-score": 0.834726134416095, "support": 4000}, "weighted avg": {"precision": 0.8764648373442802, "recall": 0.87675, "f1-score": 0.8766041561432387, "support": 4000}}, "confusion-matrix": [[2762, 243], [250, 745]]}, "9": {"report": {"False": {"precision": 0.9157266091572661, "recall": 0.9169435215946844, "f1-score": 0.9163346613545817, "support": 3010}, "True": {"precision": 0.7464503042596349, "recall": 0.7434343434343434, "f1-score": 0.7449392712550607, "support": 990}, "accuracy": 0.874, "macro avg": {"precision": 0.8310884567084504, "recall": 0.830188932514514, "f1-score": 0.8306369663048212, "support": 4000}, "weighted avg": {"precision": 0.8738307236951024, "recall": 0.874, "f1-score": 0.8739143023049503, "support": 4000}}, "confusion-matrix": [[2760, 250], [254, 736]]}, "8": {"report": {"False": {"precision": 0.9176193678547411, "recall": 0.9160792212151728, "f1-score": 0.916848647740635, "support": 2979}, "True": {"precision": 0.7563352826510721, "recall": 0.7600391772771793, "f1-score": 0.7581827063996093, "support": 1021}, "accuracy": 0.87625, "macro avg": {"precision": 0.8369773252529066, "recall": 0.8380591992461761, "f1-score": 0.8375156770701222, "support": 4000}, "weighted avg": {"precision": 0.8764516051065045, "recall": 0.87625, "f1-score": 0.8763491662133382, "support": 4000}}, "confusion-matrix": [[2729, 250], [245, 776]]}, "6": {"report": {"False": {"precision": 0.9174465240641712, "recall": 0.9104477611940298, "f1-score": 0.9139337439653736, "support": 3015}, "True": {"precision": 0.7321428571428571, "recall": 0.749238578680203, "f1-score": 0.740592072252885, "support": 985}, "accuracy": 0.87075, "macro avg": {"precision": 0.8247946906035142, "recall": 0.8298431699371165, "f1-score": 0.8272629081091294, "support": 4000}, "weighted avg": {"precision": 0.8718154960847976, "recall": 0.87075, "f1-score": 0.8712483573061732, "support": 4000}}, "confusion-matrix": [[2745, 270], [247, 738]]}, "7": {"report": {"False": {"precision": 0.9066174000671817, "recall": 0.9075319435104237, "f1-score": 0.9070744412703747, "support": 2974}, "True": {"precision": 0.7311827956989247, "recall": 0.7290448343079922, "f1-score": 0.7301122498779893, "support": 1026}, "accuracy": 0.86175, "macro avg": {"precision": 0.8189000978830532, "recall": 0.8182883889092079, "f1-score": 0.8185933455741821, "support": 4000}, "weighted avg": {"precision": 0.861618424046724, "recall": 0.86175, "f1-score": 0.8616836391782279, "support": 4000}}, "confusion-matrix": [[2699, 275], [278, 748]]}}, "overall": {"report": {"False": {"precision": 0.915417668120949, "recall": 0.9162915426926084, "f1-score": 0.9158473382454693, "support": 30000.0}, "True": {"precision": 0.7482496356430584, "recall": 0.7460465667639264, "f1-score": 0.747093058382949, "support": 10000.0}, "macro avg": {"precision": 0.8318336518820038, "recall": 0.8311690547282673, "f1-score": 0.8314701983142093, "support": 40000.0}, "weighted avg": {"precision": 0.8736310920155876, "recall": 0.873725, "f1-score": 0.8736588870616917, "support": 40000.0}, "accuracy": 0.873725}, "confusion-matrix": [[27489.0, 2511.0], [2540.0, 7460.0]]}}