{"features": "bert-pp-pos-emot", "classifier": "SVC", "folds": {"1": {"report": {"False": {"precision": 0.9516716319099636, "recall": 0.9625041848008035, "f1-score": 0.9570572569906791, "support": 2987}, "True": {"precision": 0.8855975485188968, "recall": 0.8558736426456071, "f1-score": 0.8704819277108433, "support": 1013}, "accuracy": 0.9355, "macro avg": {"precision": 0.9186345902144302, "recall": 0.9091889137232052, "f1-score": 0.9137695923507612, "support": 4000}, "weighted avg": {"precision": 0.934938370291176, "recall": 0.9355, "f1-score": 0.9351320548505607, "support": 4000}}, "confusion-matrix": [[2875, 112], [146, 867]]}, "3": {"report": {"False": {"precision": 0.9454069957502452, "recall": 0.9656093489148581, "f1-score": 0.9554013875123886, "support": 2995}, "True": {"precision": 0.8905419766206164, "recall": 0.8338308457711443, "f1-score": 0.8612538540596095, "support": 1005}, "accuracy": 0.9325, "macro avg": {"precision": 0.9179744861854309, "recall": 0.8997200973430012, "f1-score": 0.908327620785999, "support": 4000}, "weighted avg": {"precision": 0.931622159693926, "recall": 0.9325, "f1-score": 0.9317468197323778, "support": 4000}}, "confusion-matrix": [[2892, 103], [167, 838]]}, "4": {"report": {"False": {"precision": 0.9466493168510085, "recall": 0.9661354581673307, "f1-score": 0.9562931317778509, "support": 3012}, "True": {"precision": 0.8898488120950324, "recall": 0.8340080971659919, "f1-score": 0.8610240334378265, "support": 988}, "accuracy": 0.9335, "macro avg": {"precision": 0.9182490644730205, "recall": 0.9000717776666614, "f1-score": 0.9086585826078387, "support": 4000}, "weighted avg": {"precision": 0.9326195921762823, "recall": 0.9335, "f1-score": 0.9327616644878649, "support": 4000}}, "confusion-matrix": [[2910, 102], [164, 824]]}, "6": {"report": {"False": {"precision": 0.9573553719008264, "recall": 0.960530679933665, "f1-score": 0.9589403973509933, "support": 3015}, "True": {"precision": 0.877948717948718, "recall": 0.8690355329949239, "f1-score": 0.8734693877551021, "support": 985}, "accuracy": 0.938, "macro avg": {"precision": 0.9176520449247723, "recall": 0.9147831064642944, "f1-score": 0.9162048925530477, "support": 4000}, "weighted avg": {"precision": 0.9378014833651197, "recall": 0.938, "f1-score": 0.937893161238005, "support": 4000}}, "confusion-matrix": [[2896, 119], [129, 856]]}, "2": {"report": {"False": {"precision": 0.9546946815495733, "recall": 0.9664340312396145, "f1-score": 0.9605284888521883, "support": 3009}, "True": {"precision": 0.8941299790356394, "recall": 0.8607467204843592, "f1-score": 0.8771208226221079, "support": 991}, "accuracy": 0.94025, "macro avg": {"precision": 0.9244123302926064, "recall": 0.9135903758619868, "f1-score": 0.9188246557371481, "support": 4000}, "weighted avg": {"precision": 0.9396897765017461, "recall": 0.94025, "f1-score": 0.9398642395436859, "support": 4000}}, "confusion-matrix": [[2908, 101], [138, 853]]}, "7": {"report": {"False": {"precision": 0.9499668654738237, "recall": 0.9640215198386012, "f1-score": 0.9569425901201601, "support": 2974}, "True": {"precision": 0.8910386965376782, "recall": 0.8528265107212476, "f1-score": 0.8715139442231076, "support": 1026}, "accuracy": 0.9355, "macro avg": {"precision": 0.9205027810057509, "recall": 0.9084240152799243, "f1-score": 0.9142282671716339, "support": 4000}, "weighted avg": {"precision": 0.9348517901417024, "recall": 0.9355, "f1-score": 0.9350301424475662, "support": 4000}}, "confusion-matrix": [[2867, 107], [151, 875]]}, "5": {"report": {"False": {"precision": 0.9531454783748362, "recall": 0.9651625746516257, "f1-score": 0.9591163864160897, "support": 3014}, "True": {"precision": 0.8892405063291139, "recall": 0.8549695740365112, "f1-score": 0.8717683557394003, "support": 986}, "accuracy": 0.938, "macro avg": {"precision": 0.921192992351975, "recall": 0.9100660743440685, "f1-score": 0.915442371077745, "support": 4000}, "weighted avg": {"precision": 0.9373929027655656, "recall": 0.938, "f1-score": 0.9375850968542857, "support": 4000}}, "confusion-matrix": [[2909, 105], [143, 843]]}, "9": {"report": {"False": {"precision": 0.947557003257329, "recall": 0.9664451827242525, "f1-score": 0.956907894736842, "support": 3010}, "True": {"precision": 0.8913978494623656, "recall": 0.8373737373737373, "f1-score": 0.8635416666666667, "support": 990}, "accuracy": 0.9345, "macro avg": {"precision": 0.9194774263598473, "recall": 0.901909460048995, "f1-score": 0.9102247807017543, "support": 4000}, "weighted avg": {"precision": 0.9336576126930756, "recall": 0.9345, "f1-score": 0.9337997532894736, "support": 4000}}, "confusion-matrix": [[2909, 101], [161, 829]]}, "8": {"report": {"False": {"precision": 0.9499176276771005, "recall": 0.9677744209466264, "f1-score": 0.9587628865979381, "support": 2979}, "True": {"precision": 0.900518134715026, "recall": 0.8511263467189031, "f1-score": 0.8751258811681774, "support": 1021}, "accuracy": 0.938, "macro avg": {"precision": 0.9252178811960632, "recall": 0.9094503838327648, "f1-score": 0.9169443838830578, "support": 4000}, "weighted avg": {"precision": 0.937308407098531, "recall": 0.938, "f1-score": 0.9374145409619916, "support": 4000}}, "confusion-matrix": [[2883, 96], [152, 869]]}, "10": {"report": {"False": {"precision": 0.9522397891963109, "recall": 0.9620632279534109, "f1-score": 0.9571263035921204, "support": 3005}, "True": {"precision": 0.8817427385892116, "recall": 0.8542713567839196, "f1-score": 0.8677896886166412, "support": 995}, "accuracy": 0.93525, "macro avg": {"precision": 0.9169912638927613, "recall": 0.9081672923686652, "f1-score": 0.9124579961043808, "support": 4000}, "weighted avg": {"precision": 0.934703647857795, "recall": 0.93525, "f1-score": 0.9349038206169699, "support": 4000}}, "confusion-matrix": [[2891, 114], [145, 850]]}}, "overall": {"report": {"False": {"precision": 0.9508604761941017, "recall": 0.9646680629170789, "f1-score": 0.9577076723947252, "support": 30000.0}, "True": {"precision": 0.8892004959852299, "recall": 0.8504062364696345, "f1-score": 0.8693089561999482, "support": 10000.0}, "macro avg": {"precision": 0.9200304860896658, "recall": 0.9075371496933566, "f1-score": 0.9135083142973366, "support": 40000.0}, "weighted avg": {"precision": 0.935458574258492, "recall": 0.9361, "f1-score": 0.9356131294022783, "support": 40000.0}, "accuracy": 0.9361}, "confusion-matrix": [[28940.0, 1060.0], [1496.0, 8504.0]]}}