{"features": "bert-pos-emot", "classifier": "SVC", "folds": {"1": {"report": {"False": {"precision": 0.9442795911638642, "recall": 0.9588215600937395, "f1-score": 0.9514950166112957, "support": 2987}, "True": {"precision": 0.8728024819027922, "recall": 0.8331688055281342, "f1-score": 0.8525252525252525, "support": 1013}, "accuracy": 0.927, "macro avg": {"precision": 0.9085410365333282, "recall": 0.8959951828109369, "f1-score": 0.9020101345682741, "support": 4000}, "weighted avg": {"precision": 0.9261780132434976, "recall": 0.927, "f1-score": 0.9264309238565052, "support": 4000}}, "confusion-matrix": [[2864, 123], [169, 844]]}, "8": {"report": {"False": {"precision": 0.9430358906815937, "recall": 0.9613964417589795, "f1-score": 0.9521276595744681, "support": 2979}, "True": {"precision": 0.8805815160955348, "recall": 0.8305582761998042, "f1-score": 0.8548387096774195, "support": 1021}, "accuracy": 0.928, "macro avg": {"precision": 0.9118087033885642, "recall": 0.8959773589793918, "f1-score": 0.9034831846259438, "support": 4000}, "weighted avg": {"precision": 0.9270944115685023, "recall": 0.928, "f1-score": 0.9272946551132465, "support": 4000}}, "confusion-matrix": [[2864, 115], [173, 848]]}, "2": {"report": {"False": {"precision": 0.9442451907401369, "recall": 0.9624459953472915, "f1-score": 0.9532587228439762, "support": 3009}, "True": {"precision": 0.8788853161843515, "recall": 0.82744702320888, "f1-score": 0.8523908523908524, "support": 991}, "accuracy": 0.929, "macro avg": {"precision": 0.9115652534622443, "recall": 0.8949465092780857, "f1-score": 0.9028247876174142, "support": 4000}, "weighted avg": {"precision": 0.9280522818189411, "recall": 0.929, "f1-score": 0.9282687079392148, "support": 4000}}, "confusion-matrix": [[2896, 113], [171, 820]]}, "3": {"report": {"False": {"precision": 0.9419439008480104, "recall": 0.9642737896494157, "f1-score": 0.9529780564263323, "support": 2995}, "True": {"precision": 0.8854389721627409, "recall": 0.8228855721393035, "f1-score": 0.853017019082001, "support": 1005}, "accuracy": 0.92875, "macro avg": {"precision": 0.9136914365053757, "recall": 0.8935796808943596, "f1-score": 0.9029975377541666, "support": 4000}, "weighted avg": {"precision": 0.9277470375158365, "recall": 0.92875, "f1-score": 0.927862845793569, "support": 4000}}, "confusion-matrix": [[2888, 107], [178, 827]]}, "5": {"report": {"False": {"precision": 0.9441013974650634, "recall": 0.9638354346383543, "f1-score": 0.9538663602035791, "support": 3014}, "True": {"precision": 0.8819068255687974, "recall": 0.8255578093306288, "f1-score": 0.8528025144054479, "support": 986}, "accuracy": 0.92975, "macro avg": {"precision": 0.9130041115169304, "recall": 0.8946966219844916, "f1-score": 0.9033344373045135, "support": 4000}, "weighted avg": {"precision": 0.9287704354926338, "recall": 0.92975, "f1-score": 0.9289541222143397, "support": 4000}}, "confusion-matrix": [[2905, 109], [172, 814]]}, "6": {"report": {"False": {"precision": 0.9468852459016394, "recall": 0.9578772802653399, "f1-score": 0.9523495465787304, "support": 3015}, "True": {"precision": 0.8663157894736843, "recall": 0.8355329949238579, "f1-score": 0.8506459948320415, "support": 985}, "accuracy": 0.92775, "macro avg": {"precision": 0.9066005176876618, "recall": 0.8967051375945989, "f1-score": 0.901497770705386, "support": 4000}, "weighted avg": {"precision": 0.9270450172562555, "recall": 0.92775, "f1-score": 0.9273050469611083, "support": 4000}}, "confusion-matrix": [[2888, 127], [162, 823]]}, "7": {"report": {"False": {"precision": 0.9457671957671958, "recall": 0.9616677874915938, "f1-score": 0.9536512170723574, "support": 2974}, "True": {"precision": 0.8831967213114754, "recall": 0.8401559454191033, "f1-score": 0.8611388611388612, "support": 1026}, "accuracy": 0.9305, "macro avg": {"precision": 0.9144819585393356, "recall": 0.9009118664553486, "f1-score": 0.9073950391056094, "support": 4000}, "weighted avg": {"precision": 0.9297178690693035, "recall": 0.9305, "f1-score": 0.9299217977754156, "support": 4000}}, "confusion-matrix": [[2860, 114], [164, 862]]}, "4": {"report": {"False": {"precision": 0.9412909503730132, "recall": 0.9634794156706508, "f1-score": 0.9522559474979493, "support": 3012}, "True": {"precision": 0.8800436205016358, "recall": 0.8168016194331984, "f1-score": 0.8472440944881889, "support": 988}, "accuracy": 0.92725, "macro avg": {"precision": 0.9106672854373246, "recall": 0.8901405175519246, "f1-score": 0.8997500209930691, "support": 4000}, "weighted avg": {"precision": 0.926162859894783, "recall": 0.92725, "f1-score": 0.9263180198045385, "support": 4000}}, "confusion-matrix": [[2902, 110], [181, 807]]}, "9": {"report": {"False": {"precision": 0.945584881068752, "recall": 0.9641196013289036, "f1-score": 0.954762296430334, "support": 3010}, "True": {"precision": 0.8839957035445757, "recall": 0.8313131313131313, "f1-score": 0.8568453930244664, "support": 990}, "accuracy": 0.93125, "macro avg": {"precision": 0.9147902923066639, "recall": 0.8977163663210175, "f1-score": 0.9058038447274002, "support": 4000}, "weighted avg": {"precision": 0.9303415596315184, "recall": 0.93125, "f1-score": 0.9305278628373816, "support": 4000}}, "confusion-matrix": [[2902, 108], [167, 823]]}, "10": {"report": {"False": {"precision": 0.9430255402750491, "recall": 0.9584026622296173, "f1-score": 0.9506519227595314, "support": 3005}, "True": {"precision": 0.8678646934460887, "recall": 0.8251256281407036, "f1-score": 0.8459556929417826, "support": 995}, "accuracy": 0.92525, "macro avg": {"precision": 0.9054451168605689, "recall": 0.8917641451851605, "f1-score": 0.898303807850657, "support": 4000}, "weighted avg": {"precision": 0.9243292796263451, "recall": 0.92525, "f1-score": 0.9246087355923663, "support": 4000}}, "confusion-matrix": [[2880, 125], [174, 821]]}}, "overall": {"report": {"False": {"precision": 0.9440159784284319, "recall": 0.9616319968473885, "f1-score": 0.9527396745998553, "support": 30000.0}, "True": {"precision": 0.8781031640191677, "recall": 0.8288546805636745, "f1-score": 0.8527404384506314, "support": 10000.0}, "macro avg": {"precision": 0.9110595712237999, "recall": 0.8952433387055315, "f1-score": 0.9027400565252434, "support": 40000.0}, "weighted avg": {"precision": 0.9275438765117616, "recall": 0.92845, "f1-score": 0.9277492717887685, "support": 40000.0}, "accuracy": 0.92845}, "confusion-matrix": [[28849.0, 1151.0], [1711.0, 8289.0]]}}