{"features": "bow-pp-pos", "classifier": "DecisionTreeClassifier", "folds": {"4": {"report": {"False": {"precision": 0.9508519003931848, "recall": 0.9634794156706508, "f1-score": 0.9571240105540898, "support": 3012}, "True": {"precision": 0.8839662447257384, "recall": 0.8481781376518218, "f1-score": 0.8657024793388429, "support": 988}, "accuracy": 0.935, "macro avg": {"precision": 0.9174090725594616, "recall": 0.9058287766612363, "f1-score": 0.9114132449464664, "support": 4000}, "weighted avg": {"precision": 0.9343311434433256, "recall": 0.935, "f1-score": 0.9345428923439238, "support": 4000}}, "confusion-matrix": [[2902, 110], [150, 838]]}, "3": {"report": {"False": {"precision": 0.9481899701095982, "recall": 0.9532554257095158, "f1-score": 0.9507159507159507, "support": 2995}, "True": {"precision": 0.8584428715874621, "recall": 0.844776119402985, "f1-score": 0.8515546639919759, "support": 1005}, "accuracy": 0.926, "macro avg": {"precision": 0.9033164208485301, "recall": 0.8990157725562504, "f1-score": 0.9011353073539633, "support": 4000}, "weighted avg": {"precision": 0.9256410116059116, "recall": 0.926, "f1-score": 0.9258016774265521, "support": 4000}}, "confusion-matrix": [[2855, 140], [156, 849]]}, "6": {"report": {"False": {"precision": 0.9540833060019679, "recall": 0.9648424543946932, "f1-score": 0.9594327176781003, "support": 3015}, "True": {"precision": 0.8885383806519453, "recall": 0.8578680203045685, "f1-score": 0.8729338842975207, "support": 985}, "accuracy": 0.9385, "macro avg": {"precision": 0.9213108433269566, "recall": 0.9113552373496309, "f1-score": 0.9161833009878105, "support": 4000}, "weighted avg": {"precision": 0.9379428681345248, "recall": 0.9385, "f1-score": 0.9381323799581326, "support": 4000}}, "confusion-matrix": [[2909, 106], [140, 845]]}, "7": {"report": {"False": {"precision": 0.954530144829909, "recall": 0.952925353059852, "f1-score": 0.9537270738684166, "support": 2974}, "True": {"precision": 0.8642095053346266, "recall": 0.868421052631579, "f1-score": 0.8663101604278075, "support": 1026}, "accuracy": 0.93125, "macro avg": {"precision": 0.9093698250822678, "recall": 0.9106732028457155, "f1-score": 0.910018617148112, "support": 4000}, "weighted avg": {"precision": 0.9313629007993691, "recall": 0.93125, "f1-score": 0.9313046355709004, "support": 4000}}, "confusion-matrix": [[2834, 140], [135, 891]]}, "2": {"report": {"False": {"precision": 0.9515969706947646, "recall": 0.96045197740113, "f1-score": 0.9560039695666556, "support": 3009}, "True": {"precision": 0.8764278296988577, "recall": 0.851664984863774, "f1-score": 0.8638689866939611, "support": 991}, "accuracy": 0.9335, "macro avg": {"precision": 0.9140124001968111, "recall": 0.9060584811324519, "f1-score": 0.9099364781303083, "support": 4000}, "weighted avg": {"precision": 0.9329738160130286, "recall": 0.9335, "f1-score": 0.9331775275599454, "support": 4000}}, "confusion-matrix": [[2890, 119], [147, 844]]}, "9": {"report": {"False": {"precision": 0.9524901703800787, "recall": 0.96578073089701, "f1-score": 0.9590894094358298, "support": 3010}, "True": {"precision": 0.8913502109704642, "recall": 0.8535353535353535, "f1-score": 0.87203302373581, "support": 990}, "accuracy": 0.938, "macro avg": {"precision": 0.9219201906752714, "recall": 0.9096580422161817, "f1-score": 0.9155612165858199, "support": 4000}, "weighted avg": {"precision": 0.9373580304261991, "recall": 0.938, "f1-score": 0.9375429539750749, "support": 4000}}, "confusion-matrix": [[2907, 103], [145, 845]]}, "8": {"report": {"False": {"precision": 0.9537437603993344, "recall": 0.9620678079892582, "f1-score": 0.9578877005347594, "support": 2979}, "True": {"precision": 0.8864321608040201, "recall": 0.8638589618021547, "f1-score": 0.875, "support": 1021}, "accuracy": 0.937, "macro avg": {"precision": 0.9200879606016772, "recall": 0.9129633848957064, "f1-score": 0.9164438502673797, "support": 4000}, "weighted avg": {"precision": 0.9365624746026303, "recall": 0.937, "f1-score": 0.936730614973262, "support": 4000}}, "confusion-matrix": [[2866, 113], [139, 882]]}, "10": {"report": {"False": {"precision": 0.9551196808510638, "recall": 0.9560732113144759, "f1-score": 0.955596208215533, "support": 3005}, "True": {"precision": 0.8669354838709677, "recall": 0.864321608040201, "f1-score": 0.8656265727226976, "support": 995}, "accuracy": 0.93325, "macro avg": {"precision": 0.9110275823610158, "recall": 0.9101974096773384, "f1-score": 0.9106113904691153, "support": 4000}, "weighted avg": {"precision": 0.933183861852265, "recall": 0.93325, "f1-score": 0.9332162613866902, "support": 4000}}, "confusion-matrix": [[2873, 132], [135, 860]]}, "1": {"report": {"False": {"precision": 0.9572192513368984, "recall": 0.9588215600937395, "f1-score": 0.9580197357417628, "support": 2987}, "True": {"precision": 0.8779761904761905, "recall": 0.8736426456071076, "f1-score": 0.875804057397328, "support": 1013}, "accuracy": 0.93725, "macro avg": {"precision": 0.9175977209065445, "recall": 0.9162321028504236, "f1-score": 0.9169118965695454, "support": 4000}, "weighted avg": {"precision": 0.9371509461739242, "recall": 0.93725, "f1-score": 0.9371986152010348, "support": 4000}}, "confusion-matrix": [[2864, 123], [128, 885]]}, "5": {"report": {"False": {"precision": 0.9551451187335093, "recall": 0.9608493696084937, "f1-score": 0.9579887528944757, "support": 3014}, "True": {"precision": 0.878099173553719, "recall": 0.8620689655172413, "f1-score": 0.8700102354145344, "support": 986}, "accuracy": 0.9365, "macro avg": {"precision": 0.9166221461436141, "recall": 0.9114591675628675, "f1-score": 0.9139994941545051, "support": 4000}, "weighted avg": {"precision": 0.9361532932466909, "recall": 0.9365, "f1-score": 0.9363020483356702, "support": 4000}}, "confusion-matrix": [[2896, 118], [136, 850]]}}, "overall": {"report": {"False": {"precision": 0.953297027373031, "recall": 0.9598547306138819, "f1-score": 0.9565585529205574, "support": 30000.0}, "True": {"precision": 0.8772378051673992, "recall": 0.8588335849356786, "f1-score": 0.8678844064020478, "support": 10000.0}, "macro avg": {"precision": 0.9152674162702151, "recall": 0.9093441577747802, "f1-score": 0.9122214796613024, "support": 40000.0}, "weighted avg": {"precision": 0.9342660346297869, "recall": 0.9346250000000002, "f1-score": 0.9343949606731188, "support": 40000.0}, "accuracy": 0.9346250000000002}, "confusion-matrix": [[28796.0, 1204.0], [1411.0, 8589.0]]}}