{"features": "bow-pp-pos-emot", "classifier": "DecisionTreeClassifier", "folds": {"3": {"report": {"False": {"precision": 0.9458651610760545, "recall": 0.9509181969949917, "f1-score": 0.9483849483849484, "support": 2995}, "True": {"precision": 0.8513650151668352, "recall": 0.8378109452736319, "f1-score": 0.8445336008024072, "support": 1005}, "accuracy": 0.9225, "macro avg": {"precision": 0.8986150881214447, "recall": 0.8943645711343118, "f1-score": 0.8964592745936778, "support": 4000}, "weighted avg": {"precision": 0.9221219994163631, "recall": 0.9225, "f1-score": 0.9222922973048349, "support": 4000}}, "confusion-matrix": [[2848, 147], [163, 842]]}, "4": {"report": {"False": {"precision": 0.9486928104575163, "recall": 0.9638114209827358, "f1-score": 0.9561923583662714, "support": 3012}, "True": {"precision": 0.8840425531914894, "recall": 0.8410931174089069, "f1-score": 0.8620331950207469, "support": 988}, "accuracy": 0.9335, "macro avg": {"precision": 0.9163676818245028, "recall": 0.9024522691958213, "f1-score": 0.9091127766935092, "support": 4000}, "weighted avg": {"precision": 0.9327241969128076, "recall": 0.9335, "f1-score": 0.9329350450199269, "support": 4000}}, "confusion-matrix": [[2903, 109], [157, 831]]}, "7": {"report": {"False": {"precision": 0.9580514208389715, "recall": 0.9522528581035642, "f1-score": 0.9551433389544688, "support": 2974}, "True": {"precision": 0.8639846743295019, "recall": 0.8791423001949318, "f1-score": 0.8714975845410627, "support": 1026}, "accuracy": 0.9335, "macro avg": {"precision": 0.9110180475842367, "recall": 0.915697579149248, "f1-score": 0.9133204617477657, "support": 4000}, "weighted avg": {"precision": 0.9339233003592925, "recall": 0.9335, "f1-score": 0.9336882029474302, "support": 4000}}, "confusion-matrix": [[2832, 142], [124, 902]]}, "6": {"report": {"False": {"precision": 0.9536031589338598, "recall": 0.9611940298507463, "f1-score": 0.9573835480673935, "support": 3015}, "True": {"precision": 0.8782518210197711, "recall": 0.8568527918781725, "f1-score": 0.8674203494347378, "support": 985}, "accuracy": 0.9355, "macro avg": {"precision": 0.9159274899768155, "recall": 0.9090234108644595, "f1-score": 0.9124019487510656, "support": 4000}, "weighted avg": {"precision": 0.9350478919725155, "recall": 0.9355, "f1-score": 0.935230110404102, "support": 4000}}, "confusion-matrix": [[2898, 117], [141, 844]]}, "2": {"report": {"False": {"precision": 0.9526003949967083, "recall": 0.961781322698571, "f1-score": 0.9571688440549032, "support": 3009}, "True": {"precision": 0.8804573804573804, "recall": 0.8546922300706358, "f1-score": 0.8673835125448028, "support": 991}, "accuracy": 0.93525, "macro avg": {"precision": 0.9165288877270443, "recall": 0.9082367763846033, "f1-score": 0.912276178299853, "support": 4000}, "weighted avg": {"precision": 0.9347269631445898, "recall": 0.93525, "f1-score": 0.9349245281732759, "support": 4000}}, "confusion-matrix": [[2894, 115], [144, 847]]}, "9": {"report": {"False": {"precision": 0.9533508541392904, "recall": 0.9641196013289036, "f1-score": 0.9587049884373968, "support": 3010}, "True": {"precision": 0.8870292887029289, "recall": 0.8565656565656565, "f1-score": 0.8715313463514901, "support": 990}, "accuracy": 0.9375, "macro avg": {"precision": 0.9201900714211096, "recall": 0.91034262894728, "f1-score": 0.9151181673944435, "support": 4000}, "weighted avg": {"precision": 0.9369362666937909, "recall": 0.9375, "f1-score": 0.9371295120211349, "support": 4000}}, "confusion-matrix": [[2902, 108], [142, 848]]}, "8": {"report": {"False": {"precision": 0.9562165775401069, "recall": 0.9603893924135616, "f1-score": 0.9582984424719476, "support": 2979}, "True": {"precision": 0.8829365079365079, "recall": 0.871694417238002, "f1-score": 0.8772794480039428, "support": 1021}, "accuracy": 0.93775, "macro avg": {"precision": 0.9195765427383074, "recall": 0.9160419048257817, "f1-score": 0.9177889452379452, "support": 4000}, "weighted avg": {"precision": 0.9375118397737882, "recall": 0.93775, "f1-score": 0.9376183441339894, "support": 4000}}, "confusion-matrix": [[2861, 118], [131, 890]]}, "1": {"report": {"False": {"precision": 0.9551689528270324, "recall": 0.9558085035152327, "f1-score": 0.9554886211512718, "support": 2987}, "True": {"precision": 0.8694362017804155, "recall": 0.8677196446199408, "f1-score": 0.8685770750988143, "support": 1013}, "accuracy": 0.9335, "macro avg": {"precision": 0.9123025773037239, "recall": 0.9117640740675867, "f1-score": 0.912032848125043, "support": 4000}, "weighted avg": {"precision": 0.9334571336244767, "recall": 0.9335, "f1-score": 0.9334782721134869, "support": 4000}}, "confusion-matrix": [[2855, 132], [134, 879]]}, "10": {"report": {"False": {"precision": 0.955955955955956, "recall": 0.9534109816971714, "f1-score": 0.9546817727424192, "support": 3005}, "True": {"precision": 0.8604187437686939, "recall": 0.8673366834170855, "f1-score": 0.8638638638638638, "support": 995}, "accuracy": 0.932, "macro avg": {"precision": 0.908187349862325, "recall": 0.9103738325571284, "f1-score": 0.9092728183031416, "support": 4000}, "weighted avg": {"precision": 0.9321910744243745, "recall": 0.932, "f1-score": 0.9320908179088785, "support": 4000}}, "confusion-matrix": [[2865, 140], [132, 863]]}, "5": {"report": {"False": {"precision": 0.9548153034300791, "recall": 0.9605175846051759, "f1-score": 0.9576579556731725, "support": 3014}, "True": {"precision": 0.8770661157024794, "recall": 0.8610547667342799, "f1-score": 0.8689866939611055, "support": 986}, "accuracy": 0.936, "macro avg": {"precision": 0.9159407095662793, "recall": 0.910786175669728, "f1-score": 0.9133223248171389, "support": 4000}, "weighted avg": {"precision": 0.9356501286552259, "recall": 0.936, "f1-score": 0.935800489661148, "support": 4000}}, "confusion-matrix": [[2895, 119], [137, 849]]}}, "overall": {"report": {"False": {"precision": 0.9534320590195575, "recall": 0.9584203892190655, "f1-score": 0.9559104818304192, "support": 30000.0}, "True": {"precision": 0.8734988302056003, "recall": 0.8593962553401244, "f1-score": 0.8663106669622973, "support": 10000.0}, "macro avg": {"precision": 0.9134654446125788, "recall": 0.908908322279595, "f1-score": 0.9111105743963585, "support": 40000.0}, "weighted avg": {"precision": 0.9334290794977225, "recall": 0.9337, "f1-score": 0.9335187619688208, "support": 40000.0}, "accuracy": 0.9337}, "confusion-matrix": [[28753.0, 1247.0], [1405.0, 8595.0]]}}