{"features": "emot", "classifier": "MultinomialNB", "folds": {"1": {"report": {"False": {"precision": 0.7543585740307052, "recall": 0.9705390023434884, "f1-score": 0.8489019033674963, "support": 2987}, "True": {"precision": 0.4394904458598726, "recall": 0.06811451135241856, "f1-score": 0.11794871794871795, "support": 1013}, "accuracy": 0.742, "macro avg": {"precision": 0.5969245099452889, "recall": 0.5193267568479535, "f1-score": 0.4834253106581071, "support": 4000}, "weighted avg": {"precision": 0.6746182205714418, "recall": 0.742, "f1-score": 0.6637880091601907, "support": 4000}}, "confusion-matrix": [[2899, 88], [944, 69]]}, "2": {"report": {"False": {"precision": 0.7573243453461239, "recall": 0.9707544034562978, "f1-score": 0.8508593067288086, "support": 3009}, "True": {"precision": 0.38461538461538464, "recall": 0.055499495459132187, "f1-score": 0.09700176366843033, "support": 991}, "accuracy": 0.744, "macro avg": {"precision": 0.5709698649807543, "recall": 0.513126949457715, "f1-score": 0.4739305351986195, "support": 4000}, "weighted avg": {"precision": 0.6649857003250833, "recall": 0.744, "f1-score": 0.6640911004355998, "support": 4000}}, "confusion-matrix": [[2921, 88], [936, 55]]}, "3": {"report": {"False": {"precision": 0.7543540421107356, "recall": 0.968948247078464, "f1-score": 0.848289973691903, "support": 2995}, "True": {"precision": 0.39215686274509803, "recall": 0.05970149253731343, "f1-score": 0.10362694300518134, "support": 1005}, "accuracy": 0.7405, "macro avg": {"precision": 0.5732554524279169, "recall": 0.5143248698078887, "f1-score": 0.47595845834854217, "support": 4000}, "weighted avg": {"precision": 0.6633520007951191, "recall": 0.7405, "f1-score": 0.6611933872318642, "support": 4000}}, "confusion-matrix": [[2902, 93], [945, 60]]}, "4": {"report": {"False": {"precision": 0.7577399380804953, "recall": 0.9750996015936255, "f1-score": 0.8527874564459931, "support": 3012}, "True": {"precision": 0.3951612903225806, "recall": 0.04959514170040486, "f1-score": 0.0881294964028777, "support": 988}, "accuracy": 0.7465, "macro avg": {"precision": 0.576450614201538, "recall": 0.5123473716470152, "f1-score": 0.4704584764244354, "support": 4000}, "weighted avg": {"precision": 0.6681830120842904, "recall": 0.7465, "f1-score": 0.6639169403153435, "support": 4000}}, "confusion-matrix": [[2937, 75], [939, 49]]}, "5": {"report": {"False": {"precision": 0.7560912389839295, "recall": 0.9678168546781686, "f1-score": 0.8489522700814901, "support": 3014}, "True": {"precision": 0.31690140845070425, "recall": 0.04563894523326572, "f1-score": 0.07978723404255318, "support": 986}, "accuracy": 0.7405, "macro avg": {"precision": 0.5364963237173168, "recall": 0.5067278999557171, "f1-score": 0.46436975206202163, "support": 4000}, "weighted avg": {"precision": 0.6478309457574896, "recall": 0.7405, "f1-score": 0.6593530886978921, "support": 4000}}, "confusion-matrix": [[2917, 97], [941, 45]]}, "6": {"report": {"False": {"precision": 0.7609314359637774, "recall": 0.9754560530679933, "f1-score": 0.8549418604651162, "support": 3015}, "True": {"precision": 0.45185185185185184, "recall": 0.06192893401015229, "f1-score": 0.10892857142857143, "support": 985}, "accuracy": 0.7505, "macro avg": {"precision": 0.6063916439078146, "recall": 0.5186924935390728, "f1-score": 0.48193521594684385, "support": 4000}, "weighted avg": {"precision": 0.6848205883762157, "recall": 0.7505, "f1-score": 0.671236088039867, "support": 4000}}, "confusion-matrix": [[2941, 74], [924, 61]]}, "7": {"report": {"False": {"precision": 0.7504539559014267, "recall": 0.972763954270343, "f1-score": 0.8472689998535657, "support": 2974}, "True": {"precision": 0.4413793103448276, "recall": 0.06237816764132553, "f1-score": 0.10930828351836036, "support": 1026}, "accuracy": 0.73925, "macro avg": {"precision": 0.5959166331231271, "recall": 0.5175710609558343, "f1-score": 0.4782886416859631, "support": 4000}, "weighted avg": {"precision": 0.6711763093161589, "recall": 0.73925, "f1-score": 0.6579820761135855, "support": 4000}}, "confusion-matrix": [[2893, 81], [962, 64]]}, "8": {"report": {"False": {"precision": 0.7486296006264683, "recall": 0.9627391742195368, "f1-score": 0.8422907488986785, "support": 2979}, "True": {"precision": 0.3431952662721893, "recall": 0.05680705190989226, "f1-score": 0.09747899159663864, "support": 1021}, "accuracy": 0.7315, "macro avg": {"precision": 0.5459124334493288, "recall": 0.5097731130647145, "f1-score": 0.46988487024765857, "support": 4000}, "weighted avg": {"precision": 0.6451424867825385, "recall": 0.7315, "f1-score": 0.6521775478473328, "support": 4000}}, "confusion-matrix": [[2868, 111], [963, 58]]}, "9": {"report": {"False": {"precision": 0.7566727131381187, "recall": 0.9700996677740864, "f1-score": 0.850196535157956, "support": 3010}, "True": {"precision": 0.3617021276595745, "recall": 0.051515151515151514, "f1-score": 0.09018567639257294, "support": 990}, "accuracy": 0.74275, "macro avg": {"precision": 0.5591874203988466, "recall": 0.5108074096446189, "f1-score": 0.47019110577526446, "support": 4000}, "weighted avg": {"precision": 0.6589174932321791, "recall": 0.74275, "f1-score": 0.6620938476135236, "support": 4000}}, "confusion-matrix": [[2920, 90], [939, 51]]}, "10": {"report": {"False": {"precision": 0.75625, "recall": 0.9663893510815308, "f1-score": 0.8485025566106648, "support": 3005}, "True": {"precision": 0.36875, "recall": 0.0592964824120603, "f1-score": 0.10216450216450217, "support": 995}, "accuracy": 0.74075, "macro avg": {"precision": 0.5625, "recall": 0.5128429167467955, "f1-score": 0.47533352938758344, "support": 4000}, "weighted avg": {"precision": 0.659859375, "recall": 0.74075, "f1-score": 0.6628509655671818, "support": 4000}}, "confusion-matrix": [[2904, 101], [936, 59]]}}, "overall": {"report": {"False": {"precision": 0.755280584418178, "recall": 0.9700606309563536, "f1-score": 0.8492991611301672, "support": 30000.0}, "True": {"precision": 0.3895203948122084, "recall": 0.05704753737711167, "f1-score": 0.09945601801684059, "support": 10000.0}, "macro avg": {"precision": 0.5724004896151933, "recall": 0.5135540841667325, "f1-score": 0.47437758957350395, "support": 40000.0}, "weighted avg": {"precision": 0.6638886132240517, "recall": 0.7418250000000001, "f1-score": 0.661868305102238, "support": 40000.0}, "accuracy": 0.7418250000000001}, "confusion-matrix": [[29102.0, 898.0], [9429.0, 571.0]]}}