{"features": "emot", "classifier": "DecisionTreeClassifier", "folds": {"1": {"report": {"False": {"precision": 0.7636703120832222, "recall": 0.958486776029461, "f1-score": 0.8500593824228029, "support": 2987}, "True": {"precision": 0.5059760956175299, "recall": 0.12537018756169793, "f1-score": 0.20094936708860758, "support": 1013}, "accuracy": 0.7475, "macro avg": {"precision": 0.634823203850376, "recall": 0.5419284817955794, "f1-score": 0.5255043747557052, "support": 4000}, "weighted avg": {"precision": 0.6984092517632856, "recall": 0.7475, "f1-score": 0.685672271039418, "support": 4000}}, "confusion-matrix": [[2863, 124], [886, 127]]}, "2": {"report": {"False": {"precision": 0.7672737011247991, "recall": 0.9521435692921236, "f1-score": 0.8497701319887291, "support": 3009}, "True": {"precision": 0.45864661654135336, "recall": 0.1231079717457114, "f1-score": 0.19411296738265713, "support": 991}, "accuracy": 0.74675, "macro avg": {"precision": 0.6129601588330762, "recall": 0.5376257705189175, "f1-score": 0.5219415496856931, "support": 4000}, "weighted avg": {"precision": 0.6908113409192503, "recall": 0.74675, "f1-score": 0.6873310694575748, "support": 4000}}, "confusion-matrix": [[2865, 144], [869, 122]]}, "3": {"report": {"False": {"precision": 0.7668089647812166, "recall": 0.9595993322203673, "f1-score": 0.8524395669583271, "support": 2995}, "True": {"precision": 0.5198412698412699, "recall": 0.13034825870646766, "f1-score": 0.20843277645186956, "support": 1005}, "accuracy": 0.75125, "macro avg": {"precision": 0.6433251173112433, "recall": 0.5449737954634175, "f1-score": 0.5304361717050984, "support": 4000}, "weighted avg": {"precision": 0.704758331427555, "recall": 0.75125, "f1-score": 0.6906328608435797, "support": 4000}}, "confusion-matrix": [[2874, 121], [874, 131]]}, "4": {"report": {"False": {"precision": 0.7666135034556087, "recall": 0.9575033200531209, "f1-score": 0.851490994980809, "support": 3012}, "True": {"precision": 0.46218487394957986, "recall": 0.11133603238866396, "f1-score": 0.17944535073409462, "support": 988}, "accuracy": 0.7485, "macro avg": {"precision": 0.6143991887025944, "recall": 0.5344196762208924, "f1-score": 0.5154681728574518, "support": 4000}, "weighted avg": {"precision": 0.6914196319676196, "recall": 0.7485, "f1-score": 0.6854957208518706, "support": 4000}}, "confusion-matrix": [[2884, 128], [878, 110]]}, "5": {"report": {"False": {"precision": 0.7682012847965739, "recall": 0.9522229595222296, "f1-score": 0.8503703703703703, "support": 3014}, "True": {"precision": 0.45454545454545453, "recall": 0.12170385395537525, "f1-score": 0.192, "support": 986}, "accuracy": 0.7475, "macro avg": {"precision": 0.6113733696710142, "recall": 0.5369634067388024, "f1-score": 0.5211851851851852, "support": 4000}, "weighted avg": {"precision": 0.6908851226396728, "recall": 0.7475, "f1-score": 0.6880820740740741, "support": 4000}}, "confusion-matrix": [[2870, 144], [866, 120]]}, "6": {"report": {"False": {"precision": 0.7680577849117175, "recall": 0.9522388059701492, "f1-score": 0.8502887605508662, "support": 3015}, "True": {"precision": 0.45038167938931295, "recall": 0.11979695431472082, "f1-score": 0.1892542101042502, "support": 985}, "accuracy": 0.74725, "macro avg": {"precision": 0.6092197321505153, "recall": 0.536017880142435, "f1-score": 0.5197714853275582, "support": 4000}, "weighted avg": {"precision": 0.6898300439268253, "recall": 0.74725, "f1-score": 0.687509002503387, "support": 4000}}, "confusion-matrix": [[2871, 144], [867, 118]]}, "7": {"report": {"False": {"precision": 0.7617654879021537, "recall": 0.9633490248823133, "f1-score": 0.8507795100222718, "support": 2974}, "True": {"precision": 0.5439330543933054, "recall": 0.1267056530214425, "f1-score": 0.20553359683794464, "support": 1026}, "accuracy": 0.74875, "macro avg": {"precision": 0.6528492711477296, "recall": 0.5450273389518779, "f1-score": 0.5281565534301083, "support": 4000}, "weighted avg": {"precision": 0.7058914687071343, "recall": 0.74875, "f1-score": 0.6852739332904919, "support": 4000}}, "confusion-matrix": [[2865, 109], [896, 130]]}, "8": {"report": {"False": {"precision": 0.7595307917888563, "recall": 0.9563611950318899, "f1-score": 0.8466567607726597, "support": 2979}, "True": {"precision": 0.4779116465863454, "recall": 0.11655239960822723, "f1-score": 0.18740157480314962, "support": 1021}, "accuracy": 0.742, "macro avg": {"precision": 0.6187212191876008, "recall": 0.5364567973200586, "f1-score": 0.5170291677879046, "support": 4000}, "weighted avg": {"precision": 0.6876475049759153, "recall": 0.742, "f1-score": 0.6783818745539424, "support": 4000}}, "confusion-matrix": [[2849, 130], [902, 119]]}, "9": {"report": {"False": {"precision": 0.7685531233315537, "recall": 0.9564784053156146, "f1-score": 0.8522794552989934, "support": 3010}, "True": {"precision": 0.484251968503937, "recall": 0.12424242424242424, "f1-score": 0.1977491961414791, "support": 990}, "accuracy": 0.7505, "macro avg": {"precision": 0.6264025459177454, "recall": 0.5403604147790194, "f1-score": 0.5250143257202362, "support": 4000}, "weighted avg": {"precision": 0.6981885875117185, "recall": 0.7505, "f1-score": 0.6902832161575087, "support": 4000}}, "confusion-matrix": [[2879, 131], [867, 123]]}, "10": {"report": {"False": {"precision": 0.7696855683955925, "recall": 0.9530782029950083, "f1-score": 0.8516205768658937, "support": 3005}, "True": {"precision": 0.4946236559139785, "recall": 0.13869346733668342, "f1-score": 0.21664050235478807, "support": 995}, "accuracy": 0.7505, "macro avg": {"precision": 0.6321546121547855, "recall": 0.5458858351658459, "f1-score": 0.5341305396103408, "support": 4000}, "weighted avg": {"precision": 0.701263917665791, "recall": 0.7505, "f1-score": 0.6936692833312562, "support": 4000}}, "confusion-matrix": [[2864, 141], [857, 138]]}}, "overall": {"report": {"False": {"precision": 0.7660160522571294, "recall": 0.9561461591312277, "f1-score": 0.8505755510231723, "support": 30000.0}, "True": {"precision": 0.48522963152820664, "recall": 0.12378572028814143, "f1-score": 0.19715195418988404, "support": 10000.0}, "macro avg": {"precision": 0.6256228418926681, "recall": 0.5399659397096845, "f1-score": 0.5238637526065282, "support": 40000.0}, "weighted avg": {"precision": 0.6959105201504768, "recall": 0.7480499999999999, "f1-score": 0.6872331306103103, "support": 40000.0}, "accuracy": 0.7480499999999999}, "confusion-matrix": [[28684.0, 1316.0], [8762.0, 1238.0]]}}