{"features": "pos", "classifier": "DecisionTreeClassifier", "folds": {"1": {"report": {"False": {"precision": 0.8209150326797385, "recall": 0.8409775694676933, "f1-score": 0.8308252025797916, "support": 2987}, "True": {"precision": 0.4946808510638298, "recall": 0.4590325765054294, "f1-score": 0.47619047619047616, "support": 1013}, "accuracy": 0.74425, "macro avg": {"precision": 0.6577979418717842, "recall": 0.6500050729865614, "f1-score": 0.6535078393851339, "support": 4000}, "weighted avg": {"precision": 0.7382962261855097, "recall": 0.74425, "f1-score": 0.7410139581216975, "support": 4000}}, "confusion-matrix": [[2512, 475], [548, 465]]}, "2": {"report": {"False": {"precision": 0.8197084917617237, "recall": 0.8597540711199734, "f1-score": 0.8392538523925385, "support": 3009}, "True": {"precision": 0.5, "recall": 0.425832492431887, "f1-score": 0.4599455040871934, "support": 991}, "accuracy": 0.75225, "macro avg": {"precision": 0.6598542458808618, "recall": 0.6427932817759302, "f1-score": 0.649599678239866, "support": 4000}, "weighted avg": {"precision": 0.7405007129277565, "recall": 0.75225, "f1-score": 0.7452802090998892, "support": 4000}}, "confusion-matrix": [[2587, 422], [569, 422]]}, "3": {"report": {"False": {"precision": 0.8241106719367589, "recall": 0.8353923205342237, "f1-score": 0.8297131487315538, "support": 2995}, "True": {"precision": 0.48858921161825725, "recall": 0.46865671641791046, "f1-score": 0.47841543930929403, "support": 1005}, "accuracy": 0.74325, "macro avg": {"precision": 0.656349941777508, "recall": 0.6520245184760671, "f1-score": 0.6540642940204239, "support": 4000}, "weighted avg": {"precision": 0.7398109050317354, "recall": 0.74325, "f1-score": 0.741449599239211, "support": 4000}}, "confusion-matrix": [[2502, 493], [534, 471]]}, "4": {"report": {"False": {"precision": 0.8271565495207668, "recall": 0.8595617529880478, "f1-score": 0.8430478671442527, "support": 3012}, "True": {"precision": 0.5137931034482759, "recall": 0.4524291497975709, "f1-score": 0.48116254036598494, "support": 988}, "accuracy": 0.759, "macro avg": {"precision": 0.6704748264845213, "recall": 0.6559954513928093, "f1-score": 0.6621052037551188, "support": 4000}, "weighted avg": {"precision": 0.7497557783408615, "recall": 0.759, "f1-score": 0.7536621914300206, "support": 4000}}, "confusion-matrix": [[2589, 423], [541, 447]]}, "5": {"report": {"False": {"precision": 0.8211276733635774, "recall": 0.840743198407432, "f1-score": 0.8308196721311475, "support": 3014}, "True": {"precision": 0.474835886214442, "recall": 0.44016227180527384, "f1-score": 0.4568421052631579, "support": 986}, "accuracy": 0.742, "macro avg": {"precision": 0.6479817797890097, "recall": 0.6404527351063529, "f1-score": 0.6438308886971527, "support": 4000}, "weighted avg": {"precision": 0.7357667478313156, "recall": 0.742, "f1-score": 0.7386342018981881, "support": 4000}}, "confusion-matrix": [[2534, 480], [552, 434]]}, "6": {"report": {"False": {"precision": 0.8292603453893777, "recall": 0.8441127694859039, "f1-score": 0.836620644312952, "support": 3015}, "True": {"precision": 0.49516648764769067, "recall": 0.46802030456852795, "f1-score": 0.48121085594989566, "support": 985}, "accuracy": 0.7515, "macro avg": {"precision": 0.6622134165185342, "recall": 0.6560665370272158, "f1-score": 0.6589157501314238, "support": 4000}, "weighted avg": {"precision": 0.7469897329204872, "recall": 0.7515, "f1-score": 0.7491009839285493, "support": 4000}}, "confusion-matrix": [[2545, 470], [524, 461]]}, "7": {"report": {"False": {"precision": 0.8201555411535969, "recall": 0.8510423671822461, "f1-score": 0.8353135313531352, "support": 2974}, "True": {"precision": 0.5153172866520788, "recall": 0.4590643274853801, "f1-score": 0.4855670103092784, "support": 1026}, "accuracy": 0.7505, "macro avg": {"precision": 0.6677364139028379, "recall": 0.6550533473338132, "f1-score": 0.6604402708312068, "support": 4000}, "weighted avg": {"precision": 0.7419645288739575, "recall": 0.7505, "f1-score": 0.7456035487053859, "support": 4000}}, "confusion-matrix": [[2531, 443], [555, 471]]}, "8": {"report": {"False": {"precision": 0.823915900131406, "recall": 0.8418932527693856, "f1-score": 0.8328075709779179, "support": 2979}, "True": {"precision": 0.5073221757322176, "recall": 0.47502448579823703, "f1-score": 0.49064238745574107, "support": 1021}, "accuracy": 0.74825, "macro avg": {"precision": 0.6656190379318119, "recall": 0.6584588692838114, "f1-score": 0.6617249792168295, "support": 4000}, "weighted avg": {"precision": 0.7431053519785132, "recall": 0.74825, "f1-score": 0.7454699078838823, "support": 4000}}, "confusion-matrix": [[2508, 471], [536, 485]]}, "9": {"report": {"False": {"precision": 0.8228257355318461, "recall": 0.845514950166113, "f1-score": 0.8340160576765526, "support": 3010}, "True": {"precision": 0.48732083792723263, "recall": 0.44646464646464645, "f1-score": 0.4659989457037427, "support": 990}, "accuracy": 0.74675, "macro avg": {"precision": 0.6550732867295394, "recall": 0.6459897983153797, "f1-score": 0.6500075016901476, "support": 4000}, "weighted avg": {"precision": 0.7397882733747043, "recall": 0.74675, "f1-score": 0.742931822463282, "support": 4000}}, "confusion-matrix": [[2545, 465], [548, 442]]}, "10": {"report": {"False": {"precision": 0.8220032840722495, "recall": 0.8329450915141431, "f1-score": 0.8274380165289256, "support": 3005}, "True": {"precision": 0.4743455497382199, "recall": 0.4552763819095477, "f1-score": 0.46461538461538465, "support": 995}, "accuracy": 0.739, "macro avg": {"precision": 0.6481744169052347, "recall": 0.6441107367118454, "f1-score": 0.6460267005721552, "support": 4000}, "weighted avg": {"precision": 0.7355234226566597, "recall": 0.739, "f1-score": 0.7371858868404322, "support": 4000}}, "confusion-matrix": [[2503, 502], [542, 453]]}}, "overall": {"report": {"False": {"precision": 0.8231179225541041, "recall": 0.8451937343635161, "f1-score": 0.8339855563828766, "support": 30000.0}, "True": {"precision": 0.49513713900422446, "recall": 0.4549963353184411, "f1-score": 0.474059064925015, "support": 10000.0}, "macro avg": {"precision": 0.6591275307791643, "recall": 0.6500950348409786, "f1-score": 0.6540223106539458, "support": 40000.0}, "weighted avg": {"precision": 0.74115016801215, "recall": 0.747675, "f1-score": 0.7440332309610538, "support": 40000.0}, "accuracy": 0.747675}, "confusion-matrix": [[25356.0, 4644.0], [5449.0, 4551.0]]}}