{"features": "pos-emot", "classifier": "DecisionTreeClassifier", "folds": {"1": {"report": {"False": {"precision": 0.8333888703765412, "recall": 0.8372949447606294, "f1-score": 0.8353373413493653, "support": 2987}, "True": {"precision": 0.5135135135135135, "recall": 0.506416584402764, "f1-score": 0.5099403578528826, "support": 1013}, "accuracy": 0.7535, "macro avg": {"precision": 0.6734511919450273, "recall": 0.6718557645816967, "f1-score": 0.672638849601124, "support": 4000}, "weighted avg": {"precision": 0.7523804362509794, "recall": 0.7535, "f1-score": 0.7529305552788811, "support": 4000}}, "confusion-matrix": [[2501, 486], [500, 513]]}, "2": {"report": {"False": {"precision": 0.8249180327868852, "recall": 0.8361581920903954, "f1-score": 0.8305000825218682, "support": 3009}, "True": {"precision": 0.48105263157894734, "recall": 0.4611503531786075, "f1-score": 0.47089129314786193, "support": 991}, "accuracy": 0.74325, "macro avg": {"precision": 0.6529853321829163, "recall": 0.6486542726345015, "f1-score": 0.6506956878348651, "support": 4000}, "weighted avg": {"precision": 0.7397253796376186, "recall": 0.74325, "f1-score": 0.7414070049544582, "support": 4000}}, "confusion-matrix": [[2516, 493], [534, 457]]}, "3": {"report": {"False": {"precision": 0.8396319421623398, "recall": 0.8530884808013356, "f1-score": 0.8463067240808214, "support": 2995}, "True": {"precision": 0.5402298850574713, "recall": 0.5144278606965174, "f1-score": 0.527013251783894, "support": 1005}, "accuracy": 0.768, "macro avg": {"precision": 0.6899309136099055, "recall": 0.6837581707489264, "f1-score": 0.6866599879323577, "support": 4000}, "weighted avg": {"precision": 0.7644071753147416, "recall": 0.768, "f1-score": 0.7660842391662185, "support": 4000}}, "confusion-matrix": [[2555, 440], [488, 517]]}, "4": {"report": {"False": {"precision": 0.8333878887070376, "recall": 0.8452855245683931, "f1-score": 0.8392945442558102, "support": 3012}, "True": {"precision": 0.5068783068783069, "recall": 0.4848178137651822, "f1-score": 0.49560269011898606, "support": 988}, "accuracy": 0.75625, "macro avg": {"precision": 0.6701330977926723, "recall": 0.6650516691667876, "f1-score": 0.6674486171873981, "support": 4000}, "weighted avg": {"precision": 0.7527400219953412, "recall": 0.75625, "f1-score": 0.7544026562840146, "support": 4000}}, "confusion-matrix": [[2546, 466], [509, 479]]}, "5": {"report": {"False": {"precision": 0.8429336905559277, "recall": 0.8351028533510285, "f1-score": 0.8390000000000001, "support": 3014}, "True": {"precision": 0.5098619329388561, "recall": 0.5243407707910751, "f1-score": 0.517, "support": 986}, "accuracy": 0.7585, "macro avg": {"precision": 0.6763978117473919, "recall": 0.6797218120710518, "f1-score": 0.678, "support": 4000}, "weighted avg": {"precision": 0.7608315023033195, "recall": 0.7585, "f1-score": 0.759627, "support": 4000}}, "confusion-matrix": [[2517, 497], [469, 517]]}, "6": {"report": {"False": {"precision": 0.8328368090036412, "recall": 0.8344941956882256, "f1-score": 0.8336646785950962, "support": 3015}, "True": {"precision": 0.4902962206332993, "recall": 0.4873096446700508, "f1-score": 0.48879837067209775, "support": 985}, "accuracy": 0.749, "macro avg": {"precision": 0.6615665148184703, "recall": 0.6609019201791382, "f1-score": 0.6612315246335969, "support": 4000}, "weighted avg": {"precision": 0.7484861891174445, "recall": 0.749, "f1-score": 0.7487413502690579, "support": 4000}}, "confusion-matrix": [[2516, 499], [505, 480]]}, "7": {"report": {"False": {"precision": 0.8282352941176471, "recall": 0.8285137861466039, "f1-score": 0.8283745167255002, "support": 2974}, "True": {"precision": 0.5024390243902439, "recall": 0.5019493177387915, "f1-score": 0.5021940516821063, "support": 1026}, "accuracy": 0.74475, "macro avg": {"precision": 0.6653371592539454, "recall": 0.6652315519426977, "f1-score": 0.6652842842038033, "support": 4000}, "weighted avg": {"precision": 0.7446685509325681, "recall": 0.74475, "f1-score": 0.7447092274418696, "support": 4000}}, "confusion-matrix": [[2464, 510], [511, 515]]}, "8": {"report": {"False": {"precision": 0.8280081577158396, "recall": 0.8177240684793555, "f1-score": 0.8228339807464955, "support": 2979}, "True": {"precision": 0.4867674858223062, "recall": 0.5044074436826641, "f1-score": 0.49543049543049544, "support": 1021}, "accuracy": 0.73775, "macro avg": {"precision": 0.657387821769073, "recall": 0.6610657560810098, "f1-score": 0.6591322380884954, "support": 4000}, "weighted avg": {"precision": 0.7409064762150152, "recall": 0.73775, "f1-score": 0.7392642411195864, "support": 4000}}, "confusion-matrix": [[2436, 543], [506, 515]]}, "9": {"report": {"False": {"precision": 0.8342632097144732, "recall": 0.8445182724252491, "f1-score": 0.8393594188542183, "support": 3010}, "True": {"precision": 0.5089192025183631, "recall": 0.4898989898989899, "f1-score": 0.4992279979413279, "support": 990}, "accuracy": 0.75675, "macro avg": {"precision": 0.6715912061164182, "recall": 0.6672086311621195, "f1-score": 0.669293708397773, "support": 4000}, "weighted avg": {"precision": 0.7537405679334359, "recall": 0.75675, "f1-score": 0.755176892178278, "support": 4000}}, "confusion-matrix": [[2542, 468], [505, 485]]}, "10": {"report": {"False": {"precision": 0.8258575197889182, "recall": 0.8332778702163062, "f1-score": 0.8295511015405003, "support": 3005}, "True": {"precision": 0.4824380165289256, "recall": 0.46934673366834173, "f1-score": 0.4758023433520122, "support": 995}, "accuracy": 0.74275, "macro avg": {"precision": 0.6541477681589218, "recall": 0.6513123019423239, "f1-score": 0.6526767224462562, "support": 4000}, "weighted avg": {"precision": 0.740431918352995, "recall": 0.74275, "f1-score": 0.7415560979411139, "support": 4000}}, "confusion-matrix": [[2504, 501], [528, 467]]}}, "overall": {"report": {"False": {"precision": 0.832346141492925, "recall": 0.8365458188527523, "f1-score": 0.8344222388669674, "support": 30000.0}, "True": {"precision": 0.5022396219860233, "recall": 0.49440655124929844, "f1-score": 0.49819008519816654, "support": 10000.0}, "macro avg": {"precision": 0.6672928817394743, "recall": 0.6654761850510253, "f1-score": 0.6663061620325669, "support": 40000.0}, "weighted avg": {"precision": 0.7498318218053459, "recall": 0.75105, "f1-score": 0.7503899264633478, "support": 40000.0}, "accuracy": 0.75105}, "confusion-matrix": [[25097.0, 4903.0], [5055.0, 4945.0]]}}