{"features": "pos-emot", "classifier": "MultinomialNB", "folds": {"1": {"report": {"False": {"precision": 0.7962688777021024, "recall": 0.900234348844995, "f1-score": 0.8450659962287869, "support": 2987}, "True": {"precision": 0.521669341894061, "recall": 0.32082922013820336, "f1-score": 0.3973105134474328, "support": 1013}, "accuracy": 0.7535, "macro avg": {"precision": 0.6589691097980817, "recall": 0.6105317844915992, "f1-score": 0.6211882548381098, "support": 4000}, "weighted avg": {"precision": 0.7267265452587159, "recall": 0.7535, "f1-score": 0.731671920214409, "support": 4000}}, "confusion-matrix": [[2689, 298], [688, 325]]}, "2": {"report": {"False": {"precision": 0.7951176983435048, "recall": 0.909272183449651, "f1-score": 0.8483720930232558, "support": 3009}, "True": {"precision": 0.5116279069767442, "recall": 0.2885973763874874, "f1-score": 0.3690322580645161, "support": 991}, "accuracy": 0.7555, "macro avg": {"precision": 0.6533728026601244, "recall": 0.5989347799185691, "f1-score": 0.608702175543886, "support": 4000}, "weighted avg": {"precision": 0.7248831025323897, "recall": 0.7555, "f1-score": 0.7296156489122281, "support": 4000}}, "confusion-matrix": [[2736, 273], [705, 286]]}, "3": {"report": {"False": {"precision": 0.8055148137283661, "recall": 0.9168614357262104, "f1-score": 0.8575890068707058, "support": 2995}, "True": {"precision": 0.5786802030456852, "recall": 0.3402985074626866, "f1-score": 0.4285714285714286, "support": 1005}, "accuracy": 0.772, "macro avg": {"precision": 0.6920975083870257, "recall": 0.6285799715944485, "f1-score": 0.6430802177210673, "support": 4000}, "weighted avg": {"precision": 0.7485226177943425, "recall": 0.772, "f1-score": 0.7497983403230124, "support": 4000}}, "confusion-matrix": [[2746, 249], [663, 342]]}, "4": {"report": {"False": {"precision": 0.8036130536130536, "recall": 0.9156706507304117, "f1-score": 0.855990068280571, "support": 3012}, "True": {"precision": 0.5528169014084507, "recall": 0.31781376518218624, "f1-score": 0.4035989717223651, "support": 988}, "accuracy": 0.768, "macro avg": {"precision": 0.6782149775107522, "recall": 0.616742207956299, "f1-score": 0.6297945200014681, "support": 4000}, "weighted avg": {"precision": 0.7416664040185167, "recall": 0.768, "f1-score": 0.7442494674306942, "support": 4000}}, "confusion-matrix": [[2758, 254], [674, 314]]}, "5": {"report": {"False": {"precision": 0.8037300177619894, "recall": 0.9007962840079629, "f1-score": 0.8494993742177723, "support": 3014}, "True": {"precision": 0.5192926045016077, "recall": 0.3275862068965517, "f1-score": 0.40174129353233834, "support": 986}, "accuracy": 0.7595, "macro avg": {"precision": 0.6615113111317985, "recall": 0.6141912454522573, "f1-score": 0.6256203338750553, "support": 4000}, "weighted avg": {"precision": 0.7336161953933054, "recall": 0.7595, "f1-score": 0.7391270073288129, "support": 4000}}, "confusion-matrix": [[2715, 299], [663, 323]]}, "6": {"report": {"False": {"precision": 0.8027630805408583, "recall": 0.9058043117744611, "f1-score": 0.8511765622565062, "support": 3015}, "True": {"precision": 0.5250836120401338, "recall": 0.3187817258883249, "f1-score": 0.3967150979153506, "support": 985}, "accuracy": 0.76125, "macro avg": {"precision": 0.6639233462904961, "recall": 0.612293018831393, "f1-score": 0.6239458300859284, "support": 4000}, "weighted avg": {"precision": 0.734384511422555, "recall": 0.76125, "f1-score": 0.7392654266624966, "support": 4000}}, "confusion-matrix": [[2731, 284], [671, 314]]}, "7": {"report": {"False": {"precision": 0.796530432225816, "recall": 0.9108944182918628, "f1-score": 0.8498823529411764, "support": 2974}, "True": {"precision": 0.5575959933222037, "recall": 0.3255360623781676, "f1-score": 0.41107692307692306, "support": 1026}, "accuracy": 0.76075, "macro avg": {"precision": 0.6770632127740098, "recall": 0.6182152403350152, "f1-score": 0.6304796380090497, "support": 4000}, "weighted avg": {"precision": 0.7352437486470395, "recall": 0.76075, "f1-score": 0.7373287601809955, "support": 4000}}, "confusion-matrix": [[2709, 265], [692, 334]]}, "8": {"report": {"False": {"precision": 0.7916174734356553, "recall": 0.9003021148036254, "f1-score": 0.8424689806816397, "support": 2979}, "True": {"precision": 0.5147058823529411, "recall": 0.30852105778648387, "f1-score": 0.38579301898346596, "support": 1021}, "accuracy": 0.74925, "macro avg": {"precision": 0.6531616778942981, "recall": 0.6044115862950546, "f1-score": 0.6141309998325528, "support": 4000}, "weighted avg": {"precision": 0.7209357898117926, "recall": 0.74925, "f1-score": 0.7259024414581807, "support": 4000}}, "confusion-matrix": [[2682, 297], [706, 315]]}, "9": {"report": {"False": {"precision": 0.8020035356511491, "recall": 0.9043189368770764, "f1-score": 0.8500936914428482, "support": 3010}, "True": {"precision": 0.5247524752475248, "recall": 0.3212121212121212, "f1-score": 0.3984962406015038, "support": 990}, "accuracy": 0.76, "macro avg": {"precision": 0.663378005449337, "recall": 0.6127655290445988, "f1-score": 0.6242949660221759, "support": 4000}, "weighted avg": {"precision": 0.7333838982012522, "recall": 0.76, "f1-score": 0.7383233223596154, "support": 4000}}, "confusion-matrix": [[2722, 288], [672, 318]]}, "10": {"report": {"False": {"precision": 0.7997032640949555, "recall": 0.8968386023294509, "f1-score": 0.8454901960784315, "support": 3005}, "True": {"precision": 0.5079365079365079, "recall": 0.32160804020100503, "f1-score": 0.3938461538461538, "support": 995}, "accuracy": 0.75375, "macro avg": {"precision": 0.6538198860157317, "recall": 0.6092233212652279, "f1-score": 0.6196681749622927, "support": 4000}, "weighted avg": {"precision": 0.7271262835005418, "recall": 0.75375, "f1-score": 0.7331437405731523, "support": 4000}}, "confusion-matrix": [[2695, 310], [675, 320]]}}, "overall": {"report": {"False": {"precision": 0.7996862247097452, "recall": 0.9060993286835709, "f1-score": 0.8495628322021693, "support": 30000.0}, "True": {"precision": 0.5314161428725861, "recall": 0.3190784083533218, "f1-score": 0.39861818997614784, "support": 10000.0}, "macro avg": {"precision": 0.6655511837911654, "recall": 0.6125888685184463, "f1-score": 0.6240905110891586, "support": 40000.0}, "weighted avg": {"precision": 0.7326489096580451, "recall": 0.7593500000000001, "f1-score": 0.7368426075443597, "support": 40000.0}, "accuracy": 0.7593500000000001}, "confusion-matrix": [[27183.0, 2817.0], [6809.0, 3191.0]]}}