{"features": "pp-pos-emot", "classifier": "MultinomialNB", "folds": {"1": {"report": {"False": {"precision": 0.8530935690338312, "recall": 0.9370605959156344, "f1-score": 0.8931078493937461, "support": 2987}, "True": {"precision": 0.7385257301808067, "recall": 0.5241855873642646, "f1-score": 0.6131639722863741, "support": 1013}, "accuracy": 0.8325, "macro avg": {"precision": 0.7958096496073189, "recall": 0.7306230916399494, "f1-score": 0.7531359108400602, "support": 4000}, "weighted avg": {"precision": 0.8240792638443026, "recall": 0.8325, "f1-score": 0.8222120625163041, "support": 4000}}, "confusion-matrix": [[2799, 188], [482, 531]]}, "2": {"report": {"False": {"precision": 0.854780517137703, "recall": 0.944832170156198, "f1-score": 0.8975532754538278, "support": 3009}, "True": {"precision": 0.7537091988130564, "recall": 0.5126135216952573, "f1-score": 0.6102102102102103, "support": 991}, "accuracy": 0.83775, "macro avg": {"precision": 0.8042448579753797, "recall": 0.7287228459257277, "f1-score": 0.753881742832019, "support": 4000}, "weighted avg": {"precision": 0.8297400980227717, "recall": 0.83775, "f1-score": 0.8263640310397216, "support": 4000}}, "confusion-matrix": [[2843, 166], [483, 508]]}, "3": {"report": {"False": {"precision": 0.8580451127819548, "recall": 0.9525876460767947, "f1-score": 0.9028481012658227, "support": 2995}, "True": {"precision": 0.7896296296296297, "recall": 0.5303482587064676, "f1-score": 0.6345238095238096, "support": 1005}, "accuracy": 0.8465, "macro avg": {"precision": 0.8238373712057923, "recall": 0.7414679523916312, "f1-score": 0.7686859553948162, "support": 4000}, "weighted avg": {"precision": 0.8408557226399332, "recall": 0.8465, "f1-score": 0.835431622965642, "support": 4000}}, "confusion-matrix": [[2853, 142], [472, 533]]}, "4": {"report": {"False": {"precision": 0.8586891160553217, "recall": 0.9482071713147411, "f1-score": 0.9012306721363206, "support": 3012}, "True": {"precision": 0.7685459940652819, "recall": 0.5242914979757085, "f1-score": 0.6233453670276775, "support": 988}, "accuracy": 0.8435, "macro avg": {"precision": 0.8136175550603018, "recall": 0.7362493346452248, "f1-score": 0.762288019581999, "support": 4000}, "weighted avg": {"precision": 0.836423764923782, "recall": 0.8435, "f1-score": 0.8325930017744857, "support": 4000}}, "confusion-matrix": [[2856, 156], [470, 518]]}, "5": {"report": {"False": {"precision": 0.859304084720121, "recall": 0.9422694094226941, "f1-score": 0.8988764044943821, "support": 3014}, "True": {"precision": 0.7496402877697842, "recall": 0.5283975659229209, "f1-score": 0.6198691255205235, "support": 986}, "accuracy": 0.84025, "macro avg": {"precision": 0.8044721862449526, "recall": 0.7353334876728075, "f1-score": 0.7593727650074529, "support": 4000}, "weighted avg": {"precision": 0.832271958771863, "recall": 0.84025, "f1-score": 0.830101110227326, "support": 4000}}, "confusion-matrix": [[2840, 174], [465, 521]]}, "6": {"report": {"False": {"precision": 0.8570566948130277, "recall": 0.9426202321724709, "f1-score": 0.8978044542726267, "support": 3015}, "True": {"precision": 0.7470760233918129, "recall": 0.5187817258883248, "f1-score": 0.6123427201917315, "support": 985}, "accuracy": 0.83825, "macro avg": {"precision": 0.8020663591024203, "recall": 0.7307009790303979, "f1-score": 0.7550735872321791, "support": 4000}, "weighted avg": {"precision": 0.8299739544755536, "recall": 0.83825, "f1-score": 0.8275095022552063, "support": 4000}}, "confusion-matrix": [[2842, 173], [474, 511]]}, "7": {"report": {"False": {"precision": 0.8575794621026895, "recall": 0.9435104236718225, "f1-score": 0.8984950368235671, "support": 2974}, "True": {"precision": 0.7692307692307693, "recall": 0.5458089668615984, "f1-score": 0.6385404789053593, "support": 1026}, "accuracy": 0.8415, "macro avg": {"precision": 0.8134051156667295, "recall": 0.7446596952667104, "f1-score": 0.7685177578644632, "support": 4000}, "weighted avg": {"precision": 0.834918022381042, "recall": 0.8415, "f1-score": 0.8318166927175469, "support": 4000}}, "confusion-matrix": [[2806, 168], [466, 560]]}, "8": {"report": {"False": {"precision": 0.8493609251369446, "recall": 0.93689157435381, "f1-score": 0.8909816440542696, "support": 2979}, "True": {"precision": 0.7366946778711485, "recall": 0.515181194906954, "f1-score": 0.6063400576368877, "support": 1021}, "accuracy": 0.82925, "macro avg": {"precision": 0.7930278015040466, "recall": 0.726036384630382, "f1-score": 0.7486608508455787, "support": 4000}, "weighted avg": {"precision": 0.8206028655223502, "recall": 0.82925, "f1-score": 0.8183268791212329, "support": 4000}}, "confusion-matrix": [[2791, 188], [495, 526]]}, "9": {"report": {"False": {"precision": 0.8553421368547419, "recall": 0.946843853820598, "f1-score": 0.8987701040681173, "support": 3010}, "True": {"precision": 0.7604790419161677, "recall": 0.5131313131313131, "f1-score": 0.6127864897466827, "support": 990}, "accuracy": 0.8395, "macro avg": {"precision": 0.8079105893854548, "recall": 0.7299875834759555, "f1-score": 0.7557782969074001, "support": 4000}, "weighted avg": {"precision": 0.8318635208574447, "recall": 0.8395, "f1-score": 0.8279891595235622, "support": 4000}}, "confusion-matrix": [[2850, 160], [482, 508]]}, "10": {"report": {"False": {"precision": 0.8592233009708737, "recall": 0.9424292845257903, "f1-score": 0.898904935724488, "support": 3005}, "True": {"precision": 0.7542613636363636, "recall": 0.5336683417085427, "f1-score": 0.6250735726898176, "support": 995}, "accuracy": 0.84075, "macro avg": {"precision": 0.8067423323036187, "recall": 0.7380488131171665, "f1-score": 0.7619892542071528, "support": 4000}, "weighted avg": {"precision": 0.8331140190589145, "recall": 0.84075, "f1-score": 0.8307893841696138, "support": 4000}}, "confusion-matrix": [[2832, 173], [464, 531]]}}, "overall": {"report": {"False": {"precision": 0.856247491960721, "recall": 0.9437252361430554, "f1-score": 0.8978572477687168, "support": 30000.0}, "True": {"precision": 0.756779271650482, "recall": 0.5246407974161352, "f1-score": 0.6196195803739074, "support": 10000.0}, "macro avg": {"precision": 0.8065133818056015, "recall": 0.7341830167795952, "f1-score": 0.7587384140713123, "support": 40000.0}, "weighted avg": {"precision": 0.8313843190497957, "recall": 0.8389750000000001, "f1-score": 0.8283133446310641, "support": 40000.0}, "accuracy": 0.8389750000000001}, "confusion-matrix": [[28312.0, 1688.0], [4753.0, 5247.0]]}}