{
    "overall": {
        "report": {
            "accuracy": 0.776875,
            "False": {
                "precision": 0.9296541444059109,
                "recall": 0.7600333333333333,
                "f1-score": 0.8363043196282891,
                "support": 3000.0
            },
            "True": {
                "precision": 0.5348184320393912,
                "recall": 0.8274000000000001,
                "f1-score": 0.6496401292816183,
                "support": 1000.0
            },
            "weighted avg": {
                "precision": 0.830945216314281,
                "recall": 0.776875,
                "f1-score": 0.7896382720416213,
                "support": 4000.0
            }
        },
        "confusion-matrix": [
            [
                2280.1,
                719.9
            ],
            [
                172.6,
                827.4
            ]
        ]
    },
    "features": "bert-pp-emot",
    "classifier": "BayesianNetworks"
}