{
    "overall": {
        "report": {
            "accuracy": 77.7025,
            "False": {
                "precision": 0.9297095493234719,
                "recall": 0.7601999999999998,
                "f1-score": 0.8364261534072334,
                "support": 3000.0
            },
            "True": {
                "precision": 0.5350217732596041,
                "recall": 0.8274999999999999,
                "f1-score": 0.6498181737097003,
                "support": 1000.0
            },
            "weighted avg": {
                "precision": 0.831037605307505,
                "recall": 0.7770249999999999,
                "f1-score": 0.7897741584828502,
                "support": 4000.0
            }
        },
        "confusion-matrix": [
            [
                2280.6,
                172.5
            ],
            [
                719.4,
                827.5
            ]
        ]
    },
    "features": "bert-pp-pos-emot",
    "classifier": "BayesianNetworks"
}