{
    "overall": {
        "report": {
            "accuracy": 82.1525,
            "False": {
                "precision": 0.8639786375292818,
                "recall": 0.9044666666666669,
                "f1-score": 0.8837401165625116,
                "support": 3000.0
            },
            "True": {
                "precision": 0.6666759820597183,
                "recall": 0.5727,
                "f1-score": 0.6159466268061536,
                "support": 1000.0
            },
            "weighted avg": {
                "precision": 0.8146529736618909,
                "recall": 0.8215250000000001,
                "f1-score": 0.8167917441234221,
                "support": 4000.0
            }
        },
        "confusion-matrix": [
            [
                2713.4,
                427.3
            ],
            [
                286.6,
                572.7
            ]
        ]
    },
    "features": "bow",
    "classifier": "BayesianNetworks"
}