{
    "overall": {
        "report": {
            "accuracy": 0.819675,
            "False": {
                "precision": 0.8768403473286073,
                "recall": 0.8836999999999999,
                "f1-score": 0.8802456194084886,
                "support": 3000.0
            },
            "True": {
                "precision": 0.6428754946680565,
                "recall": 0.6275999999999999,
                "f1-score": 0.63506714489241,
                "support": 1000.0
            },
            "weighted avg": {
                "precision": 0.8183491341634695,
                "recall": 0.8196749999999999,
                "f1-score": 0.8189510007794689,
                "support": 4000.0
            }
        },
        "confusion-matrix": [
            [
                2651.1,
                348.9
            ],
            [
                372.4,
                627.6
            ]
        ]
    },
    "features": "bow-pos",
    "classifier": "BayesianNetworks"
}