{
    "overall": {
        "report": {
            "accuracy": 90.22749999999999,
            "False": {
                "precision": 0.9380855181105199,
                "recall": 0.9311666666666669,
                "f1-score": 0.9346064418579663,
                "support": 3000.0
            },
            "True": {
                "precision": 0.7980794083012427,
                "recall": 0.8156000000000001,
                "f1-score": 0.8066936585324738,
                "support": 1000.0
            },
            "weighted avg": {
                "precision": 0.9030839906582004,
                "recall": 0.9022750000000002,
                "f1-score": 0.9026282460265932,
                "support": 4000.0
            }
        },
        "confusion-matrix": [
            [
                2793.5,
                184.4
            ],
            [
                206.5,
                815.6
            ]
        ]
    },
    "features": "bow-pp-emot",
    "classifier": "BayesianNetworks"
}