{
    "overall": {
        "report": {
            "accuracy": 0.883,
            "False": {
                "precision": 0.9189423457589331,
                "recall": 0.9257,
                "f1-score": 0.9222965470022725,
                "support": 3000.0
            },
            "True": {
                "precision": 0.7719870276228933,
                "recall": 0.7549000000000001,
                "f1-score": 0.7632490873722365,
                "support": 1000.0
            },
            "weighted avg": {
                "precision": 0.8822035162249232,
                "recall": 0.883,
                "f1-score": 0.8825346820947635,
                "support": 4000.0
            }
        },
        "confusion-matrix": [
            [
                2777.1,
                222.9
            ],
            [
                245.1,
                754.9
            ]
        ]
    },
    "features": "bow-pp-pos",
    "classifier": "BayesianNetworks"
}