{
    "overall": {
        "report": {
            "accuracy": 90.4375,
            "False": {
                "precision": 0.937270547950257,
                "recall": 0.9350999999999997,
                "f1-score": 0.9361746167677957,
                "support": 3000.0
            },
            "True": {
                "precision": 0.806771184881075,
                "recall": 0.8122000000000001,
                "f1-score": 0.8094030378364346,
                "support": 1000.0
            },
            "weighted avg": {
                "precision": 0.9046457071829614,
                "recall": 0.9043749999999999,
                "f1-score": 0.9044817220349554,
                "support": 4000.0
            }
        },
        "confusion-matrix": [
            [
                2805.3,
                187.8
            ],
            [
                194.7,
                812.2
            ]
        ]
    },
    "features": "bow-pp",
    "classifier": "BayesianNetworks"
}