{
    "overall": {
        "report": {
            "accuracy": 81.525,
            "False": {
                "precision": 0.8758174933237602,
                "recall": 0.8782,
                "f1-score": 0.8769943829381397,
                "support": 3000.0
            },
            "True": {
                "precision": 0.6317487102816678,
                "recall": 0.6264000000000001,
                "f1-score": 0.6289771387626845,
                "support": 1000.0
            },
            "weighted avg": {
                "precision": 0.8148002975632371,
                "recall": 0.81525,
                "f1-score": 0.814990071894276,
                "support": 4000.0
            }
        },
        "confusion-matrix": [
            [
                2634.6,
                373.6
            ],
            [
                365.4,
                626.4
            ]
        ]
    },
    "features": "bow-pos-emot",
    "classifier": "BayesianNetworks"
}