{
    "overall": {
        "report": {
            "accuracy": 0.8776,
            "False": {
                "precision": 0.917003222005205,
                "recall": 0.9201333333333332,
                "f1-score": 0.9185485856895182,
                "support": 3000.0
            },
            "True": {
                "precision": 0.7579030478220751,
                "recall": 0.75,
                "f1-score": 0.7537955292324972,
                "support": 1000.0
            },
            "weighted avg": {
                "precision": 0.8772281784594226,
                "recall": 0.8775999999999999,
                "f1-score": 0.877360321575263,
                "support": 4000.0
            }
        },
        "confusion-matrix": [
            [
                2760.4,
                239.6
            ],
            [
                250.0,
                750.0
            ]
        ]
    },
    "features": "bow-pp-pos-emot",
    "classifier": "BayesianNetworks"
}