{
    "overall": {
        "report": {
            "accuracy": 74.92749999999998,
            "False": {
                "precision": 0.8115385229029896,
                "recall": 0.8670666666666664,
                "f1-score": 0.8383774990785626,
                "support": 3000.0
            },
            "True": {
                "precision": 0.4982146896096039,
                "recall": 0.3959,
                "f1-score": 0.44114565808589107,
                "support": 1000.0
            },
            "weighted avg": {
                "precision": 0.7332075645796431,
                "recall": 0.7492749999999999,
                "f1-score": 0.7390695388303947,
                "support": 4000.0
            }
        },
        "confusion-matrix": [
            [
                2601.2,
                604.1
            ],
            [
                398.8,
                395.9
            ]
        ]
    },
    "features": "pos",
    "classifier": "BayesianNetworks"
}