{
    "overall": {
        "report": {
            "accuracy": 0.874475,
            "False": {
                "precision": 0.9179128163226241,
                "recall": 0.9144333333333334,
                "f1-score": 0.9161611874522684,
                "support": 3000.0
            },
            "True": {
                "precision": 0.7461928478203691,
                "recall": 0.7546000000000002,
                "f1-score": 0.7503104180606257,
                "support": 1000.0
            },
            "weighted avg": {
                "precision": 0.8749828241970604,
                "recall": 0.874475,
                "f1-score": 0.8746984951043577,
                "support": 4000.0
            }
        },
        "confusion-matrix": [
            [
                2743.3,
                256.7
            ],
            [
                245.4,
                754.6
            ]
        ]
    },
    "features": "pp-emot",
    "classifier": "BayesianNetworks"
}