{
    "overall": {
        "report": {
            "accuracy": 0.7811750000000001,
            "False": {
                "precision": 0.9111415924472844,
                "recall": 0.7848000000000002,
                "f1-score": 0.8432472126037543,
                "support": 3000.0
            },
            "True": {
                "precision": 0.5440577497896737,
                "recall": 0.7703,
                "f1-score": 0.6376638055912064,
                "support": 1000.0
            },
            "weighted avg": {
                "precision": 0.8193706317828818,
                "recall": 0.7811750000000001,
                "f1-score": 0.7918513608506174,
                "support": 4000.0
            }
        },
        "confusion-matrix": [
            [
                2354.4,
                645.6
            ],
            [
                229.7,
                770.3
            ]
        ]
    },
    "features": "sbert-emot",
    "classifier": "BayesianNetworks"
}