{
    "overall": {
        "report": {
            "accuracy": 78.8225,
            "False": {
                "precision": 0.9152889270900946,
                "recall": 0.7908666666666666,
                "f1-score": 0.8485211529143158,
                "support": 3000.0
            },
            "True": {
                "precision": 0.5543212186525794,
                "recall": 0.7803000000000001,
                "f1-score": 0.6481288315218158,
                "support": 1000.0
            },
            "weighted avg": {
                "precision": 0.8250469999807157,
                "recall": 0.7882250000000001,
                "f1-score": 0.7984230725661908,
                "support": 4000.0
            }
        },
        "confusion-matrix": [
            [
                2372.6,
                219.7
            ],
            [
                627.4,
                780.3
            ]
        ]
    },
    "features": "sbert-pp-pos",
    "classifier": "BayesianNetworks"
}