{
    "overall": {
        "report": {
            "accuracy": 0.786525,
            "False": {
                "precision": 0.9139774164274218,
                "recall": 0.7897333333333332,
                "f1-score": 0.8473061094548198,
                "support": 3000.0
            },
            "True": {
                "precision": 0.5518985059992805,
                "recall": 0.7768999999999999,
                "f1-score": 0.6453018486247416,
                "support": 1000.0
            },
            "weighted avg": {
                "precision": 0.8234576888203865,
                "recall": 0.7865249999999999,
                "f1-score": 0.7968050442473003,
                "support": 4000.0
            }
        },
        "confusion-matrix": [
            [
                2369.2,
                630.8
            ],
            [
                223.1,
                776.9
            ]
        ]
    },
    "features": "sbert-pp",
    "classifier": "BayesianNetworks"
}